date,source,qqq,tqqq,vix,ma50,ma100,ma200,ma200_rising,vs_ma50_pct,vs_ma100_pct,vs_ma200_pct,vix_pctile_2y,tqqq_rvol20,tqqq_rvol60,qqq_dd_1y,tqqq_dd_1y,direction_ok,target_weight,rc_signal,rc_trend_count,rc_direction,rc_n_days,rc_asof,rc_qqq_cum,rc_lev_cum,cross_agree,n_blocking,n_warnings,collected_at
2016-07-21,reconstructed,113.18,2.332917,12.74,108.5622,108.1572,108.14295,True,4.253599,4.643981,4.65777,2.272727,0.659193,0.479506,-1.71935,-10.3873,True,0.531,,,,,,,,,,,2026-08-21T03:22:00Z
2016-07-22,reconstructed,113.650002,2.36,12.02,108.708,108.2358,108.1862,True,4.546125,5.002228,5.050368,1.357466,0.64719,0.476692,-1.311221,-9.346983,True,0.5408,,,,,,,,,,,2026-08-21T03:22:00Z
2016-07-25,reconstructed,113.660004,2.362083,12.87,108.8634,108.3141,108.22635,True,4.406075,4.935556,5.020638,3.603604,0.433233,0.469957,-1.302536,-9.266968,True,0.8079,,,,,,,,,,,2026-08-21T03:22:00Z
2016-07-26,reconstructed,113.790001,2.37,13.05,109.0292,108.3957,108.26505,True,4.366537,4.976489,5.103171,4.484305,0.345285,0.4682,-1.189652,-8.962861,True,1.0,,,,,,,,,,,2026-08-21T03:22:00Z
2016-07-27,reconstructed,114.580002,2.41625,12.83,109.1844,108.4848,108.3053,True,4.941733,5.618484,5.793531,3.571429,0.298819,0.466984,-0.503649,-7.186288,True,1.0,,,,,,,,,,,2026-08-21T03:22:00Z
2016-07-28,reconstructed,114.980003,2.4425,12.72,109.3744,108.5844,108.34625,True,5.125151,5.889983,6.122734,2.666667,0.262776,0.462872,-0.156305,-6.17796,True,1.0,,,,,,,,,,,2026-08-21T03:22:00Z
2016-07-29,reconstructed,115.230003,2.458542,11.87,109.5618,108.695201,108.3919,True,5.173521,6.012044,6.308685,0.884956,0.246633,0.46014,0.0,-5.561751,True,1.0,,,,,,,,,,,2026-08-21T03:22:00Z
2016-08-01,reconstructed,115.839996,2.497083,12.44,109.7724,108.8054,108.44145,True,5.527433,6.4653,6.822618,2.643172,0.247091,0.460533,0.0,-4.081308,True,1.0,,,,,,,,,,,2026-08-21T03:22:00Z
2016-08-02,reconstructed,114.959999,2.440833,13.37,109.9422,108.9084,108.4779,True,4.564033,5.556595,5.975502,9.649123,0.254821,0.463547,-0.759666,-6.241995,True,1.0,,,,,,,,,,,2026-08-21T03:22:00Z
2016-08-03,reconstructed,115.339996,2.463958,12.86,110.1224,108.9969,108.514,True,4.737997,5.81952,6.290429,5.240175,0.249864,0.463576,-0.43163,-5.353713,True,1.0,,,,,,,,,,,2026-08-21T03:22:00Z
2016-08-04,reconstructed,115.669998,2.486042,12.42,110.2666,109.0869,108.54865,True,4.900303,6.034728,6.560513,2.173913,0.249871,0.457079,-0.146753,-4.505416,True,1.0,,,,,,,,,,,2026-08-21T03:22:00Z
2016-08-05,reconstructed,116.779999,2.557917,11.39,110.4174,109.1884,108.59165,True,5.762315,6.952752,7.540496,0.4329,0.222105,0.455182,0.0,-1.744528,True,1.0,,,,,,,,,,,2026-08-21T03:22:00Z
2016-08-08,reconstructed,116.650002,2.549792,11.5,110.5592,109.2791,108.6373,True,5.509086,6.745024,7.375645,0.862069,0.223466,0.453797,-0.111318,-2.056631,True,1.0,,,,,,,,,,,2026-08-21T03:22:00Z
2016-08-09,reconstructed,116.919998,2.566667,11.66,110.695,109.3731,108.67335,True,5.623558,6.900141,7.588473,1.287554,0.221378,0.452397,0.0,-1.408422,True,1.0,,,,,,,,,,,2026-08-21T03:22:00Z
2016-08-10,reconstructed,116.620003,2.546875,12.05,110.8206,109.4656,108.69255,True,5.233145,6.535754,7.293464,3.418803,0.221991,0.447815,-0.256582,-2.168681,True,1.0,,,,,,,,,,,2026-08-21T03:22:00Z
2016-08-11,reconstructed,117.120003,2.579792,11.68,110.956001,109.5589,108.7139,True,5.555357,6.901404,7.732316,1.702128,0.217659,0.439046,0.0,-0.904263,True,1.0,,,,,,,,,,,2026-08-21T03:22:00Z
2016-08-12,reconstructed,117.199997,2.584583,11.55,111.0884,109.6497,108.7345,True,5.501561,6.885834,7.785474,1.271186,0.213622,0.438931,0.0,-0.720229,True,1.0,,,,,,,,,,,2026-08-21T03:22:00Z
2016-08-15,reconstructed,117.699997,2.617083,11.81,111.2412,109.7544,108.7529,True,5.806119,7.239433,8.226996,2.953586,0.209312,0.436958,0.0,0.0,True,1.0,,,,,,,,,,,2026-08-21T03:22:00Z
2016-08-16,reconstructed,117.050003,2.575833,12.64,111.373,109.8523,108.76895,True,5.097288,6.552164,7.613434,6.302521,0.215932,0.435292,-0.552246,-1.576182,True,1.0,,,,,,,,,,,2026-08-21T03:22:00Z
2016-08-17,reconstructed,117.260002,2.587917,12.19,111.514601,109.9538,108.7886,True,5.152152,6.644792,7.787031,5.020921,0.18931,0.43481,-0.373827,-1.114446,True,1.0,,,,,,,,,,,2026-08-21T03:22:00Z
2016-08-18,reconstructed,117.290001,2.590417,11.43,111.653,110.0384,108.802,True,5.048678,6.590064,7.801328,0.833333,0.185577,0.418846,-0.34834,-1.018927,True,1.0,,,,,,,,,,,2026-08-21T03:22:00Z
2016-08-19,reconstructed,117.260002,2.586875,11.34,111.7944,110.1174,108.81325,True,4.888976,6.486352,7.762613,0.414938,0.185455,0.4174,-0.373827,-1.154266,True,1.0,,,,,,,,,,,2026-08-21T03:22:00Z
2016-08-22,reconstructed,117.349998,2.589375,12.27,111.9626,110.1989,108.8249,True,4.811784,6.489264,7.833775,6.198347,0.185433,0.417323,-0.297365,-1.058738,True,1.0,,,,,,,,,,,2026-08-21T03:22:00Z
2016-08-23,reconstructed,117.559998,2.604792,12.38,112.1532,110.2709,108.83915,True,4.820903,6.610173,8.012601,6.584362,0.185417,0.416672,-0.118946,-0.469643,True,1.0,,,,,,,,,,,2026-08-21T03:22:00Z
2016-08-24,reconstructed,116.800003,2.554583,13.45,112.3286,110.3395,108.8492,True,3.980645,5.855113,7.30442,15.983607,0.19544,0.419223,-0.764651,-2.388155,True,1.0,,,,,,,,,,,2026-08-21T03:22:00Z
2016-08-25,reconstructed,116.610001,2.5425,13.63,112.5064,110.4168,108.8644,True,3.647437,5.608929,7.114907,19.183673,0.194807,0.419491,-0.92608,-2.849854,True,1.0,,,,,,,,,,,2026-08-21T03:22:00Z
2016-08-26,reconstructed,116.779999,2.554792,13.65,112.6812,110.4779,108.8819,True,3.637517,5.704397,7.253821,19.918699,0.194374,0.419472,-0.781647,-2.380175,True,1.0,,,,,,,,,,,2026-08-21T03:22:00Z
2016-08-29,reconstructed,116.940002,2.561875,12.94,112.890201,110.5565,108.9009,True,3.587381,5.773973,7.382035,11.336032,0.187605,0.41804,-0.645705,-2.109523,True,1.0,,,,,,,,,,,2026-08-21T03:22:00Z
2016-08-30,reconstructed,116.559998,2.53875,13.12,113.0782,110.6321,108.9235,True,3.079106,5.358207,7.010881,13.306452,0.170125,0.418482,-0.968564,-2.993147,True,1.0,,,,,,,,,,,2026-08-21T03:22:00Z
2016-08-31,reconstructed,116.440002,2.532083,13.42,113.257,110.7105,108.9565,True,2.810424,5.175211,6.868339,16.064257,0.16851,0.418132,-1.070514,-3.247892,True,1.0,,,,,,,,,,,2026-08-21T03:22:00Z
2016-09-01,reconstructed,116.739998,2.543333,13.48,113.447,110.7828,108.9831,True,2.902675,5.377367,7.117523,17.6,0.166579,0.418132,-0.815632,-2.818024,True,1.0,,,,,,,,,,,2026-08-21T03:22:00Z
2016-09-02,reconstructed,117.120003,2.573125,11.98,113.614001,110.8449,109.01125,True,3.085889,5.661156,7.438455,4.780876,0.137221,0.418227,-0.492773,-1.679663,True,1.0,,,,,,,,,,,2026-08-21T03:22:00Z
2016-09-06,reconstructed,117.849998,2.620833,12.02,113.885201,110.9142,109.03235,True,3.481399,6.2533,8.087185,5.555556,0.150835,0.41222,0.0,0.0,True,1.0,,,,,,,,,,,2026-08-21T03:22:00Z
2016-09-07,reconstructed,117.919998,2.625625,11.94,114.1992,110.987,109.0534,True,3.258164,6.246676,8.13051,4.347826,0.149598,0.407573,0.0,0.0,True,1.0,,,,,,,,,,,2026-08-21T03:22:00Z
2016-09-08,reconstructed,117.230003,2.580625,12.51,114.454601,111.047,109.06715,True,2.424894,5.567915,7.484245,9.055118,0.160382,0.409917,-0.585138,-1.713872,True,1.0,,,,,,,,,,,2026-08-21T03:22:00Z
2016-09-09,reconstructed,114.279999,2.385,17.5,114.614001,111.0843,109.0678,True,-0.291414,2.876823,4.778861,63.137255,0.310107,0.440837,-3.086838,-9.164481,True,1.0,,,,,,,,,,,2026-08-21T03:22:00Z
2016-09-12,reconstructed,116.330002,2.507292,15.16,114.789801,111.1412,109.0792,True,1.341758,4.668657,6.647282,41.796875,0.366416,0.451695,-1.348369,-4.506846,True,0.9552,,,,,,,,,,,2026-08-21T03:22:00Z
2016-09-13,reconstructed,115.290001,2.448125,17.85,114.934001,111.1876,109.0849,True,0.309743,3.689621,5.688322,64.59144,0.370775,0.448376,-2.230323,-6.760296,True,0.944,,,,,,,,,,,2026-08-21T03:22:00Z
2016-09-14,reconstructed,115.839996,2.479583,18.139999,115.102401,111.2562,109.09255,True,0.640817,4.120037,6.185066,66.27907,0.371691,0.447816,-1.763909,-5.562176,True,0.9416,,,,,,,,,,,2026-08-21T03:22:00Z
2016-09-15,reconstructed,117.639999,2.594583,16.299999,115.2892,111.3428,109.11065,True,2.039045,5.655686,7.817155,54.826255,0.408716,0.456044,-0.237448,-1.182266,True,0.8563,,,,,,,,,,,2026-08-21T03:22:00Z
2016-09-16,reconstructed,117.290001,2.591667,15.37,115.4626,111.4312,109.1213,True,1.582677,5.257774,7.48589,44.230769,0.408748,0.455622,-0.534258,-1.293329,True,0.8563,,,,,,,,,,,2026-08-21T03:22:00Z
2016-09-19,reconstructed,116.779999,2.557708,15.53,115.5922,111.5232,109.13295,True,1.027577,4.713637,7.007094,45.977011,0.411513,0.450235,-0.966757,-2.586694,True,0.8505,,,,,,,,,,,2026-08-21T03:22:00Z
2016-09-20,reconstructed,117.0,2.571875,15.92,115.7136,111.6304,109.1554,True,1.11171,4.810159,7.186635,51.145038,0.412011,0.365427,-0.780188,-2.047124,True,0.8495,,,,,,,,,,,2026-08-21T03:22:00Z
2016-09-21,reconstructed,118.150002,2.646667,13.3,115.8468,111.7547,109.17045,True,1.988144,5.722624,8.225258,15.969582,0.424445,0.343151,0.0,0.0,True,0.8246,,,,,,,,,,,2026-08-21T03:22:00Z
2016-09-22,reconstructed,119.089996,2.708542,12.02,116.0042,111.8784,109.1928,True,2.660073,6.445924,9.063964,6.060606,0.424237,0.325055,0.0,0.0,True,0.825,,,,,,,,,,,2026-08-21T03:22:00Z
2016-09-23,reconstructed,118.330002,2.659792,12.29,116.1312,112.0044,109.2113,True,1.893377,5.647637,8.349595,7.54717,0.43013,0.314883,-0.638168,-1.799867,True,0.8137,,,,,,,,,,,2026-08-21T03:22:00Z
2016-09-26,reconstructed,117.339996,2.59375,14.5,116.242,112.1273,109.23355,True,0.944578,4.648909,7.421205,32.706767,0.440851,0.314236,-1.469477,-4.238151,True,0.7939,,,,,,,,,,,2026-08-21T03:22:00Z
2016-09-27,reconstructed,118.5,2.667292,13.1,116.3612,112.2621,109.25905,True,1.83807,5.55655,8.457835,14.23221,0.451344,0.31749,-0.495421,-1.522959,True,0.7755,,,,,,,,,,,2026-08-21T03:22:00Z
2016-09-28,reconstructed,118.699997,2.681875,12.39,116.4926,112.3933,109.2986,True,1.894882,5.611275,8.601571,8.208955,0.449403,0.314026,-0.327483,-0.984556,True,0.7788,,,,,,,,,,,2026-08-21T03:22:00Z
2016-09-29,reconstructed,117.839996,2.625,14.02,116.5806,112.5129,109.32965,True,1.08028,4.734654,7.784115,27.137546,0.45733,0.316186,-1.049626,-3.084394,True,0.7653,,,,,,,,,,,2026-08-21T03:22:00Z
2016-09-30,reconstructed,118.720001,2.678958,13.29,116.6914,112.6268,109.3617,True,1.738433,5.410081,8.557201,17.037037,0.46193,0.317763,-0.310685,-1.092254,True,0.7577,,,,,,,,,,,2026-08-21T03:22:00Z
2016-10-03,reconstructed,118.550003,2.672917,13.57,116.7894,112.7487,109.38455,True,1.507502,5.145339,8.379111,21.402214,0.461099,0.305922,-0.453433,-1.315291,True,0.7591,,,,,,,,,,,2026-08-21T03:22:00Z
2016-10-04,reconstructed,118.370003,2.657708,13.63,116.8836,112.8735,109.4148,True,1.271695,4.869613,8.184635,23.161765,0.457796,0.305242,-0.604579,-1.87681,True,0.7645,,,,,,,,,,,2026-08-21T03:22:00Z
2016-10-05,reconstructed,118.790001,2.685417,12.99,116.9836,113.0064,109.4596,True,1.544149,5.117941,8.524059,13.186813,0.458994,0.304514,-0.251906,-0.853787,True,0.7625,,,,,,,,,,,2026-08-21T03:22:00Z
2016-10-06,reconstructed,118.730003,2.68125,12.84,117.0666,113.1255,109.498,True,1.420903,4.954235,8.431207,12.043796,0.453893,0.303933,-0.302286,-1.007627,True,0.7711,,,,,,,,,,,2026-08-21T03:22:00Z
2016-10-07,reconstructed,118.470001,2.66375,13.48,117.1364,113.2554,109.53145,True,1.138503,4.604285,8.160716,20.727273,0.350635,0.302516,-0.520611,-1.653737,True,0.9982,,,,,,,,,,,2026-08-21T03:22:00Z
2016-10-10,reconstructed,119.220001,2.711458,13.38,117.2162,113.389,109.5645,True,1.709492,5.142475,8.812618,18.84058,0.310962,0.303521,0.0,0.0,True,1.0,,,,,,,,,,,2026-08-21T03:22:00Z
2016-10-11,reconstructed,117.519997,2.599375,15.36,117.2498,113.5111,109.58915,True,0.230445,3.531722,7.23689,46.570397,0.33719,0.314948,-1.425939,-4.133679,True,1.0,,,,,,,,,,,2026-08-21T03:22:00Z
2016-10-12,reconstructed,117.419998,2.593958,15.91,117.299,113.6206,109.6136,True,0.103154,3.343934,7.121742,53.597122,0.335694,0.313984,-1.509816,-4.333464,True,1.0,,,,,,,,,,,2026-08-21T03:22:00Z
2016-10-13,reconstructed,117.0,2.563542,16.690001,117.3322,113.7273,109.6271,True,-0.283128,2.877673,6.725435,59.856631,0.295892,0.308167,-1.862105,-5.455223,True,1.0,,,,,,,,,,,2026-08-21T03:22:00Z
2016-10-14,reconstructed,117.139999,2.569375,16.120001,117.3616,113.8141,109.64645,True,-0.188819,2.922221,6.834283,56.071429,0.296033,0.30776,-1.744675,-5.240093,True,1.0,,,,,,,,,,,2026-08-21T03:22:00Z
2016-10-17,reconstructed,116.82,2.551667,16.209999,117.3624,113.8899,109.67125,True,-0.462159,2.572748,6.518344,57.295374,0.293269,0.307576,-2.013086,-5.893176,True,1.0,,,,,,,,,,,2026-08-21T03:22:00Z
2016-10-18,reconstructed,117.860001,2.617083,15.28,117.3866,113.9729,109.71305,True,0.403283,3.410548,7.425689,44.680851,0.306635,0.311526,-1.140749,-3.480596,True,1.0,,,,,,,,,,,2026-08-21T03:22:00Z
2016-10-19,reconstructed,117.849998,2.618125,14.41,117.4052,114.0501,109.75575,True,0.378858,3.33178,7.374783,32.862191,0.288207,0.311526,-1.149138,-3.44217,True,1.0,,,,,,,,,,,2026-08-21T03:22:00Z
2016-10-20,reconstructed,117.709999,2.607083,13.75,117.427,114.1238,109.803,True,0.241,3.142376,7.201077,25.0,0.274342,0.30957,-1.266568,-3.849401,True,1.0,,,,,,,,,,,2026-08-21T03:22:00Z
2016-10-21,reconstructed,118.150002,2.635417,13.34,117.4476,114.2018,109.8694,True,0.598055,3.457215,7.536767,17.54386,0.270799,0.30957,-0.8975,-2.804432,True,1.0,,,,,,,,,,,2026-08-21T03:22:00Z
2016-10-24,reconstructed,119.57,2.731458,13.02,117.495,114.2917,109.9472,True,1.766032,4.61827,8.752201,13.286713,0.284257,0.317627,0.0,0.0,True,1.0,,,,,,,,,,,2026-08-21T03:22:00Z
2016-10-25,reconstructed,119.190002,2.704167,13.46,117.5248,114.383,110.0215,True,1.416894,4.202549,8.333373,20.209059,0.270698,0.317246,-0.317803,-0.999139,True,1.0,,,,,,,,,,,2026-08-21T03:22:00Z
2016-10-26,reconstructed,118.379997,2.652292,14.24,117.5514,114.4622,110.0857,True,0.704881,3.422787,7.5344,32.638889,0.279103,0.316236,-0.995235,-2.898303,True,1.0,,,,,,,,,,,2026-08-21T03:22:00Z
2016-10-27,reconstructed,117.839996,2.615208,15.36,117.563,114.5388,110.1654,True,0.235615,2.882164,6.966431,47.404844,0.273075,0.317387,-1.446854,-4.25597,True,1.0,,,,,,,,,,,2026-08-21T03:22:00Z
2016-10-28,reconstructed,117.099998,2.57,16.190001,117.5592,114.6061,110.23055,True,-0.390613,2.176061,6.231891,58.275862,0.268204,0.319196,-2.065737,-5.911056,True,1.0,,,,,,,,,,,2026-08-21T03:22:00Z
2016-10-31,reconstructed,116.989998,2.555417,17.059999,117.5538,114.6741,110.3113,True,-0.479612,2.019547,6.054409,64.604811,0.268532,0.313992,-2.157733,-6.444942,True,1.0,,,,,,,,,,,2026-08-21T03:22:00Z
2016-11-01,reconstructed,116.110001,2.502917,18.559999,117.529,114.7458,110.38655,True,-1.207361,1.188889,5.184916,72.60274,0.276225,0.316789,-2.893702,-8.366993,True,1.0,,,,,,,,,,,2026-08-21T03:22:00Z
2016-11-02,reconstructed,115.18,2.437708,19.32,117.4814,114.8173,110.4587,True,-1.958948,0.315893,4.274267,74.744027,0.28323,0.320874,-3.671489,-10.754332,True,1.0,,,,,,,,,,,2026-08-21T03:22:00Z
2016-11-03,reconstructed,114.050003,2.3675,22.08,117.4264,114.8775,110.5247,True,-2.87533,-0.72033,3.189606,85.714286,0.295494,0.325729,-4.61654,-13.324675,True,1.0,,,,,,,,,,,2026-08-21T03:22:00Z
2016-11-04,reconstructed,113.650002,2.340625,22.51,117.3672,114.9368,110.5741,True,-3.167153,-1.119571,2.781756,88.474576,0.296095,0.325092,-4.951073,-14.308582,True,1.0,,,,,,,,,,,2026-08-21T03:22:00Z
2016-11-07,reconstructed,116.349998,2.508333,18.709999,117.3586,115.0199,110.6447,True,-0.859418,1.156407,5.156413,72.635135,0.398178,0.357901,-2.692984,-8.168714,True,0.879,,,,,,,,,,,2026-08-21T03:22:00Z
2016-11-08,reconstructed,117.110001,2.5575,18.74,117.362,115.1261,110.7145,True,-0.21472,1.723241,5.77657,72.727273,0.379899,0.359264,-2.057371,-6.368689,True,0.9213,,,,,,,,,,,2026-08-21T03:22:00Z
2016-11-09,reconstructed,117.650002,2.593333,14.38,117.3838,115.231,110.79985,True,0.226779,2.099263,6.182455,32.550336,0.383315,0.358913,-1.605752,-5.056821,True,0.9131,,,,,,,,,,,2026-08-21T03:22:00Z
2016-11-10,reconstructed,115.75,2.47,14.74,117.37,115.3135,110.8686,True,-1.38025,0.378533,4.402869,38.461538,0.417731,0.371958,-3.194781,-9.572101,True,0.8379,,,,,,,,,,,2026-08-21T03:22:00Z
2016-11-11,reconstructed,115.800003,2.467917,14.17,117.3512,115.3991,110.92695,True,-1.321842,0.347406,4.393029,30.666667,0.417501,0.371946,-3.152962,-9.648363,True,0.8383,,,,,,,,,,,2026-08-21T03:22:00Z
2016-11-14,reconstructed,114.629997,2.384583,14.48,117.3014,115.4577,110.97805,True,-2.277383,-0.716888,3.290693,34.883721,0.43257,0.37813,-4.131473,-12.69926,True,0.8091,,,,,,,,,,,2026-08-21T03:22:00Z
2016-11-15,reconstructed,116.220001,2.495,13.37,117.2688,115.577,111.0484,True,-0.894354,0.55634,4.657069,17.880795,0.456308,0.390394,-2.801705,-8.656844,True,0.767,,,,,,,,,,,2026-08-21T03:22:00Z
2016-11-16,reconstructed,116.910004,2.535625,13.72,117.2486,115.7239,111.12465,True,-0.288785,1.024943,5.206184,24.752475,0.460875,0.391675,-2.224635,-7.16954,True,0.7594,,,,,,,,,,,2026-08-21T03:22:00Z
2016-11-17,reconstructed,117.760002,2.594375,13.35,117.2592,115.8569,111.2052,True,0.42709,1.642631,5.89433,17.434211,0.468687,0.39248,-1.513756,-5.018677,True,0.7468,,,,,,,,,,,2026-08-21T03:22:00Z
2016-11-18,reconstructed,117.32,2.565208,12.85,117.32,115.967,111.3012,True,-0.0,1.166711,5.407668,11.147541,0.468562,0.393082,-1.881743,-6.086493,True,0.747,,,,,,,,,,,2026-08-21T03:22:00Z
2016-11-21,reconstructed,118.540001,2.642292,12.42,117.3642,116.077,111.4108,True,1.00184,2.121868,6.399021,7.843137,0.462305,0.397653,-0.861419,-3.264408,True,0.7571,,,,,,,,,,,2026-08-21T03:22:00Z
2016-11-22,reconstructed,118.900002,2.666042,12.41,117.4364,116.1852,111.5237,True,1.246293,2.336615,6.614111,7.491857,0.46246,0.397984,-0.56034,-2.394906,True,0.7568,,,,,,,,,,,2026-08-21T03:22:00Z
2016-11-23,reconstructed,118.419998,2.633958,12.43,117.488,116.2952,111.63235,True,0.793271,1.827073,6.080359,8.441558,0.459276,0.398354,-0.961781,-3.569517,True,0.7621,,,,,,,,,,,2026-08-21T03:22:00Z
2016-11-25,reconstructed,118.800003,2.659375,12.34,117.5112,116.4002,111.7436,True,1.096749,2.061683,6.314816,6.796117,0.457359,0.398682,-0.643971,-2.638993,True,0.7653,,,,,,,,,,,2026-08-21T03:22:00Z
2016-11-28,reconstructed,118.529999,2.644583,13.15,117.536,116.4993,111.84615,True,0.845697,1.743099,5.975931,16.129032,0.452936,0.398853,-0.869784,-3.180534,True,0.7727,,,,,,,,,,,2026-08-21T03:22:00Z
2016-11-29,reconstructed,118.940002,2.67,12.9,117.5792,116.5857,111.9397,True,1.15735,2.019375,6.253637,13.18328,0.452834,0.398635,-0.526886,-2.250003,True,0.7729,,,,,,,,,,,2026-08-21T03:22:00Z
2016-11-30,reconstructed,117.5,2.583542,13.33,117.5892,116.6514,112.0147,True,-0.075857,0.727466,4.896946,18.589744,0.462692,0.402664,-1.731203,-5.415271,True,0.7564,,,,,,,,,,,2026-08-21T03:22:00Z
2016-12-01,reconstructed,115.470001,2.441667,14.07,117.5356,116.6912,112.0854,True,-1.757424,-1.046522,3.019663,30.990415,0.496031,0.418106,-3.428952,-10.609384,True,0.7056,,,,,,,,,,,2026-08-21T03:22:00Z
2016-12-02,reconstructed,115.699997,2.451458,14.12,117.4678,116.736,112.15575,True,-1.504926,-0.887475,3.160111,32.484076,0.48381,0.416835,-3.2366,-10.250935,True,0.7234,,,,,,,,,,,2026-08-21T03:22:00Z
2016-12-05,reconstructed,116.599998,2.508125,12.14,117.4332,116.7822,112.22235,True,-0.709511,-0.156018,3.90087,5.714286,0.486483,0.388882,-2.483902,-8.176325,True,0.7194,,,,,,,,,,,2026-08-21T03:22:00Z
2016-12-06,reconstructed,116.879997,2.52625,11.79,117.424,116.833,112.29885,True,-0.463281,0.040226,4.079425,2.848101,0.416163,0.374847,-2.24973,-7.512767,True,0.841,,,,,,,,,,,2026-08-21T03:22:00Z
2016-12-07,reconstructed,118.360001,2.62,12.22,117.4212,116.8912,112.3779,True,0.799515,1.256554,5.3232,6.624606,0.431091,0.378873,-1.011959,-4.080534,True,0.8119,,,,,,,,,,,2026-08-21T03:22:00Z
2016-12-08,reconstructed,118.57,2.636042,12.64,117.4186,116.9556,112.45295,True,0.980594,1.380353,5.439652,11.006289,0.428974,0.378256,-0.83633,-3.49322,True,0.8159,,,,,,,,,,,2026-08-21T03:22:00Z
2016-12-09,reconstructed,119.5,2.697708,11.75,117.4518,117.0162,112.5333,True,1.743864,2.122612,6.19079,2.507837,0.394645,0.369385,-0.058543,-1.235606,True,0.8869,,,,,,,,,,,2026-08-21T03:22:00Z
2016-12-12,reconstructed,118.959999,2.660208,12.64,117.4566,117.074,112.6156,True,1.279961,1.610946,5.633677,11.5625,0.399772,0.370612,-0.510162,-2.608496,True,0.8755,,,,,,,,,,,2026-08-21T03:22:00Z
2016-12-13,reconstructed,120.459999,2.764167,12.72,117.4948,117.1421,112.68895,True,2.523685,2.832371,6.896017,12.461059,0.391896,0.377672,0.0,0.0,True,0.8931,,,,,,,,,,,2026-08-21T03:22:00Z
2016-12-14,reconstructed,120.209999,2.743958,13.19,117.5316,117.2076,112.76085,True,2.278876,2.561608,6.606148,18.322981,0.367293,0.378013,-0.207538,-0.731109,True,0.9529,,,,,,,,,,,2026-08-21T03:22:00Z
2016-12-15,reconstructed,120.400002,2.760625,12.79,117.5638,117.2737,112.8347,True,2.412479,2.665816,6.704765,13.003096,0.364923,0.373723,-0.049807,-0.128147,True,0.9591,,,,,,,,,,,2026-08-21T03:22:00Z
2016-12-16,reconstructed,119.599998,2.727083,12.2,117.5812,117.3239,112.90435,True,1.71694,1.940013,5.930372,6.790123,0.362501,0.371713,-0.71393,-1.341601,True,0.9655,,,,,,,,,,,2026-08-21T03:22:00Z
2016-12-19,reconstructed,120.089996,2.760417,11.71,117.6136,117.375,112.9797,True,2.105536,2.313096,6.293428,2.461538,0.360052,0.370488,-0.307158,-0.135668,True,0.9721,,,,,,,,,,,2026-08-21T03:22:00Z
2016-12-20,reconstructed,120.550003,2.79375,11.45,117.6402,117.4282,113.0617,True,2.473477,2.658478,6.6232,1.226994,0.348209,0.367253,0.0,0.0,True,1.0,,,,,,,,,,,2026-08-21T03:22:00Z
2016-12-21,reconstructed,120.459999,2.783958,11.27,117.699,117.4744,113.1399,True,2.345814,2.541489,6.469953,0.30581,0.348194,0.363084,-0.074661,-0.3505,True,1.0,,,,,,,,,,,2026-08-21T03:22:00Z
2016-12-22,reconstructed,120.120003,2.759792,11.43,117.753,117.526,113.2172,True,2.010142,2.207174,6.096956,1.52439,0.34655,0.363493,-0.356699,-1.215497,True,1.0,,,,,,,,,,,2026-08-21T03:22:00Z
2016-12-23,reconstructed,120.199997,2.768333,11.44,117.817,117.5746,113.28575,True,2.022626,2.232963,6.103368,1.823708,0.345552,0.360628,-0.290341,-0.909784,True,1.0,,,,,,,,,,,2026-08-21T03:22:00Z
2016-12-27,reconstructed,120.82,2.80875,11.99,117.8906,117.6261,113.3565,True,2.484846,2.715298,6.584095,6.363636,0.346925,0.359463,0.0,0.0,True,1.0,,,,,,,,,,,2026-08-21T03:22:00Z
2016-12-28,reconstructed,119.879997,2.74375,12.95,117.9518,117.6571,113.42275,True,1.634733,1.889301,5.693079,17.522659,0.358249,0.362814,-0.778019,-2.31419,True,0.977,,,,,,,,,,,2026-08-21T03:22:00Z
2016-12-29,reconstructed,119.709999,2.730417,13.37,117.9888,117.6877,113.4834,True,1.458782,1.718361,5.486793,24.39759,0.336264,0.362755,-0.918723,-2.788888,True,1.0,,,,,,,,,,,2026-08-21T03:22:00Z
2016-12-30,reconstructed,118.480003,2.650625,14.04,118.0014,117.7033,113.5382,True,0.405591,0.659882,4.352547,34.234234,0.286238,0.36729,-1.936762,-5.629726,True,1.0,,,,,,,,,,,2026-08-21T03:22:00Z
2017-01-03,reconstructed,119.540001,2.714792,12.85,118.038,117.7325,113.59905,True,1.272472,1.535261,5.229754,16.167665,0.294847,0.370591,-1.059426,-3.345186,True,1.0,,,,,,,,,,,2026-08-21T03:22:00Z
2017-01-04,reconstructed,120.190002,2.761042,11.85,118.0788,117.7632,113.66105,True,1.787961,2.060748,5.74423,5.074627,0.29073,0.371834,-0.521435,-1.698542,True,1.0,,,,,,,,,,,2026-08-21T03:22:00Z
2017-01-05,reconstructed,120.870003,2.81,11.67,118.1048,117.7999,113.7248,True,2.341313,2.606201,6.282889,3.27381,0.29418,0.371799,0.0,0.0,True,1.0,,,,,,,,,,,2026-08-21T03:22:00Z
2017-01-06,reconstructed,121.93,2.88125,11.32,118.1596,117.8422,113.7983,True,3.190939,3.468876,7.145713,0.593472,0.280047,0.364518,0.0,0.0,True,1.0,,,,,,,,,,,2026-08-21T03:22:00Z
2017-01-09,reconstructed,122.330002,2.910417,11.56,118.2386,117.895,113.87365,True,3.460293,3.761823,7.426083,3.254438,0.280636,0.364796,0.0,0.0,True,1.0,,,,,,,,,,,2026-08-21T03:22:00Z
2017-01-10,reconstructed,122.599998,2.927083,11.49,118.3338,117.9484,113.9511,True,3.605224,3.943757,7.590009,2.654867,0.272253,0.363706,0.0,0.0,True,1.0,,,,,,,,,,,2026-08-21T03:22:00Z
2017-01-11,reconstructed,122.93,2.949583,11.26,118.4504,118.0048,114.0216,True,3.781836,4.173729,7.812906,0.294118,0.263842,0.363863,0.0,0.0,True,1.0,,,,,,,,,,,2026-08-21T03:22:00Z
2017-01-12,reconstructed,122.739998,2.934583,11.54,118.5654,118.0596,114.0885,True,3.520924,3.964436,7.583146,3.519062,0.233718,0.363681,-0.154561,-0.50855,True,1.0,,,,,,,,,,,2026-08-21T03:22:00Z
2017-01-13,reconstructed,123.160004,2.968333,11.23,118.7064,118.1177,114.1583,True,3.75178,4.268881,7.885282,0.292398,0.232139,0.360999,0.0,0.0,True,1.0,,,,,,,,,,,2026-08-21T03:22:00Z
2017-01-17,reconstructed,122.790001,2.940417,11.87,118.8586,118.17,114.22045,True,3.307628,3.909622,7.502641,7.580175,0.236795,0.361784,-0.300424,-0.940459,True,1.0,,,,,,,,,,,2026-08-21T03:22:00Z
2017-01-18,reconstructed,123.040001,2.960417,12.48,119.0384,118.2324,114.28595,True,3.361605,4.06623,7.659779,14.534884,0.229886,0.361655,-0.097436,-0.266681,True,1.0,,,,,,,,,,,2026-08-21T03:22:00Z
2017-01-19,reconstructed,122.980003,2.9525,12.78,119.225,118.2961,114.35645,True,3.14951,3.959474,7.540942,17.101449,0.229082,0.361362,-0.146152,-0.533394,True,1.0,,,,,,,,,,,2026-08-21T03:22:00Z
2017-01-20,reconstructed,123.25,2.971667,11.54,119.363,118.3608,114.41935,True,3.256453,4.130759,7.717794,4.046243,0.227149,0.354367,0.0,0.0,True,1.0,,,,,,,,,,,2026-08-21T03:22:00Z
2017-01-23,reconstructed,123.349998,2.978333,11.77,119.4878,118.4249,114.4907,True,3.232295,4.158837,7.738007,6.628242,0.225815,0.353536,0.0,0.0,True,1.0,,,,,,,,,,,2026-08-21T03:22:00Z
2017-01-24,reconstructed,124.18,3.040417,11.07,119.6184,118.5011,114.5666,True,3.81346,4.792276,8.391102,0.287356,0.229031,0.35288,0.0,0.0,True,1.0,,,,,,,,,,,2026-08-21T03:22:00Z
2017-01-25,reconstructed,125.43,3.129167,10.81,119.812,118.591,114.65075,True,4.689013,5.76688,9.401814,0.286533,0.244436,0.355339,0.0,0.0,True,1.0,,,,,,,,,,,2026-08-21T03:22:00Z
2017-01-26,reconstructed,125.559998,3.142083,10.63,120.0072,118.6792,114.731,True,4.627054,5.797813,9.438598,0.285714,0.242515,0.352756,0.0,0.0,True,1.0,,,,,,,,,,,2026-08-21T03:22:00Z
2017-01-27,reconstructed,125.800003,3.157083,10.58,120.2306,118.766,114.80545,True,4.632267,5.922573,9.576682,0.2849,0.21737,0.352233,0.0,0.0,True,1.0,,,,,,,,,,,2026-08-21T03:22:00Z
2017-01-30,reconstructed,124.82,3.085417,11.88,120.4026,118.8357,114.87495,True,3.668857,5.035776,8.657283,9.375,0.238609,0.352895,-0.779017,-2.270007,True,1.0,,,,,,,,,,,2026-08-21T03:22:00Z
2017-01-31,reconstructed,124.57,3.068333,11.99,120.5558,118.9022,114.9446,True,3.329744,4.766774,8.373947,10.764873,0.204261,0.347969,-0.977745,-2.811143,True,1.0,,,,,,,,,,,2026-08-21T03:22:00Z
2017-02-01,reconstructed,125.43,3.126667,11.81,120.7092,118.9842,115.0156,True,3.910887,5.417358,9.054772,8.474576,0.199371,0.342425,-0.29412,-0.963421,True,1.0,,,,,,,,,,,2026-08-21T03:22:00Z
2017-02-02,reconstructed,125.32,3.11875,11.93,120.8692,119.0946,115.08945,True,3.682327,5.227273,8.889216,9.859155,0.198616,0.341115,-0.381561,-1.214189,True,1.0,,,,,,,,,,,2026-08-21T03:22:00Z
2017-02-03,reconstructed,125.68,3.145833,10.97,121.012,119.1881,115.16465,True,3.857469,5.446769,9.13071,1.123596,0.194186,0.311725,-0.095392,-0.356342,True,1.0,,,,,,,,,,,2026-08-21T03:22:00Z
2017-02-06,reconstructed,125.830002,3.1575,11.37,121.1506,119.2935,115.24055,True,3.862467,5.479344,9.188998,3.081232,0.179844,0.310018,0.0,0.0,True,1.0,,,,,,,,,,,2026-08-21T03:22:00Z
2017-02-07,reconstructed,126.290001,3.19,11.29,121.308,119.398,115.3271,True,4.106902,5.772292,9.505919,2.513966,0.179914,0.309584,0.0,0.0,True,1.0,,,,,,,,,,,2026-08-21T03:22:00Z
2017-02-08,reconstructed,126.5,3.207917,11.45,121.462,119.4866,115.4147,True,4.147799,5.869612,9.604756,5.013928,0.179906,0.290619,0.0,0.0,True,1.0,,,,,,,,,,,2026-08-21T03:22:00Z
2017-02-09,reconstructed,126.959999,3.24125,10.88,121.6306,119.5833,115.50725,True,4.381627,6.16867,9.915178,1.111111,0.180765,0.290644,0.0,0.0,True,1.0,,,,,,,,,,,2026-08-21T03:22:00Z
2017-02-10,reconstructed,127.379997,3.273333,10.85,121.7994,119.6893,115.60625,True,4.581794,6.425551,10.184352,1.108033,0.177709,0.279511,0.0,0.0,True,1.0,,,,,,,,,,,2026-08-21T03:22:00Z
2017-02-13,reconstructed,128.100006,3.330833,11.07,122.0114,119.8003,115.71535,True,4.990194,6.927951,10.702691,2.209945,0.181669,0.267516,0.0,0.0,True,1.0,,,,,,,,,,,2026-08-21T03:22:00Z
2017-02-14,reconstructed,128.529999,3.362083,10.74,122.2726,119.9041,115.8294,True,5.11758,7.193998,10.964918,0.826446,0.172783,0.266642,0.0,0.0,True,1.0,,,,,,,,,,,2026-08-21T03:22:00Z
2017-02-15,reconstructed,129.289993,3.42,11.97,122.5444,120.0061,115.94225,True,5.504612,7.736184,11.512407,12.637363,0.176719,0.265172,0.0,0.0,True,1.0,,,,,,,,,,,2026-08-21T03:22:00Z
2017-02-16,reconstructed,129.25,3.417083,11.76,122.7974,120.1153,116.05985,True,5.254671,7.604943,11.364955,9.315068,0.175469,0.263344,-0.030933,-0.085294,True,1.0,,,,,,,,,,,2026-08-21T03:22:00Z
2017-02-17,reconstructed,129.809998,3.46,11.49,123.056,120.24,116.18365,True,5.488556,7.95908,11.728283,6.557377,0.176376,0.258614,0.0,0.0,True,1.0,,,,,,,,,,,2026-08-21T03:22:00Z
2017-02-21,reconstructed,130.449997,3.515,11.57,123.2978,120.3595,116.3108,True,5.80075,8.383631,12.156392,8.174387,0.177434,0.259497,0.0,0.0,True,1.0,,,,,,,,,,,2026-08-21T03:22:00Z
2017-02-22,reconstructed,130.5,3.515417,11.74,123.5364,120.4775,116.4354,True,5.636881,8.318981,12.079316,9.51087,0.173323,0.257325,0.0,0.0,True,1.0,,,,,,,,,,,2026-08-21T03:22:00Z
2017-02-23,reconstructed,130.009995,3.4775,11.71,123.7466,120.5992,116.55605,True,5.061468,7.803364,11.542897,9.485095,0.16434,0.259134,-0.375483,-1.078596,True,1.0,,,,,,,,,,,2026-08-21T03:22:00Z
2017-02-24,reconstructed,130.259995,3.49625,11.47,123.9726,120.7146,116.6707,True,5.0716,7.907407,11.647564,6.216216,0.164277,0.258268,-0.183912,-0.545232,True,1.0,,,,,,,,,,,2026-08-21T03:22:00Z
2017-02-27,reconstructed,130.419998,3.506667,12.09,124.1718,120.8333,116.791,True,5.031898,7.933821,11.669562,16.172507,0.164492,0.258097,-0.061304,-0.248909,True,1.0,,,,,,,,,,,2026-08-21T03:22:00Z
2017-02-28,reconstructed,130.020004,3.479167,12.92,124.368,120.9498,116.91165,True,4.544581,7.499148,11.212188,25.537634,0.137104,0.247737,-0.367813,-1.031175,True,1.0,,,,,,,,,,,2026-08-21T03:22:00Z
2017-03-01,reconstructed,131.440002,3.591667,12.54,124.5888,121.0763,117.04135,True,5.499052,8.559646,12.302193,20.911528,0.15881,0.220502,0.0,0.0,True,1.0,,,,,,,,,,,2026-08-21T03:22:00Z
2017-03-02,reconstructed,130.779999,3.535,11.81,124.8124,121.1968,117.16115,True,4.781255,7.907139,11.624031,12.032086,0.173966,0.225154,-0.502133,-1.577731,True,1.0,,,,,,,,,,,2026-08-21T03:22:00Z
2017-03-03,reconstructed,131.020004,3.553333,10.96,125.031,121.3223,117.28885,True,4.790015,7.99334,11.707127,1.866667,0.170952,0.222388,-0.319536,-1.067301,True,1.0,,,,,,,,,,,2026-08-21T03:22:00Z
2017-03-06,reconstructed,130.729996,3.52875,11.24,125.2346,121.4374,117.4132,True,4.388081,7.65217,11.341822,3.191489,0.177281,0.223917,-0.540176,-1.751749,True,1.0,,,,,,,,,,,2026-08-21T03:22:00Z
2017-03-07,reconstructed,130.509995,3.51125,11.45,125.4356,121.5673,117.5392,True,4.045418,7.356168,11.035292,6.6313,0.181275,0.215123,-0.707553,-2.238986,True,1.0,,,,,,,,,,,2026-08-21T03:22:00Z
2017-03-08,reconstructed,130.740005,3.529167,11.86,125.648,121.7005,117.66055,True,4.052596,7.427665,11.116262,13.227513,0.180345,0.21511,-0.53256,-1.740139,True,1.0,,,,,,,,,,,2026-08-21T03:22:00Z
2017-03-09,reconstructed,130.839996,3.54,12.3,125.8608,121.8389,117.7831,True,3.956114,7.387703,11.085543,18.997361,0.180479,0.211678,-0.456487,-1.438524,True,1.0,,,,,,,,,,,2026-08-21T03:22:00Z
2017-03-10,reconstructed,131.389999,3.57875,11.66,126.0722,121.9814,117.89775,True,4.218059,7.713143,11.444026,9.473684,0.18071,0.20849,-0.038042,-0.359639,True,1.0,,,,,,,,,,,2026-08-21T03:22:00Z
2017-03-13,reconstructed,131.610001,3.599583,11.35,126.3068,122.1293,118.0096,True,4.198666,7.762839,11.524826,4.724409,0.179829,0.19607,0.0,0.0,True,1.0,,,,,,,,,,,2026-08-21T03:22:00Z
2017-03-14,reconstructed,131.289993,3.572917,12.3,126.5384,122.2636,118.11825,True,3.755061,7.382732,11.151319,19.633508,0.178199,0.196095,-0.243148,-0.740806,True,1.0,,,,,,,,,,,2026-08-21T03:22:00Z
2017-03-15,reconstructed,132.100006,3.635417,11.63,126.8108,122.4061,118.2281,True,4.170943,7.919463,11.733172,9.399478,0.183939,0.197878,0.0,0.0,True,1.0,,,,,,,,,,,2026-08-21T03:22:00Z
2017-03-16,reconstructed,132.009995,3.633333,11.21,127.0602,122.5491,118.33645,True,3.89563,7.720085,11.554804,2.864583,0.177681,0.195076,-0.068139,-0.057325,True,1.0,,,,,,,,,,,2026-08-21T03:22:00Z
2017-03-17,reconstructed,131.690002,3.624583,11.28,127.2902,122.6845,118.44315,True,3.456513,7.340375,11.184144,4.155844,0.178224,0.195024,-0.310374,-0.298012,True,1.0,,,,,,,,,,,2026-08-21T03:22:00Z
2017-03-20,reconstructed,131.809998,3.635417,11.34,127.509,122.8069,118.5493,True,3.373094,7.331101,11.185808,5.181347,0.174625,0.19443,-0.219537,0.0,True,1.0,,,,,,,,,,,2026-08-21T03:22:00Z
2017-03-21,reconstructed,129.809998,3.473333,12.47,127.6666,122.9131,118.64805,True,1.678903,5.611198,9.407611,22.997416,0.234829,0.21838,-1.733542,-4.458473,True,1.0,,,,,,,,,,,2026-08-21T03:22:00Z
2017-03-22,reconstructed,130.690002,3.541667,12.81,127.8338,123.0362,118.7492,True,2.23431,6.220773,10.05548,26.28866,0.245518,0.219196,-1.067376,-2.578796,True,1.0,,,,,,,,,,,2026-08-21T03:22:00Z
2017-03-23,reconstructed,130.360001,3.513333,13.12,127.989,123.1614,118.8501,True,1.852504,5.844851,9.684384,31.362468,0.244017,0.220622,-1.317188,-3.358182,True,1.0,,,,,,,,,,,2026-08-21T03:22:00Z
2017-03-24,reconstructed,130.630005,3.5325,12.96,128.143,123.2967,118.9514,True,1.940805,5.94769,9.817963,29.230769,0.244033,0.219552,-1.112794,-2.830953,True,1.0,,,,,,,,,,,2026-08-21T03:22:00Z
2017-03-27,reconstructed,130.839996,3.55125,12.5,128.305,123.4352,119.05465,True,1.975758,5.998934,9.899106,23.273657,0.24447,0.212191,-0.95383,-2.315195,True,1.0,,,,,,,,,,,2026-08-21T03:22:00Z
2017-03-28,reconstructed,131.639999,3.617917,11.53,128.4746,123.5905,119.16815,True,2.463833,6.513041,10.465757,8.673469,0.250256,0.213312,-0.348226,-0.481373,True,1.0,,,,,,,,,,,2026-08-21T03:22:00Z
2017-03-29,reconstructed,132.25,3.665833,11.42,128.6638,123.7612,119.28925,True,2.787264,6.859016,10.864977,6.10687,0.227808,0.201835,0.0,0.0,True,1.0,,,,,,,,,,,2026-08-21T03:22:00Z
2017-03-30,reconstructed,132.470001,3.684167,11.54,128.8524,123.9454,119.41145,True,2.807555,6.877707,10.935761,9.64467,0.21914,0.198033,0.0,0.0,True,1.0,,,,,,,,,,,2026-08-21T03:22:00Z
2017-03-31,reconstructed,132.380005,3.675417,12.37,129.0404,124.1327,119.53475,True,2.588031,6.643942,10.746042,21.265823,0.219399,0.197062,-0.067937,-0.237502,True,1.0,,,,,,,,,,,2026-08-21T03:22:00Z
2017-04-03,reconstructed,132.300003,3.6675,12.38,129.2214,124.2922,119.65605,True,2.382425,6.442724,10.566915,21.717172,0.217537,0.195721,-0.12833,-0.452392,True,1.0,,,,,,,,,,,2026-08-21T03:22:00Z
2017-04-04,reconstructed,132.509995,3.684167,11.79,129.4046,124.4462,119.78615,True,2.399756,6.479744,10.622133,13.853904,0.216104,0.190847,0.0,0.0,True,1.0,,,,,,,,,,,2026-08-21T03:22:00Z
2017-04-05,reconstructed,131.970001,3.642083,12.89,129.5604,124.5894,119.9102,True,1.859829,5.92394,10.057361,29.396985,0.221357,0.193074,-0.407511,-1.142293,True,1.0,,,,,,,,,,,2026-08-21T03:22:00Z
2017-04-06,reconstructed,132.039993,3.645,12.39,129.692599,124.7523,120.0329,True,1.809967,5.841731,10.003169,22.305764,0.221313,0.19313,-0.354691,-1.063115,True,1.0,,,,,,,,,,,2026-08-21T03:22:00Z
2017-04-07,reconstructed,131.970001,3.640833,12.87,129.8208,124.914,120.15655,True,1.655514,5.648687,9.831716,29.5,0.218655,0.193206,-0.407511,-1.176223,True,1.0,,,,,,,,,,,2026-08-21T03:22:00Z
2017-04-10,reconstructed,132.020004,3.645,14.05,129.9452,125.0879,120.2728,True,1.596677,5.541786,9.767133,45.63591,0.217902,0.192432,-0.369776,-1.063115,True,1.0,,,,,,,,,,,2026-08-21T03:22:00Z
2017-04-11,reconstructed,131.449997,3.599167,15.07,130.0778,125.2402,120.4086,True,1.054905,4.95831,9.16994,57.21393,0.221204,0.194573,-0.799938,-2.307165,True,1.0,,,,,,,,,,,2026-08-21T03:22:00Z
2017-04-12,reconstructed,130.919998,3.551667,15.77,130.204799,125.3803,120.5521,True,0.549287,4.418316,8.600346,64.019851,0.216639,0.195781,-1.199907,-3.596469,True,1.0,,,,,,,,,,,2026-08-21T03:22:00Z
2017-04-13,reconstructed,130.399994,3.509583,15.96,130.304199,125.5067,120.6818,True,0.073516,3.898831,8.052742,66.089109,0.219964,0.198045,-1.592333,-4.738762,True,1.0,,,,,,,,,,,2026-08-21T03:22:00Z
2017-04-17,reconstructed,131.479996,3.592917,14.66,130.427399,125.6483,120.80765,True,0.807036,4.641285,8.834164,52.098765,0.237631,0.202217,-0.777299,-2.476813,True,1.0,,,,,,,,,,,2026-08-21T03:22:00Z
2017-04-18,reconstructed,131.279999,3.5825,14.42,130.539399,125.7757,120.92635,True,0.567338,4.376282,8.561946,49.753695,0.237459,0.20251,-0.928229,-2.759564,True,1.0,,,,,,,,,,,2026-08-21T03:22:00Z
2017-04-19,reconstructed,131.490005,3.595,14.93,130.652599,125.9016,121.0434,True,0.640941,4.438709,8.630463,55.036855,0.171607,0.202501,-0.769745,-2.420273,True,1.0,,,,,,,,,,,2026-08-21T03:22:00Z
2017-04-20,reconstructed,132.589996,3.682083,14.15,130.778599,126.0433,121.16925,True,1.385087,5.194006,9.425449,46.813725,0.17852,0.203871,0.0,-0.056567,True,1.0,,,,,,,,,,,2026-08-21T03:22:00Z
2017-04-21,reconstructed,132.559998,3.680417,14.63,130.899799,126.1809,121.29055,True,1.268297,5.055518,9.291282,51.833741,0.174882,0.196704,-0.022625,-0.101783,True,1.0,,,,,,,,,,,2026-08-21T03:22:00Z
2017-04-24,reconstructed,134.160004,3.814167,10.84,131.043799,126.3372,121.41825,True,2.377987,6.192004,10.494101,1.219512,0.212415,0.208376,0.0,0.0,True,1.0,,,,,,,,,,,2026-08-21T03:22:00Z
2017-04-25,reconstructed,135.130005,3.89875,10.76,131.198799,126.4991,121.5424,True,2.996373,6.822898,11.179313,0.973236,0.222088,0.211916,0.0,0.0,True,1.0,,,,,,,,,,,2026-08-21T03:22:00Z
2017-04-26,reconstructed,134.940002,3.881667,10.85,131.335599,126.6735,121.66245,True,2.744422,6.525834,10.913435,1.941748,0.217895,0.205428,-0.140607,-0.43817,True,1.0,,,,,,,,,,,2026-08-21T03:22:00Z
2017-04-27,reconstructed,135.75,3.949583,10.36,131.479999,126.8763,121.78375,True,3.247643,6.993978,11.468074,0.242131,0.22089,0.206322,0.0,0.0,True,1.0,,,,,,,,,,,2026-08-21T03:22:00Z
2017-04-28,reconstructed,135.990005,3.972083,10.82,131.614,127.0792,121.9076,True,3.324879,7.01201,11.551704,1.690821,0.220953,0.204059,0.0,0.0,True,1.0,,,,,,,,,,,2026-08-21T03:22:00Z
2017-05-01,reconstructed,137.199997,4.072083,10.11,131.773,127.2852,122.0337,True,4.118444,7.789434,12.427958,0.240964,0.232007,0.208087,0.0,0.0,True,1.0,,,,,,,,,,,2026-08-21T03:22:00Z
2017-05-02,reconstructed,137.429993,4.09625,10.59,131.925399,127.4907,122.16185,True,4.172504,7.796093,12.49829,0.961538,0.23036,0.207929,0.0,0.0,True,1.0,,,,,,,,,,,2026-08-21T03:22:00Z
2017-05-03,reconstructed,136.990005,4.055833,10.68,132.0562,127.677,122.2841,True,3.736141,7.294192,12.026016,1.438849,0.236859,0.209999,-0.320154,-0.986688,True,1.0,,,,,,,,,,,2026-08-21T03:22:00Z
2017-05-04,reconstructed,137.039993,4.06,10.46,132.187,127.8617,122.40865,True,3.671309,7.178298,11.952867,0.717703,0.229472,0.209722,-0.28378,-0.884959,True,1.0,,,,,,,,,,,2026-08-21T03:22:00Z
2017-05-05,reconstructed,137.539993,4.104167,10.57,132.337599,128.0421,122.52915,True,3.931153,7.41779,12.250835,0.954654,0.229497,0.21016,0.0,0.0,True,1.0,,,,,,,,,,,2026-08-21T03:22:00Z
2017-05-08,reconstructed,137.839996,4.12875,9.77,132.4892,128.2309,122.65245,True,4.038666,7.493589,12.382587,0.238095,0.227924,0.209799,0.0,0.0,True,1.0,,,,,,,,,,,2026-08-21T03:22:00Z
2017-05-09,reconstructed,138.320007,4.174167,9.96,132.6472,128.4095,122.7758,True,4.276613,7.717893,12.660644,0.475059,0.227592,0.209941,0.0,0.0,True,1.0,,,,,,,,,,,2026-08-21T03:22:00Z
2017-05-10,reconstructed,138.399994,4.180833,10.21,132.814799,128.5914,122.8995,True,4.20525,7.627722,12.612333,0.947867,0.216815,0.208124,0.0,0.0,True,1.0,,,,,,,,,,,2026-08-21T03:22:00Z
2017-05-11,reconstructed,138.289993,4.170833,10.6,132.951799,128.7703,123.022,True,4.015135,7.392771,12.410783,2.364066,0.206196,0.208193,-0.07948,-0.239181,True,1.0,,,,,,,,,,,2026-08-21T03:22:00Z
2017-05-12,reconstructed,138.600006,4.197917,10.4,133.108199,128.9603,123.1421,True,4.125821,7.474941,12.552901,1.415094,0.192424,0.206365,0.0,0.0,True,1.0,,,,,,,,,,,2026-08-21T03:22:00Z
2017-05-15,reconstructed,139.039993,4.237083,10.42,133.268599,129.1498,123.2624,True,4.330648,7.657924,12.800005,1.647059,0.184476,0.206502,0.0,0.0,True,1.0,,,,,,,,,,,2026-08-21T03:22:00Z
2017-05-16,reconstructed,139.619995,4.290417,10.65,133.446399,129.3405,123.38435,True,4.626274,7.947623,13.158594,3.286385,0.180097,0.206507,0.0,0.0,True,1.0,,,,,,,,,,,2026-08-21T03:22:00Z
2017-05-17,reconstructed,136.070007,3.965833,15.59,133.557599,129.4966,123.4855,True,1.881142,5.076124,10.191081,64.168618,0.350957,0.261321,-2.542607,-7.565331,True,0.9973,,,,,,,,,,,2026-08-21T03:22:00Z
2017-05-18,reconstructed,137.259995,4.06625,14.66,133.687999,129.668,123.597,True,2.671889,5.854949,11.054471,54.205607,0.351768,0.265555,-1.690303,-5.224838,True,0.995,,,,,,,,,,,2026-08-21T03:22:00Z
2017-05-19,reconstructed,137.839996,4.115417,12.04,133.827999,129.8444,123.7095,True,2.997876,6.15783,11.422321,21.212121,0.351906,0.264778,-1.274888,-4.078862,True,0.9946,,,,,,,,,,,2026-08-21T03:22:00Z
2017-05-22,reconstructed,139.0,4.222083,10.93,133.980199,130.0262,123.82615,True,3.746674,6.901533,12.254157,5.581395,0.341723,0.268897,-0.444059,-1.592715,True,1.0,,,,,,,,,,,2026-08-21T03:22:00Z
2017-05-23,reconstructed,139.139999,4.2325,10.72,134.130799,130.2188,123.93795,True,3.734564,6.850931,12.265855,3.712297,0.335942,0.268901,-0.343787,-1.349918,True,1.0,,,,,,,,,,,2026-08-21T03:22:00Z
2017-05-24,reconstructed,139.779999,4.290833,10.02,134.300599,130.4195,124.0536,True,4.079952,7.177224,12.6771,0.694444,0.335878,0.268731,0.0,0.0,True,1.0,,,,,,,,,,,2026-08-21T03:22:00Z
2017-05-25,reconstructed,140.970001,4.40375,9.99,134.477999,130.6444,124.17385,True,4.827557,7.903593,13.526319,0.692841,0.341556,0.266258,0.0,0.0,True,1.0,,,,,,,,,,,2026-08-21T03:22:00Z
2017-05-26,reconstructed,141.220001,4.4225,9.81,134.662199,130.8612,124.29685,True,4.869816,7.915869,13.615109,0.460829,0.341593,0.263197,0.0,0.0,True,1.0,,,,,,,,,,,2026-08-21T03:22:00Z
2017-05-30,reconstructed,141.339996,4.431667,10.38,134.855199,131.0727,124.41795,True,4.808711,7.833284,13.600969,2.068966,0.3338,0.263208,0.0,0.0,True,1.0,,,,,,,,,,,2026-08-21T03:22:00Z
2017-05-31,reconstructed,141.289993,4.42625,10.41,135.044799,131.276899,124.5384,True,4.624535,7.627461,13.450947,2.522936,0.334346,0.262473,-0.035378,-0.122231,True,1.0,,,,,,,,,,,2026-08-21T03:22:00Z
2017-06-01,reconstructed,141.839996,4.479167,9.89,135.285399,131.475999,124.6591,True,4.845014,7.882805,13.782304,0.686499,0.331214,0.262318,0.0,0.0,True,1.0,,,,,,,,,,,2026-08-21T03:22:00Z
2017-06-02,reconstructed,143.460007,4.632083,9.75,135.540799,131.687299,124.79115,True,5.842674,8.939896,14.960081,0.228311,0.346209,0.269397,0.0,0.0,True,1.0,,,,,,,,,,,2026-08-21T03:22:00Z
2017-06-05,reconstructed,143.429993,4.628333,10.07,135.802199,131.895599,124.922,True,5.616841,8.745093,14.815639,1.822323,0.346889,0.269614,-0.020922,-0.080954,True,1.0,,,,,,,,,,,2026-08-21T03:22:00Z
2017-06-06,reconstructed,142.860001,4.575833,10.45,136.046799,132.094899,125.04985,True,5.007984,8.149521,14.242441,3.636364,0.35248,0.271245,-0.418239,-1.214359,True,0.993,,,,,,,,,,,2026-08-21T03:22:00Z
2017-06-07,reconstructed,143.419998,4.625833,10.39,136.298399,132.301699,125.18065,True,5.225006,8.403746,14.570422,2.947846,0.352465,0.271573,-0.027888,-0.134926,True,0.993,,,,,,,,,,,2026-08-21T03:22:00Z
2017-06-08,reconstructed,143.570007,4.638333,10.16,136.536999,132.505799,125.31175,True,5.150991,8.34998,14.570268,2.262443,0.352329,0.270494,0.0,0.0,True,0.9934,,,,,,,,,,,2026-08-21T03:22:00Z
2017-06-09,reconstructed,139.979996,4.302917,10.7,136.691599,132.677699,125.42385,True,2.405705,5.503786,11.605565,6.094808,0.447524,0.311572,-2.50053,-7.231388,True,0.7821,,,,,,,,,,,2026-08-21T03:22:00Z
2017-06-12,reconstructed,139.229996,4.225,11.46,136.826799,132.839599,125.536,True,1.756379,4.810611,10.908422,13.963964,0.452702,0.314491,-3.022924,-8.911239,True,0.7731,,,,,,,,,,,2026-08-21T03:22:00Z
2017-06-13,reconstructed,140.360001,4.32375,10.42,136.986399,133.013399,125.65475,True,2.462727,5.523204,11.702901,4.044944,0.458945,0.317124,-2.235848,-6.782239,True,0.7626,,,,,,,,,,,2026-08-21T03:22:00Z
2017-06-14,reconstructed,139.75,4.265833,10.64,137.135399,133.178399,125.7696,True,1.906584,4.934434,11.115882,5.829596,0.459828,0.318931,-2.660728,-8.030902,True,0.7612,,,,,,,,,,,2026-08-21T03:22:00Z
2017-06-15,reconstructed,139.130005,4.208333,10.9,137.267799,133.336199,125.88055,True,1.356622,4.345261,10.525419,8.724832,0.367659,0.305239,-3.09257,-9.270569,True,0.952,,,,,,,,,,,2026-08-21T03:22:00Z
2017-06-16,reconstructed,138.149994,4.157917,10.38,137.391399,133.475899,125.9885,True,0.552142,3.501827,9.652861,3.125,0.361731,0.30492,-3.775171,-10.357511,True,0.9676,,,,,,,,,,,2026-08-21T03:22:00Z
2017-06-19,reconstructed,140.460007,4.359167,10.37,137.559799,133.626199,126.1086,True,2.108325,5.114122,11.380197,2.895323,0.397229,0.317967,-2.166191,-6.018666,True,0.8811,,,,,,,,,,,2026-08-21T03:22:00Z
2017-06-20,reconstructed,139.360001,4.260417,10.86,137.707599,133.764199,126.2217,True,1.199935,4.183333,10.408908,8.888889,0.397773,0.322529,-2.932372,-8.147666,True,0.8799,,,,,,,,,,,2026-08-21T03:22:00Z
2017-06-21,reconstructed,140.740005,4.384167,10.75,137.881999,133.913599,126.3398,True,2.072791,5.09762,11.397996,7.538803,0.410284,0.32679,-1.971165,-5.479677,True,0.8531,,,,,,,,,,,2026-08-21T03:22:00Z
2017-06-22,reconstructed,140.699997,4.379167,10.48,138.066999,134.072399,126.45405,True,1.907044,4.943298,11.265711,5.088496,0.408053,0.32542,-1.999032,-5.587477,True,0.8577,,,,,,,,,,,2026-08-21T03:22:00Z
2017-06-23,reconstructed,141.240005,4.428333,10.02,138.273399,134.239099,126.57065,True,2.145464,5.215251,11.589856,1.766004,0.399223,0.325186,-1.622903,-4.52749,True,0.8767,,,,,,,,,,,2026-08-21T03:22:00Z
2017-06-26,reconstructed,140.580002,4.369583,9.9,138.477,134.390599,126.6874,True,1.518665,4.605532,10.966049,1.101322,0.40192,0.326943,-2.082612,-5.794102,True,0.8708,,,,,,,,,,,2026-08-21T03:22:00Z
2017-06-27,reconstructed,138.029999,4.129167,11.06,138.608,134.517699,126.80615,True,-0.417004,2.611031,8.851187,10.989011,0.446125,0.347817,-3.858751,-10.977344,True,0.7845,,,,,,,,,,,2026-08-21T03:22:00Z
2017-06-28,reconstructed,140.020004,4.3025,10.03,138.7828,134.661099,126.9246,True,0.891468,3.979549,10.317468,2.192982,0.474077,0.357102,-2.472663,-7.240383,True,0.7383,,,,,,,,,,,2026-08-21T03:22:00Z
2017-06-29,reconstructed,137.589996,4.083333,11.44,138.904799,134.778699,127.0361,True,-0.94655,2.085861,8.307793,15.536105,0.502988,0.373738,-4.165223,-11.965502,True,0.6958,,,,,,,,,,,2026-08-21T03:22:00Z
2017-06-30,reconstructed,137.639999,4.069167,11.18,139.0058,134.892199,127.1451,True,-0.982549,2.037034,8.25427,11.790393,0.482325,0.372873,-4.130395,-12.270911,True,0.7257,,,,,,,,,,,2026-08-21T03:22:00Z
2017-07-03,reconstructed,136.190002,3.958333,11.22,139.0784,134.989099,127.23785,True,-2.076812,0.88963,7.035762,12.200436,0.487637,0.377695,-5.140353,-14.660436,True,0.7177,,,,,,,,,,,2026-08-21T03:22:00Z
2017-07-05,reconstructed,137.529999,4.07125,11.07,139.1458,135.094799,127.33905,True,-1.161229,1.802586,8.003004,11.73913,0.503567,0.381629,-4.207013,-12.226007,True,0.695,,,,,,,,,,,2026-08-21T03:22:00Z
2017-07-06,reconstructed,136.289993,3.96375,12.54,139.168999,135.183899,127.4366,True,-2.068712,0.818214,6.947293,32.537961,0.505005,0.38609,-5.070707,-14.543651,True,0.6931,,,,,,,,,,,2026-08-21T03:22:00Z
2017-07-07,reconstructed,137.759995,4.0825,11.19,139.225399,135.280499,127.5404,True,-1.052541,1.832855,8.01283,12.121212,0.52111,0.389204,-4.046815,-11.983462,True,0.6716,,,,,,,,,,,2026-08-21T03:22:00Z
2017-07-10,reconstructed,138.660004,4.167917,11.11,139.283599,135.381799,127.64295,True,-0.447716,2.421451,8.63115,11.87905,0.465506,0.389644,-3.419937,-10.141921,True,0.7519,,,,,,,,,,,2026-08-21T03:22:00Z
2017-07-11,reconstructed,139.050003,4.202083,10.89,139.344799,135.479399,127.74275,True,-0.211559,2.635533,8.851581,10.12931,0.462174,0.388552,-3.148293,-9.405313,True,0.7573,,,,,,,,,,,2026-08-21T03:22:00Z
2017-07-12,reconstructed,140.699997,4.351667,10.3,139.414799,135.593899,127.8546,True,0.921852,3.765728,10.046879,3.225806,0.472254,0.391959,-1.999032,-6.180365,True,0.7411,,,,,,,,,,,2026-08-21T03:22:00Z
2017-07-13,reconstructed,141.009995,4.380417,9.9,139.486399,135.705899,127.97295,True,1.092289,3.908522,10.187344,1.287554,0.469642,0.39178,-1.783111,-5.560532,True,0.7452,,,,,,,,,,,2026-08-21T03:22:00Z
2017-07-14,reconstructed,142.119995,4.483333,9.51,139.588999,135.822599,128.09105,True,1.813177,4.636486,10.952323,0.214133,0.472078,0.393882,-1.009969,-3.341712,True,0.7414,,,,,,,,,,,2026-08-21T03:22:00Z
2017-07-17,reconstructed,142.190002,4.485833,9.82,139.691999,135.939499,128.2085,True,1.788222,4.598004,10.905285,1.068376,0.468679,0.391671,-0.961207,-3.287812,True,0.7468,,,,,,,,,,,2026-08-21T03:22:00Z
2017-07-18,reconstructed,143.139999,4.575,9.89,139.803999,136.070799,128.335,True,2.386198,5.195237,11.536214,1.492537,0.443262,0.392986,-0.299511,-1.365427,True,0.7896,,,,,,,,,,,2026-08-21T03:22:00Z
2017-07-19,reconstructed,143.979996,4.65875,9.79,139.926799,136.207999,128.4613,True,2.896655,5.705976,12.080445,0.851064,0.435858,0.388345,0.0,0.0,True,0.803,,,,,,,,,,,2026-08-21T03:22:00Z
2017-07-20,reconstructed,144.169998,4.67625,9.58,140.043799,136.345499,128.5894,True,2.946363,5.738729,12.11655,0.424628,0.426371,0.38642,0.0,0.0,True,0.8209,,,,,,,,,,,2026-08-21T03:22:00Z
2017-07-21,reconstructed,144.110001,4.669167,9.36,140.157999,136.486399,128.7181,True,2.819676,5.585612,11.957837,0.211864,0.426428,0.38622,-0.041616,-0.151466,True,0.8208,,,,,,,,,,,2026-08-21T03:22:00Z
2017-07-24,reconstructed,144.770004,4.73,9.43,140.287599,136.619699,128.848,True,3.195154,5.965688,12.3572,0.422833,0.426906,0.385631,0.0,0.0,True,0.8199,,,,,,,,,,,2026-08-21T03:22:00Z
2017-07-25,reconstructed,144.399994,4.698333,9.43,140.403599,136.755899,128.97635,True,2.846362,5.58959,11.958506,0.632911,0.42408,0.386138,-0.255585,-0.669498,True,0.8253,,,,,,,,,,,2026-08-21T03:22:00Z
2017-07-26,reconstructed,144.869995,4.740417,9.6,140.520199,136.894399,129.10835,True,3.095495,5.826094,12.208076,1.263158,0.362346,0.3836,0.0,0.0,True,0.9659,,,,,,,,,,,2026-08-21T03:22:00Z
2017-07-27,reconstructed,143.960007,4.655833,10.11,140.607,137.026699,129.23205,True,2.384666,5.059822,11.396521,4.831933,0.348079,0.385866,-0.628141,-1.784321,True,1.0,,,,,,,,,,,2026-08-21T03:22:00Z
2017-07-28,reconstructed,143.839996,4.640833,10.29,140.762399,137.159999,129.36365,True,2.186377,4.870222,11.190428,5.450734,0.282975,0.385201,-0.710981,-2.100746,True,1.0,,,,,,,,,,,2026-08-21T03:22:00Z
2017-07-31,reconstructed,143.229996,4.580417,10.26,140.881799,137.284899,129.4927,True,1.666785,4.330481,10.608549,5.439331,0.289425,0.38651,-1.132049,-3.375227,True,1.0,,,,,,,,,,,2026-08-21T03:22:00Z
2017-08-01,reconstructed,143.559998,4.610417,10.09,140.996199,137.412099,129.6255,True,1.818346,4.474059,10.749812,4.592902,0.261301,0.386202,-0.904257,-2.742377,True,1.0,,,,,,,,,,,2026-08-21T03:22:00Z
2017-08-02,reconstructed,143.949997,4.644167,10.28,141.095199,137.537699,129.75955,True,2.023313,4.662211,10.935956,5.833333,0.249551,0.386267,-0.635051,-2.030413,True,1.0,,,,,,,,,,,2026-08-21T03:22:00Z
2017-08-03,reconstructed,143.389999,4.595833,10.44,141.180199,137.655499,129.8924,True,1.565234,4.165834,10.39137,8.316008,0.22681,0.386689,-1.021603,-3.050031,True,1.0,,,,,,,,,,,2026-08-21T03:22:00Z
2017-08-04,reconstructed,143.649994,4.61375,10.03,141.257599,137.779099,130.02135,True,1.69364,4.261092,10.481851,4.356846,0.210925,0.38671,-0.842135,-2.672065,True,1.0,,,,,,,,,,,2026-08-21T03:22:00Z
2017-08-07,reconstructed,144.559998,4.695417,9.93,141.329399,137.903699,130.1549,True,2.285864,4.826773,11.067657,3.312629,0.208239,0.387939,-0.213983,-0.949285,True,1.0,,,,,,,,,,,2026-08-21T03:22:00Z
2017-08-08,reconstructed,144.309998,4.677917,10.96,141.391199,138.026699,130.2879,True,2.064342,4.552234,10.762395,14.46281,0.210899,0.38803,-0.386552,-1.318449,True,1.0,,,,,,,,,,,2026-08-21T03:22:00Z
2017-08-09,reconstructed,144.119995,4.659583,11.11,141.446799,138.150999,130.41775,True,1.889895,4.320632,10.506427,15.876289,0.180455,0.387926,-0.517706,-1.705207,True,1.0,,,,,,,,,,,2026-08-21T03:22:00Z
2017-08-10,reconstructed,141.029999,4.357083,16.040001,141.441599,138.243199,130.52505,True,-0.291004,2.015867,8.048225,71.8107,0.301835,0.410647,-2.65065,-8.086507,True,1.0,,,,,,,,,,,2026-08-21T03:22:00Z
2017-08-11,reconstructed,142.100006,4.456667,15.51,141.446799,138.366099,130.6396,True,0.461804,2.698571,8.772537,67.351129,0.301181,0.381087,-1.912052,-5.985762,True,1.0,,,,,,,,,,,2026-08-21T03:22:00Z
2017-08-14,reconstructed,143.929993,4.63,12.33,141.456199,138.498499,130.76735,True,1.748805,3.921698,10.065695,32.172131,0.33154,0.385587,-0.648859,-2.329265,True,1.0,,,,,,,,,,,2026-08-21T03:22:00Z
2017-08-15,reconstructed,144.029999,4.638333,12.04,141.468199,138.635199,130.8983,True,1.810866,3.891364,10.031986,30.06135,0.3246,0.385066,-0.579828,-2.153485,True,1.0,,,,,,,,,,,2026-08-21T03:22:00Z
2017-08-16,reconstructed,144.279999,4.6625,11.74,141.496599,138.771699,131.0342,True,1.967114,3.969325,10.108658,24.897959,0.318553,0.381964,-0.407259,-1.643676,True,1.0,,,,,,,,,,,2026-08-21T03:22:00Z
2017-08-17,reconstructed,141.330002,4.375833,15.55,141.454799,138.876599,131.1559,True,-0.088224,1.766606,7.757259,67.820774,0.386019,0.403469,-2.443566,-7.690968,True,0.9067,,,,,,,,,,,2026-08-21T03:22:00Z
2017-08-18,reconstructed,141.229996,4.360417,14.26,141.407999,138.972499,131.2815,True,-0.125879,1.62442,7.577988,55.691057,0.385981,0.402663,-2.512597,-8.016175,True,0.9068,,,,,,,,,,,2026-08-21T03:22:00Z
2017-08-21,reconstructed,141.050003,4.3525,13.19,141.429399,139.060499,131.41085,True,-0.268258,1.430675,7.335128,43.204868,0.381308,0.399098,-2.636841,-8.183184,True,0.9179,,,,,,,,,,,2026-08-21T03:22:00Z
2017-08-22,reconstructed,143.199997,4.54625,11.35,141.508799,139.167799,131.5566,True,1.195118,2.897364,8.850485,18.623482,0.417852,0.409278,-1.152756,-4.095993,True,0.8376,,,,,,,,,,,2026-08-21T03:22:00Z
2017-08-23,reconstructed,142.690002,4.495417,12.25,141.555399,139.270899,131.7018,True,0.801526,2.455002,8.343244,31.515152,0.417404,0.410001,-1.504792,-5.168319,True,0.8385,,,,,,,,,,,2026-08-21T03:22:00Z
2017-08-24,reconstructed,142.270004,4.457917,12.23,141.605799,139.370599,131.8314,True,0.469052,2.080356,7.918148,31.451613,0.414065,0.410394,-1.794706,-5.959387,True,0.8453,,,,,,,,,,,2026-08-21T03:22:00Z
2017-08-25,reconstructed,141.970001,4.427917,11.28,141.662599,139.465199,131.9557,True,0.216996,1.796005,7.589139,17.50503,0.414407,0.409943,-2.001791,-6.592247,True,0.8446,,,,,,,,,,,2026-08-21T03:22:00Z
2017-08-28,reconstructed,142.410004,4.466667,11.32,141.747799,139.569599,132.0795,True,0.467171,2.035117,7.821429,18.072289,0.413946,0.404211,-1.698068,-5.774805,True,0.8455,,,,,,,,,,,2026-08-21T03:22:00Z
2017-08-29,reconstructed,142.970001,4.521667,11.7,141.797999,139.678899,132.2156,True,0.826529,2.356191,8.133989,24.448898,0.415828,0.405032,-1.311517,-4.614573,True,0.8417,,,,,,,,,,,2026-08-21T03:22:00Z
2017-08-30,reconstructed,144.649994,4.678333,11.22,141.903799,139.805699,132.35985,True,1.935251,3.46502,9.285402,16.4,0.433697,0.410492,-0.151861,-1.309678,True,0.807,,,,,,,,,,,2026-08-21T03:22:00Z
2017-08-31,reconstructed,146.199997,4.81125,10.59,142.012999,139.947499,132.5177,True,2.94832,4.467745,10.324883,9.780439,0.442283,0.413902,0.0,0.0,True,0.7913,,,,,,,,,,,2026-08-21T03:22:00Z
2017-09-01,reconstructed,146.0,4.807917,10.13,142.118999,140.092999,132.6666,True,2.730811,4.216485,10.050307,5.378486,0.442414,0.4139,-0.136797,-0.069277,True,0.7911,,,,,,,,,,,2026-08-21T03:22:00Z
2017-09-05,reconstructed,144.690002,4.679167,12.23,142.187999,140.230699,132.805499,True,1.759645,3.179977,8.948803,32.405567,0.450167,0.389267,-1.032828,-2.745303,True,0.7775,,,,,,,,,,,2026-08-21T03:22:00Z
2017-09-06,reconstructed,145.130005,4.719583,11.63,142.278999,140.377999,132.94235,True,2.003814,3.38515,9.167624,24.007937,0.450871,0.387309,-0.731869,-1.905267,True,0.7763,,,,,,,,,,,2026-08-21T03:22:00Z
2017-09-07,reconstructed,145.470001,4.74875,11.55,142.427799,140.517899,133.0831,True,2.135961,3.524179,9.307644,23.412698,0.450884,0.384879,-0.499313,-1.299039,True,0.7763,,,,,,,,,,,2026-08-21T03:22:00Z
2017-09-08,reconstructed,144.210007,4.631667,12.12,142.511599,140.647199,133.21145,True,1.191768,2.533152,8.256465,31.746032,0.391096,0.387468,-1.361142,-3.732566,True,0.8949,,,,,,,,,,,2026-08-21T03:22:00Z
2017-09-11,reconstructed,145.869995,4.779167,10.73,142.677199,140.790999,133.3463,True,2.237776,3.607472,9.391858,11.507937,0.398279,0.391018,-0.225719,-0.666834,True,0.8788,,,,,,,,,,,2026-08-21T03:22:00Z
2017-09-12,reconstructed,146.220001,4.819583,10.58,142.848799,140.927299,133.4853,True,2.359979,3.755626,9.540153,9.722222,0.376784,0.390045,0.0,0.0,True,0.9289,,,,,,,,,,,2026-08-21T03:22:00Z
2017-09-13,reconstructed,146.419998,4.839583,10.5,143.053399,141.065899,133.6234,True,2.353386,3.795459,9.576615,9.325397,0.376836,0.378295,0.0,0.0,True,0.9288,,,,,,,,,,,2026-08-21T03:22:00Z
2017-09-14,reconstructed,145.559998,4.757917,10.44,143.213999,141.179899,133.758549,True,1.638107,3.102494,8.822949,8.730159,0.382756,0.376868,-0.587352,-1.687459,True,0.9144,,,,,,,,,,,2026-08-21T03:22:00Z
2017-09-15,reconstructed,146.059998,4.79625,10.17,143.409399,141.289199,133.894149,True,1.848274,3.376619,9.086169,5.753968,0.302715,0.372897,-0.245868,-0.895388,True,1.0,,,,,,,,,,,2026-08-21T03:22:00Z
2017-09-18,reconstructed,145.550003,4.784583,10.15,143.565199,141.395299,134.034399,True,1.38251,2.938361,8.591528,5.555556,0.302343,0.37295,-0.594178,-1.136458,True,1.0,,,,,,,,,,,2026-08-21T03:22:00Z
2017-09-19,reconstructed,145.800003,4.805,10.18,143.707999,141.495799,134.186049,True,1.455732,3.04193,8.655113,6.150794,0.301341,0.372467,-0.423436,-0.714588,True,1.0,,,,,,,,,,,2026-08-21T03:22:00Z
2017-09-20,reconstructed,145.350006,4.765,9.78,143.833999,141.589399,134.3343,True,1.053998,2.655995,8.200219,1.785714,0.266043,0.371759,-0.730769,-1.541105,True,1.0,,,,,,,,,,,2026-08-21T03:22:00Z
2017-09-21,reconstructed,144.460007,4.673333,9.67,143.9092,141.661999,134.4736,True,0.382746,1.975129,7.426296,1.388889,0.272979,0.355302,-1.338609,-3.435208,True,1.0,,,,,,,,,,,2026-08-21T03:22:00Z
2017-09-22,reconstructed,144.320007,4.661667,9.59,143.9754,141.7309,134.6108,True,0.239352,1.826777,7.2128,1.190476,0.270798,0.345656,-1.434224,-3.676268,True,1.0,,,,,,,,,,,2026-08-21T03:22:00Z
2017-09-25,reconstructed,142.800003,4.515417,10.21,143.989,141.788999,134.733,True,-0.825755,0.713034,5.9874,7.142857,0.294847,0.335125,-2.472337,-6.698218,True,1.0,,,,,,,,,,,2026-08-21T03:22:00Z
2017-09-26,reconstructed,143.169998,4.54625,10.17,144.0086,141.8503,134.856,True,-0.582328,0.930346,6.165094,6.746032,0.294267,0.335085,-2.219642,-6.061123,True,1.0,,,,,,,,,,,2026-08-21T03:22:00Z
2017-09-27,reconstructed,144.460007,4.669583,9.87,144.035,141.9195,134.9808,True,0.295072,1.790104,7.022634,2.97619,0.306246,0.333294,-1.338609,-3.512701,True,1.0,,,,,,,,,,,2026-08-21T03:22:00Z
2017-09-28,reconstructed,144.410004,4.661667,9.55,144.0436,141.9852,135.10805,True,0.25437,1.707786,6.884826,0.992063,0.280624,0.329127,-1.37276,-3.676268,True,1.0,,,,,,,,,,,2026-08-21T03:22:00Z
2017-09-29,reconstructed,145.449997,4.760417,9.51,144.0692,142.0565,135.233,True,0.958426,2.388836,7.555107,0.992063,0.271947,0.325726,-0.662479,-1.635801,True,1.0,,,,,,,,,,,2026-08-21T03:22:00Z
2017-10-02,reconstructed,145.580002,4.77375,9.45,144.0986,142.1283,135.35985,True,1.028047,2.428582,7.550357,0.793651,0.272178,0.32094,-0.57369,-1.360305,True,1.0,,,,,,,,,,,2026-08-21T03:22:00Z
2017-10-03,reconstructed,145.889999,4.80375,9.51,144.121,142.2043,135.4873,True,1.22744,2.591834,7.677989,1.388889,0.254084,0.318807,-0.361972,-0.740413,True,1.0,,,,,,,,,,,2026-08-21T03:22:00Z
2017-10-04,reconstructed,146.029999,4.81625,9.63,144.1536,142.2786,135.61945,True,1.301666,2.636657,7.676295,2.380952,0.252715,0.318591,-0.266357,-0.48213,True,1.0,,,,,,,,,,,2026-08-21T03:22:00Z
2017-10-05,reconstructed,147.460007,4.955,9.19,144.2054,142.3628,135.7563,True,2.256924,3.580435,8.621115,0.198413,0.270823,0.315869,0.0,0.0,True,1.0,,,,,,,,,,,2026-08-21T03:22:00Z
2017-10-06,reconstructed,147.660004,4.972917,9.65,144.2794,142.4432,135.89185,True,2.343095,3.662375,8.659941,2.777778,0.251449,0.315756,0.0,0.0,True,1.0,,,,,,,,,,,2026-08-21T03:22:00Z
2017-10-09,reconstructed,147.490005,4.960417,10.33,144.352401,142.5574,136.027,True,2.173573,3.460084,8.427008,9.920635,0.228976,0.312789,-0.115128,-0.251367,True,1.0,,,,,,,,,,,2026-08-21T03:22:00Z
2017-10-10,reconstructed,147.600006,4.970833,10.08,144.439801,142.6608,136.1644,True,2.187905,3.462203,8.398382,6.944444,0.227693,0.312778,-0.040632,-0.041912,True,1.0,,,,,,,,,,,2026-08-21T03:22:00Z
2017-10-11,reconstructed,148.039993,5.014167,9.85,144.529401,142.7628,136.3036,True,2.428982,3.696476,8.610479,4.365079,0.228934,0.310869,0.0,0.0,True,1.0,,,,,,,,,,,2026-08-21T03:22:00Z
2017-10-12,reconstructed,147.770004,4.987083,9.91,144.605801,142.8505,136.43835,True,2.188158,3.443813,8.305329,5.555556,0.219918,0.309259,-0.182376,-0.540147,True,1.0,,,,,,,,,,,2026-08-21T03:22:00Z
2017-10-13,reconstructed,148.339996,5.042917,9.61,144.704801,142.9425,136.58065,True,2.512146,3.775991,8.609819,2.579365,0.221258,0.309884,0.0,0.0,True,1.0,,,,,,,,,,,2026-08-21T03:22:00Z
2017-10-16,reconstructed,148.850006,5.095,9.91,144.808801,143.0332,136.72635,True,2.790718,4.066752,8.867096,5.952381,0.222041,0.31035,0.0,0.0,True,1.0,,,,,,,,,,,2026-08-21T03:22:00Z
2017-10-17,reconstructed,149.039993,5.112917,10.31,144.898401,143.1139,136.87915,True,2.858273,4.140823,8.884365,10.912698,0.222011,0.309471,0.0,0.0,True,1.0,,,,,,,,,,,2026-08-21T03:22:00Z
2017-10-18,reconstructed,148.860001,5.093333,10.07,144.989401,143.1903,137.02575,True,2.669574,3.959556,8.636516,7.738095,0.219475,0.309203,-0.120768,-0.383033,True,1.0,,,,,,,,,,,2026-08-21T03:22:00Z
2017-10-19,reconstructed,148.309998,5.037083,10.05,145.073201,143.26,137.16635,True,2.231147,3.525058,8.124185,7.539683,0.209973,0.309869,-0.489799,-1.483181,True,1.0,,,,,,,,,,,2026-08-21T03:22:00Z
2017-10-20,reconstructed,148.710007,5.07375,9.97,145.226801,143.3342,137.30555,True,2.398459,3.75054,8.305897,6.547619,0.208926,0.307542,-0.221408,-0.766039,True,1.0,,,,,,,,,,,2026-08-21T03:22:00Z
2017-10-23,reconstructed,147.740005,4.979167,11.07,145.339601,143.3932,137.4346,True,1.651583,3.031389,7.498407,21.428571,0.183402,0.310192,-0.872241,-2.615923,True,1.0,,,,,,,,,,,2026-08-21T03:22:00Z
2017-10-24,reconstructed,147.990005,5.004583,11.16,145.420801,143.4385,137.5629,True,1.766738,3.173141,7.579882,22.02381,0.183272,0.308823,-0.704501,-2.118831,True,1.0,,,,,,,,,,,2026-08-21T03:22:00Z
2017-10-25,reconstructed,147.429993,4.94375,11.23,145.488801,143.4785,137.68705,True,1.334255,2.754066,7.076151,23.412698,0.172759,0.309937,-1.080247,-3.308621,True,1.0,,,,,,,,,,,2026-08-21T03:22:00Z
2017-10-26,reconstructed,146.960007,4.897917,11.3,145.542401,143.5195,137.8072,True,0.974015,2.39724,6.641748,24.801587,0.177468,0.310437,-1.39559,-4.205039,True,1.0,,,,,,,,,,,2026-08-21T03:22:00Z
2017-10-27,reconstructed,151.240005,5.32,9.8,145.740602,143.5977,137.9497,True,3.773419,5.322025,9.634168,4.166667,0.341862,0.355071,0.0,0.0,True,1.0,,,,,,,,,,,2026-08-21T03:22:00Z
2017-10-30,reconstructed,151.580002,5.357917,10.5,145.947602,143.6778,138.0918,True,3.859193,5.499946,9.767562,15.079365,0.341707,0.35518,0.0,0.0,True,1.0,,,,,,,,,,,2026-08-21T03:22:00Z
2017-10-31,reconstructed,152.149994,5.414583,10.18,146.169601,143.7995,138.2386,True,4.091406,5.807039,10.063321,10.515873,0.342093,0.354197,0.0,0.0,True,1.0,,,,,,,,,,,2026-08-21T03:22:00Z
2017-11-01,reconstructed,152.100006,5.4075,10.2,146.347602,143.9282,138.3839,True,3.930645,5.677696,9.911634,10.714286,0.342922,0.354046,-0.032854,-0.130821,True,1.0,,,,,,,,,,,2026-08-21T03:22:00Z
2017-11-02,reconstructed,151.809998,5.38,9.93,146.530002,144.0427,138.52805,True,3.603355,5.392357,9.587912,6.547619,0.334036,0.354147,-0.223461,-0.638703,True,1.0,,,,,,,,,,,2026-08-21T03:22:00Z
2017-11-03,reconstructed,153.270004,5.53,9.14,146.750002,144.1779,138.67815,True,4.442932,6.30617,10.522101,0.198413,0.344301,0.32868,0.0,0.0,True,1.0,,,,,,,,,,,2026-08-21T03:22:00Z
2017-11-06,reconstructed,153.789993,5.58625,9.4,146.986401,144.3245,138.83035,True,4.628722,6.55848,10.775485,0.793651,0.34331,0.326625,0.0,0.0,True,1.0,,,,,,,,,,,2026-08-21T03:22:00Z
2017-11-07,reconstructed,153.880005,5.595417,9.89,147.215801,144.4818,138.97885,True,4.526826,6.504767,10.721887,5.952381,0.343386,0.318436,0.0,0.0,True,1.0,,,,,,,,,,,2026-08-21T03:22:00Z
2017-11-08,reconstructed,154.5,5.665417,9.78,147.446401,144.6222,139.1242,True,4.783839,6.830071,11.051852,4.365079,0.344025,0.318968,0.0,0.0,True,1.0,,,,,,,,,,,2026-08-21T03:22:00Z
2017-11-09,reconstructed,153.690002,5.574583,10.5,147.627202,144.7655,139.26485,True,4.106832,6.164799,10.358071,16.666667,0.35084,0.321454,-0.52427,-1.603309,True,0.9976,,,,,,,,,,,2026-08-21T03:22:00Z
2017-11-10,reconstructed,153.679993,5.572917,11.29,147.776801,144.8949,139.40425,True,3.994667,6.063079,10.240536,26.785714,0.350871,0.291989,-0.530749,-1.632717,True,0.9975,,,,,,,,,,,2026-08-21T03:22:00Z
2017-11-13,reconstructed,153.869995,5.589583,11.5,147.934201,145.0266,139.5495,True,4.012455,6.097774,10.261947,31.349206,0.350424,0.291558,-0.40777,-1.338547,True,0.9988,,,,,,,,,,,2026-08-21T03:22:00Z
2017-11-14,reconstructed,153.309998,5.533333,11.59,148.106601,145.1473,139.6932,True,3.513278,5.623734,9.747645,33.134921,0.35441,0.292785,-0.770228,-2.331415,True,0.9876,,,,,,,,,,,2026-08-21T03:22:00Z
2017-11-15,reconstructed,152.589996,5.452083,13.13,148.255801,145.2674,139.829,True,2.923457,5.040771,9.126145,53.769841,0.35972,0.282915,-1.236248,-3.765549,True,0.973,,,,,,,,,,,2026-08-21T03:22:00Z
2017-11-16,reconstructed,154.539993,5.65625,11.76,148.437201,145.4325,139.9751,True,4.111363,6.262351,10.405346,35.912698,0.374345,0.289836,0.0,-0.16181,True,0.935,,,,,,,,,,,2026-08-21T03:22:00Z
2017-11-17,reconstructed,153.949997,5.592917,11.43,148.632001,145.5718,140.11645,True,3.577962,5.755371,9.872893,29.365079,0.379265,0.290413,-0.381776,-1.279698,True,0.9228,,,,,,,,,,,2026-08-21T03:22:00Z
2017-11-20,reconstructed,153.830002,5.579167,10.65,148.791201,145.7342,140.25645,True,3.386491,5.555183,9.677667,18.650794,0.370041,0.289874,-0.459422,-1.5224,True,0.9458,,,,,,,,,,,2026-08-21T03:22:00Z
2017-11-21,reconstructed,155.5,5.755,9.73,148.976801,145.9128,140.4025,True,4.378668,6.5705,10.753014,3.769841,0.380953,0.295167,0.0,0.0,True,0.9187,,,,,,,,,,,2026-08-21T03:22:00Z
2017-11-22,reconstructed,155.690002,5.777917,9.88,149.162201,146.1078,140.54845,True,4.376311,6.55831,10.773191,5.952381,0.374285,0.294706,0.0,0.0,True,0.9351,,,,,,,,,,,2026-08-21T03:22:00Z
2017-11-24,reconstructed,156.259995,5.842917,9.67,149.376201,146.2951,140.69495,True,4.60836,6.811503,11.062973,3.769841,0.368714,0.288232,0.0,0.0,True,0.9492,,,,,,,,,,,2026-08-21T03:22:00Z
2017-11-27,reconstructed,156.190002,5.833333,9.87,149.578801,146.4941,140.839,True,4.419879,6.61863,10.899682,6.150794,0.231493,0.28385,-0.044792,-0.164027,True,1.0,,,,,,,,,,,2026-08-21T03:22:00Z
2017-11-28,reconstructed,156.589996,5.87625,10.03,149.799601,146.6824,140.98145,True,4.532986,6.754455,11.071348,9.722222,0.231527,0.283837,0.0,0.0,True,1.0,,,,,,,,,,,2026-08-21T03:22:00Z
2017-11-29,reconstructed,153.860001,5.574167,10.7,149.960801,146.8344,141.1081,True,2.600146,4.78471,9.036973,20.238095,0.303969,0.299136,-1.743404,-5.140745,True,1.0,,,,,,,,,,,2026-08-21T03:22:00Z
2017-11-30,reconstructed,155.149994,5.7125,11.28,150.156801,146.9954,141.2374,True,3.325319,5.547516,9.850503,27.97619,0.314582,0.302238,-0.919601,-2.786636,True,1.0,,,,,,,,,,,2026-08-21T03:22:00Z
2017-12-01,reconstructed,154.490005,5.63625,11.43,150.357401,147.1333,141.3636,True,2.748521,5.000028,9.285563,31.150794,0.318716,0.304104,-1.341076,-4.084234,True,1.0,,,,,,,,,,,2026-08-21T03:22:00Z
2017-12-04,reconstructed,152.710007,5.441667,11.68,150.525201,147.2503,141.4781,True,1.451455,3.707773,7.938972,36.507937,0.329651,0.308582,-2.477802,-7.395579,True,1.0,,,,,,,,,,,2026-08-21T03:22:00Z
2017-12-05,reconstructed,152.809998,5.449583,11.33,150.7254,147.3572,141.5899,True,1.383043,3.700394,7.924363,29.166667,0.327317,0.302622,-2.413947,-7.260868,True,1.0,,,,,,,,,,,2026-08-21T03:22:00Z
2017-12-06,reconstructed,153.5,5.521667,11.02,150.932,147.4703,141.7049,True,1.701428,4.088755,8.323707,24.007937,0.331135,0.30319,-1.973304,-6.034168,True,1.0,,,,,,,,,,,2026-08-21T03:22:00Z
2017-12-07,reconstructed,154.020004,5.57625,10.16,151.1232,147.5791,141.82495,True,1.916849,4.364374,8.598667,11.904762,0.3299,0.303555,-1.641224,-5.105292,True,1.0,,,,,,,,,,,2026-08-21T03:22:00Z
2017-12-08,reconstructed,154.699997,5.65,9.58,151.329,147.6863,141.94715,True,2.227595,4.74905,8.984222,2.579365,0.328074,0.301593,-1.206973,-3.85024,True,1.0,,,,,,,,,,,2026-08-21T03:22:00Z
2017-12-11,reconstructed,155.899994,5.779583,9.34,151.538,147.8036,142.07455,True,2.878482,5.477805,9.731119,0.595238,0.337208,0.30418,-0.440643,-1.645043,True,1.0,,,,,,,,,,,2026-08-21T03:22:00Z
2017-12-12,reconstructed,155.690002,5.757917,9.92,151.7402,147.9194,142.2029,True,2.603003,5.253268,9.484408,8.333333,0.337804,0.304298,-0.574745,-2.013748,True,1.0,,,,,,,,,,,2026-08-21T03:22:00Z
2017-12-13,reconstructed,155.990005,5.786667,10.18,151.9422,148.0316,142.32565,True,2.664043,5.376153,9.600768,13.492063,0.335066,0.304312,-0.38316,-1.524491,True,1.0,,,,,,,,,,,2026-08-21T03:22:00Z
2017-12-14,reconstructed,155.880005,5.778333,10.49,152.1392,148.1464,142.45115,True,2.458804,5.220245,9.42699,18.253968,0.32933,0.303516,-0.453408,-1.666311,True,1.0,,,,,,,,,,,2026-08-21T03:22:00Z
2017-12-15,reconstructed,157.649994,5.96625,9.42,152.343,148.2742,142.5843,True,3.483582,6.323281,10.566166,1.190476,0.322921,0.305559,0.0,0.0,True,1.0,,,,,,,,,,,2026-08-21T03:22:00Z
2017-12-18,reconstructed,158.639999,6.119583,9.53,152.5626,148.421,142.72385,True,3.983545,6.885144,11.15171,2.579365,0.328121,0.308348,0.0,0.0,True,1.0,,,,,,,,,,,2026-08-21T03:22:00Z
2017-12-19,reconstructed,157.699997,6.02,10.03,152.7668,148.5596,142.8598,True,3.229234,6.15268,10.387945,10.912698,0.335703,0.30229,-0.592538,-1.627286,True,1.0,,,,,,,,,,,2026-08-21T03:22:00Z
2017-12-20,reconstructed,157.529999,5.995,9.72,152.9654,148.7026,142.99375,True,2.984073,5.936277,10.165653,4.761905,0.320492,0.302841,-0.699698,-2.035813,True,1.0,,,,,,,,,,,2026-08-21T03:22:00Z
2017-12-21,reconstructed,157.550003,5.992083,9.62,153.1556,148.8425,143.1273,True,2.869241,5.850145,10.076836,3.968254,0.320563,0.299412,-0.687088,-2.083476,True,1.0,,,,,,,,,,,2026-08-21T03:22:00Z
2017-12-22,reconstructed,157.369995,5.972083,9.9,153.3476,148.9767,143.2572,True,2.623057,5.633965,9.851369,8.730159,0.319169,0.299572,-0.800557,-2.410296,True,1.0,,,,,,,,,,,2026-08-21T03:22:00Z
2017-12-26,reconstructed,156.520004,5.875417,10.25,153.5112,149.108,143.38175,True,1.95999,4.970896,9.163129,15.47619,0.325062,0.30037,-1.336356,-3.989911,True,1.0,,,,,,,,,,,2026-08-21T03:22:00Z
2017-12-27,reconstructed,156.539993,5.875417,10.47,153.665,149.2369,143.508,True,1.870949,4.893624,9.081022,19.444444,0.324069,0.30046,-1.323756,-3.989911,True,1.0,,,,,,,,,,,2026-08-21T03:22:00Z
2017-12-28,reconstructed,156.729996,5.89125,10.18,153.8188,149.3586,143.63115,True,1.892614,4.935367,9.119781,14.880952,0.260477,0.300415,-1.203986,-3.731185,True,1.0,,,,,,,,,,,2026-08-21T03:22:00Z
2017-12-29,reconstructed,155.759995,5.78,11.04,153.9568,149.4731,143.7499,True,1.171234,4.206037,8.354854,27.18254,0.25788,0.303921,-1.815434,-5.549119,True,1.0,,,,,,,,,,,2026-08-21T03:22:00Z
2018-01-02,reconstructed,158.490005,6.076667,9.77,154.1604,149.6168,143.8839,True,2.808507,5.930621,10.151313,5.753968,0.308355,0.315308,-0.09455,-0.701294,True,1.0,,,,,,,,,,,2026-08-21T03:22:00Z
2018-01-03,reconstructed,160.029999,6.254583,9.15,154.3868,149.8068,144.025,True,3.655234,6.824255,11.112653,0.396825,0.285072,0.31967,0.0,0.0,True,1.0,,,,,,,,,,,2026-08-21T03:22:00Z
2018-01-04,reconstructed,160.309998,6.29125,9.22,154.638199,149.9889,144.1775,True,3.667786,6.881241,11.189331,0.793651,0.284335,0.319399,0.0,0.0,True,1.0,,,,,,,,,,,2026-08-21T03:22:00Z
2018-01-05,reconstructed,161.919998,6.48125,9.22,154.916799,150.1688,144.33365,True,4.520619,7.825326,12.18451,0.992063,0.29516,0.323785,0.0,0.0,True,1.0,,,,,,,,,,,2026-08-21T03:22:00Z
2018-01-08,reconstructed,162.550003,6.553333,9.52,155.2192,150.354,144.4946,True,4.722872,8.111525,12.495556,3.174603,0.295286,0.323952,0.0,0.0,True,1.0,,,,,,,,,,,2026-08-21T03:22:00Z
2018-01-09,reconstructed,162.559998,6.558333,10.08,155.531199,150.5368,144.65425,True,4.519221,7.986882,12.378307,13.492063,0.295823,0.323379,0.0,0.0,True,1.0,,,,,,,,,,,2026-08-21T03:22:00Z
2018-01-10,reconstructed,162.179993,6.511667,9.82,155.749999,150.7453,144.81095,True,4.128407,7.585439,11.994288,7.936508,0.294451,0.324003,-0.233763,-0.711555,True,1.0,,,,,,,,,,,2026-08-21T03:22:00Z
2018-01-11,reconstructed,163.289993,6.642083,9.88,155.984199,150.9659,144.9692,True,4.683676,8.163495,12.637715,8.928571,0.29595,0.325359,0.0,0.0,True,1.0,,,,,,,,,,,2026-08-21T03:22:00Z
2018-01-12,reconstructed,164.490005,6.782917,10.16,156.230999,151.2003,145.1304,True,5.286407,8.78947,13.339456,15.47619,0.29982,0.327115,0.0,0.0,True,1.0,,,,,,,,,,,2026-08-21T03:22:00Z
2018-01-16,reconstructed,164.020004,6.730417,11.66,156.469399,151.4085,145.28815,True,4.825611,8.329456,12.892899,41.468254,0.303304,0.327659,-0.285732,-0.774007,True,1.0,,,,,,,,,,,2026-08-21T03:22:00Z
2018-01-17,reconstructed,165.789993,6.9425,11.91,156.748999,151.6395,145.4552,True,5.767816,9.331667,13.980108,46.230159,0.302233,0.330431,0.0,0.0,True,1.0,,,,,,,,,,,2026-08-21T03:22:00Z
2018-01-18,reconstructed,165.820007,6.949167,12.22,156.999999,151.875,145.6228,True,5.61784,9.181898,13.869537,50.198413,0.295455,0.330545,0.0,0.0,True,1.0,,,,,,,,,,,2026-08-21T03:22:00Z
2018-01-19,reconstructed,166.339996,7.015833,11.27,157.250999,152.1187,145.79195,True,5.77993,9.348815,14.094089,32.738095,0.28297,0.326793,0.0,0.0,True,1.0,,,,,,,,,,,2026-08-21T03:22:00Z
2018-01-22,reconstructed,168.119995,7.235,11.03,157.535799,152.3758,145.9727,True,6.718597,10.332477,15.172217,28.968254,0.290866,0.330872,0.0,0.0,True,1.0,,,,,,,,,,,2026-08-21T03:22:00Z
2018-01-23,reconstructed,169.509995,7.418333,11.1,157.835999,152.6412,146.16005,True,7.396282,11.051272,15.9756,30.357143,0.293421,0.330828,0.0,0.0,True,1.0,,,,,,,,,,,2026-08-21T03:22:00Z
2018-01-24,reconstructed,168.410004,7.267917,11.47,158.130399,152.8788,146.34225,True,6.500714,10.159161,15.079551,38.690476,0.310008,0.333894,-0.648924,-2.027624,True,1.0,,,,,,,,,,,2026-08-21T03:22:00Z
2018-01-25,reconstructed,168.350006,7.25875,11.58,158.423799,153.1003,146.5239,True,6.265603,9.960598,14.895936,41.269841,0.297534,0.290375,-0.684319,-2.151199,True,1.0,,,,,,,,,,,2026-08-21T03:22:00Z
2018-01-26,reconstructed,170.929993,7.582917,11.08,158.764999,153.3496,146.7213,True,7.662264,11.464257,16.499781,30.357143,0.317602,0.301333,0.0,0.0,True,1.0,,,,,,,,,,,2026-08-21T03:22:00Z
2018-01-29,reconstructed,170.100006,7.4825,13.84,159.100799,153.6037,146.9172,True,6.913357,10.739524,15.779505,71.825397,0.3293,0.303726,-0.485571,-1.324255,True,1.0,,,,,,,,,,,2026-08-21T03:22:00Z
2018-01-30,reconstructed,168.699997,7.29125,14.79,159.422999,153.8394,147.1087,True,5.819109,9.659812,14.677104,80.555556,0.338393,0.310077,-1.304625,-3.846369,True,1.0,,,,,,,,,,,2026-08-21T03:22:00Z
2018-01-31,reconstructed,169.399994,7.38125,13.54,159.720199,154.0787,147.2983,True,6.06047,9.94381,15.004718,68.452381,0.304765,0.309669,-0.895103,-2.659495,True,1.0,,,,,,,,,,,2026-08-21T03:22:00Z
2018-02-01,reconstructed,167.960007,7.196667,13.47,160.000399,154.3162,147.4817,True,4.974742,8.841461,13.885321,67.857143,0.319646,0.31228,-1.737545,-5.093686,True,1.0,,,,,,,,,,,2026-08-21T03:22:00Z
2018-02-02,reconstructed,164.610001,6.757083,17.309999,160.215999,154.5036,147.6473,True,2.742548,6.541207,11.488663,91.666667,0.401337,0.339771,-3.697416,-10.89072,True,0.8721,,,,,,,,,,,2026-08-21T03:22:00Z
2018-02-05,reconstructed,158.119995,5.977083,37.32,160.268399,154.6226,147.77495,True,-1.340504,2.261891,7.000541,100.0,0.571529,0.41806,-7.494295,-21.176995,True,0.6124,,,,,,,,,,,2026-08-21T03:22:00Z
2018-02-06,reconstructed,162.309998,6.437917,29.98,160.400799,154.7815,147.9237,True,1.190267,4.863952,9.725485,99.801587,0.637893,0.445418,-5.042997,-15.099729,True,0.5487,,,,,,,,,,,2026-08-21T03:22:00Z
2018-02-07,reconstructed,160.210007,6.183333,27.73,160.479799,154.928,148.05395,True,-0.168116,3.40933,8.210559,99.404762,0.653037,0.452158,-6.271565,-18.457069,True,0.536,,,,,,,,,,,2026-08-21T03:22:00Z
2018-02-08,reconstructed,153.449997,5.417083,33.459999,160.424999,155.0019,148.14555,True,-4.347828,-1.001216,3.580565,99.801587,0.783495,0.520773,-10.226406,-28.562021,True,0.4467,,,,,,,,,,,2026-08-21T03:22:00Z
2018-02-09,reconstructed,156.100006,5.672083,29.059999,160.4152,155.1074,148.25135,True,-2.690015,0.639947,5.294155,99.404762,0.801969,0.529589,-8.676059,-25.199198,True,0.4364,,,,,,,,,,,2026-08-21T03:22:00Z
2018-02-12,reconstructed,158.869995,5.989583,25.610001,160.515399,155.2381,148.36695,True,-1.025076,2.339564,7.0791,98.809524,0.827066,0.540969,-7.055519,-21.012153,True,0.4232,,,,,,,,,,,2026-08-21T03:22:00Z
2018-02-13,reconstructed,159.690002,6.0625,24.969999,160.6062,155.3815,148.48545,True,-0.570462,2.772854,7.545893,98.611111,0.829165,0.54025,-6.575786,-20.050558,True,0.4221,,,,,,,,,,,2026-08-21T03:22:00Z
2018-02-14,reconstructed,162.679993,6.4175,19.26,160.769999,155.5637,148.61285,True,1.188028,4.57452,9.46563,94.84127,0.849772,0.547786,-4.826537,-15.368982,True,0.4119,,,,,,,,,,,2026-08-21T03:22:00Z
2018-02-15,reconstructed,165.699997,6.752917,19.129999,161.029799,155.7775,148.7542,True,2.900207,6.36966,11.391811,94.84127,0.871786,0.556278,-3.05973,-10.945661,True,0.4015,,,,,,,,,,,2026-08-21T03:22:00Z
2018-02-16,reconstructed,164.960007,6.6775,19.459999,161.272799,155.9991,148.89405,True,2.286317,5.744204,10.790194,96.031746,0.871886,0.55698,-3.49265,-11.940226,True,0.4014,,,,,,,,,,,2026-08-21T03:22:00Z
2018-02-20,reconstructed,165.289993,6.710833,20.6,161.508599,156.2203,149.0353,True,2.341296,5.805707,10.906606,97.02381,0.863961,0.553951,-3.299596,-11.500642,True,0.4051,,,,,,,,,,,2026-08-21T03:22:00Z
2018-02-21,reconstructed,164.820007,6.650417,20.02,161.724599,156.4239,149.1717,True,1.913999,5.367535,10.490132,96.230159,0.857968,0.55451,-3.574554,-12.297383,True,0.4079,,,,,,,,,,,2026-08-21T03:22:00Z
2018-02-22,reconstructed,164.800003,6.651667,18.719999,161.926599,156.6278,149.3065,True,1.77451,5.217594,10.376978,94.246032,0.855897,0.554267,-3.586257,-12.280895,True,0.4089,,,,,,,,,,,2026-08-21T03:22:00Z
2018-02-23,reconstructed,168.169998,7.047917,16.49,162.172,156.855,149.45575,True,3.698541,7.213668,12.521598,89.484127,0.884299,0.566249,-1.614693,-7.055336,True,0.3958,,,,,,,,,,,2026-08-21T03:22:00Z
2018-02-26,reconstructed,170.399994,7.330833,15.8,162.466199,157.1032,149.61575,True,4.883351,8.463732,13.891749,86.507937,0.881417,0.571094,-0.310068,-3.32437,True,0.3971,,,,,,,,,,,2026-08-21T03:22:00Z
2018-02-27,reconstructed,168.289993,7.068333,18.59,162.712199,157.3272,149.76575,True,3.428012,6.968149,12.368812,94.246032,0.889456,0.565456,-1.544492,-6.786096,True,0.3935,,,,,,,,,,,2026-08-21T03:22:00Z
2018-02-28,reconstructed,167.210007,6.92625,19.85,162.938799,157.539,149.9088,True,2.621357,6.138802,11.541155,96.626984,0.887691,0.566092,-2.176321,-8.659823,True,0.3943,,,,,,,,,,,2026-08-21T03:22:00Z
2018-03-01,reconstructed,164.479996,6.592917,22.469999,163.075399,157.7092,150.036,True,0.861317,4.293216,9.62702,98.015873,0.901449,0.575023,-3.773473,-13.055665,True,0.3883,,,,,,,,,,,2026-08-21T03:22:00Z
2018-03-02,reconstructed,165.990005,6.774167,19.59,163.222399,157.8925,150.16785,True,1.695604,5.128493,10.536314,96.230159,0.904524,0.571646,-2.890065,-10.665422,True,0.3869,,,,,,,,,,,2026-08-21T03:22:00Z
2018-03-05,reconstructed,167.830002,6.986667,18.73,163.424999,158.0959,150.32665,True,2.695428,6.157087,11.643546,94.444444,0.882936,0.574288,-1.813603,-7.86307,True,0.3964,,,,,,,,,,,2026-08-21T03:22:00Z
2018-03-06,reconstructed,168.539993,7.075,18.360001,163.645199,158.3053,150.48305,True,2.991101,6.465162,11.999321,92.857143,0.763707,0.574253,-1.398233,-6.698179,True,0.4583,,,,,,,,,,,2026-08-21T03:22:00Z
2018-03-07,reconstructed,168.929993,7.127917,17.76,163.872799,158.5142,150.6385,True,3.086048,6.57089,12.142641,91.865079,0.720868,0.574183,-1.17007,-6.000335,True,0.4855,,,,,,,,,,,2026-08-21T03:22:00Z
2018-03-08,reconstructed,169.860001,7.234167,16.540001,164.122599,158.735099,150.7928,True,3.495802,7.00847,12.644636,90.079365,0.700758,0.574299,-0.625983,-4.599155,True,0.4995,,,,,,,,,,,2026-08-21T03:22:00Z
2018-03-09,reconstructed,173.160004,7.655417,14.64,164.455399,158.9833,150.9629,True,5.292988,8.917103,14.703681,78.968254,0.517363,0.583544,0.0,0.0,True,0.6765,,,,,,,,,,,2026-08-21T03:22:00Z
2018-03-12,reconstructed,174.080002,7.77,15.78,164.806199,159.2356,151.1344,True,5.627096,9.322289,15.18225,86.706349,0.50581,0.583554,0.0,0.0,True,0.692,,,,,,,,,,,2026-08-21T03:22:00Z
2018-03-13,reconstructed,171.710007,7.487917,16.35,165.1058,159.4623,151.2881,True,3.999985,7.680629,13.498687,90.079365,0.515859,0.589868,-1.36144,-3.630412,True,0.6785,,,,,,,,,,,2026-08-21T03:22:00Z
2018-03-14,reconstructed,171.679993,7.4625,17.23,165.4242,159.6905,151.4404,True,3.781667,7.507956,13.364725,91.666667,0.518632,0.589972,-1.378682,-3.957527,True,0.6749,,,,,,,,,,,2026-08-21T03:22:00Z
2018-03-15,reconstructed,171.529999,7.429167,16.59,165.684999,159.9227,151.59135,True,3.527778,7.258069,13.152894,90.674603,0.489315,0.587459,-1.464845,-4.386528,True,0.7153,,,,,,,,,,,2026-08-21T03:22:00Z
2018-03-16,reconstructed,171.020004,7.38,15.8,165.904799,160.1458,151.74,True,3.083217,6.79019,12.705947,86.904762,0.462226,0.586174,-1.757811,-5.019303,True,0.7572,,,,,,,,,,,2026-08-21T03:22:00Z
2018-03-19,reconstructed,167.100006,6.916667,19.02,166.0406,160.3394,151.8663,True,0.638041,4.216435,10.030998,94.84127,0.518797,0.600554,-4.009648,-10.982407,True,0.6746,,,,,,,,,,,2026-08-21T03:22:00Z
2018-03-20,reconstructed,167.649994,6.9675,18.200001,166.1552,160.535999,151.98725,True,0.899637,4.431401,10.305301,92.65873,0.519028,0.600429,-3.693709,-10.328182,True,0.6743,,,,,,,,,,,2026-08-21T03:22:00Z
2018-03-21,reconstructed,166.919998,6.866667,17.860001,166.242599,160.7309,152.1047,True,0.407476,3.850597,9.740198,92.261905,0.520979,0.601482,-4.113054,-11.62591,True,0.6718,,,,,,,,,,,2026-08-21T03:22:00Z
2018-03-22,reconstructed,162.800003,6.365,23.34,166.2474,160.889299,152.2044,True,-2.073654,1.187589,6.96143,98.214286,0.585457,0.621264,-6.479779,-18.082371,True,0.5978,,,,,,,,,,,2026-08-21T03:22:00Z
2018-03-23,reconstructed,158.509995,5.850833,24.870001,166.174,160.961999,152.27985,True,-4.612036,-1.523344,4.091247,98.412698,0.602835,0.64299,-8.944168,-24.699705,True,0.5806,,,,,,,,,,,2026-08-21T03:22:00Z
2018-03-26,reconstructed,164.399994,6.509167,21.030001,166.1962,161.090199,152.384,True,-1.080774,2.054622,7.885338,97.02381,0.72314,0.682556,-5.560666,-16.226934,True,0.484,,,,,,,,,,,2026-08-21T03:22:00Z
2018-03-27,reconstructed,159.080002,5.885,22.5,166.088,161.159499,152.4795,True,-4.219449,-1.290335,4.32878,97.619048,0.785876,0.711794,-8.616728,-24.259971,True,0.4454,,,,,,,,,,,2026-08-21T03:22:00Z
2018-03-28,reconstructed,157.25,5.682083,22.870001,165.952599,161.210999,152.5696,True,-5.244027,-2.457028,3.067715,97.81746,0.790468,0.714367,-9.66797,-26.871517,True,0.4428,,,,,,,,,,,2026-08-21T03:22:00Z
2018-03-29,reconstructed,160.130005,5.996667,19.969999,165.8394,161.294199,152.66845,True,-3.442725,-0.721783,4.887424,95.436508,0.807141,0.715635,-8.013555,-22.82282,True,0.4336,,,,,,,,,,,2026-08-21T03:22:00Z
2018-04-02,reconstructed,155.509995,5.464167,23.620001,165.633199,161.316599,152.74725,True,-6.111821,-3.599509,1.808703,98.015873,0.852222,0.736182,-10.667513,-29.676099,True,0.4107,,,,,,,,,,,2026-08-21T03:22:00Z
2018-04-03,reconstructed,157.259995,5.6475,21.1,165.451599,161.351299,152.8379,True,-4.951058,-2.53565,2.893323,96.428571,0.853638,0.739491,-9.662228,-27.316602,True,0.41,,,,,,,,,,,2026-08-21T03:22:00Z
2018-04-04,reconstructed,159.740005,5.914583,20.059999,165.284,161.409899,152.94585,True,-3.354223,-1.034567,4.442197,95.238095,0.874015,0.743362,-8.23759,-23.879238,True,0.4005,,,,,,,,,,,2026-08-21T03:22:00Z
2018-04-05,reconstructed,160.649994,6.0075,18.940001,165.1068,161.471399,153.0468,True,-2.699347,-0.5087,4.967888,92.857143,0.876367,0.743726,-7.714848,-22.683395,True,0.3994,,,,,,,,,,,2026-08-21T03:22:00Z
2018-04-06,reconstructed,156.630005,5.559167,21.49,164.8712,161.500799,153.13315,True,-4.998565,-3.015957,2.283539,96.626984,0.903805,0.759134,-10.024125,-28.45345,True,0.3873,,,,,,,,,,,2026-08-21T03:22:00Z
2018-04-09,reconstructed,157.729996,5.670417,21.77,164.658799,161.541299,153.2181,True,-4.207977,-2.359337,2.944754,96.626984,0.87438,0.760328,-9.392237,-27.021662,True,0.4003,,,,,,,,,,,2026-08-21T03:22:00Z
2018-04-10,reconstructed,161.210007,6.045,20.469999,164.4644,161.614699,153.32065,True,-1.978783,-0.250406,5.145658,95.039683,0.914296,0.771574,-7.39315,-22.200771,True,0.3828,,,,,,,,,,,2026-08-21T03:22:00Z
2018-04-11,reconstructed,160.279999,5.943333,20.24,164.268,161.684399,153.41585,True,-2.427741,-0.868606,4.474211,94.84127,0.909717,0.770965,-7.927391,-23.509226,True,0.3847,,,,,,,,,,,2026-08-21T03:22:00Z
2018-04-12,reconstructed,162.210007,6.151667,18.49,164.1382,161.7806,153.524,True,-1.174738,0.265426,5.657752,90.47619,0.923506,0.774352,-6.818701,-20.827965,True,0.379,,,,,,,,,,,2026-08-21T03:22:00Z
2018-04-13,reconstructed,161.369995,6.060417,17.41,163.9776,161.8489,153.6407,True,-1.59022,-0.295896,5.03076,88.492063,0.923714,0.77204,-7.301245,-22.002353,True,0.3789,,,,,,,,,,,2026-08-21T03:22:00Z
2018-04-16,reconstructed,162.600006,6.194167,16.559999,163.8704,161.9354,153.7536,True,-0.775243,0.410415,5.753626,86.706349,0.930085,0.773489,-6.594667,-20.280989,True,0.3763,,,,,,,,,,,2026-08-21T03:22:00Z
2018-04-17,reconstructed,166.100006,6.590417,15.25,163.9002,162.0581,153.89615,True,1.342162,2.494109,7.92993,79.960317,0.938191,0.784536,-4.584097,-15.181249,True,0.3731,,,,,,,,,,,2026-08-21T03:22:00Z
2018-04-18,reconstructed,166.440002,6.63625,15.6,164.0666,162.1675,154.04015,True,1.446609,2.634623,8.049754,82.142857,0.938147,0.782005,-4.388786,-14.591377,True,0.3731,,,,,,,,,,,2026-08-21T03:22:00Z
2018-04-19,reconstructed,164.910004,6.455833,15.96,164.1186,162.2597,154.18375,True,0.482214,1.633372,6.956799,84.52381,0.94169,0.78208,-5.267692,-16.913347,True,0.3717,,,,,,,,,,,2026-08-21T03:22:00Z
2018-04-20,reconstructed,162.300003,6.14625,16.879999,164.1604,162.3201,154.3076,True,-1.13328,-0.012381,5.179527,87.301587,0.920326,0.78702,-6.767003,-20.897686,True,0.3803,,,,,,,,,,,2026-08-21T03:22:00Z
2018-04-23,reconstructed,161.889999,6.097917,16.34,164.3292,162.3771,154.4356,True,-1.484338,-0.299981,4.826866,85.714286,0.870642,0.787125,-7.002529,-21.519729,True,0.402,,,,,,,,,,,2026-08-21T03:22:00Z
2018-04-24,reconstructed,158.460007,5.709167,18.02,164.3764,162.3958,154.5391,True,-3.599296,-2.423581,2.537162,89.285714,0.799866,0.791215,-8.972883,-26.522947,True,0.4376,,,,,,,,,,,2026-08-21T03:22:00Z
2018-04-25,reconstructed,158.649994,5.731667,17.84,164.372,162.4437,154.63905,True,-3.481132,-2.335397,2.593746,88.690476,0.724904,0.791093,-8.863745,-26.233371,True,0.4828,,,,,,,,,,,2026-08-21T03:22:00Z
2018-04-26,reconstructed,161.990005,6.087083,16.24,164.418,162.5121,154.75375,True,-1.476721,-0.321265,4.675981,84.722222,0.74522,0.800814,-6.945081,-21.659165,True,0.4697,,,,,,,,,,,2026-08-21T03:22:00Z
2018-04-27,reconstructed,162.089996,6.10125,15.41,164.4062,162.5881,154.8607,True,-1.40883,-0.306359,4.668258,79.365079,0.720588,0.800325,-6.887641,-21.476832,True,0.4857,,,,,,,,,,,2026-08-21T03:22:00Z
2018-04-30,reconstructed,160.940002,5.97125,15.93,164.311,162.6704,154.96035,True,-2.051596,-1.063744,3.858827,82.936508,0.643693,0.799905,-7.548253,-23.149935,True,0.5437,,,,,,,,,,,2026-08-21T03:22:00Z
2018-05-01,reconstructed,162.779999,6.165417,15.49,164.2674,162.7701,155.06365,True,-0.905476,0.006082,4.976246,79.365079,0.643099,0.793268,-6.49127,-20.651001,True,0.5442,,,,,,,,,,,2026-08-21T03:22:00Z
2018-05-02,reconstructed,161.820007,6.057917,15.97,164.198,162.8533,155.1618,True,-1.448247,-0.634493,4.291138,83.531746,0.627741,0.757105,-7.042736,-22.034529,True,0.5576,,,,,,,,,,,2026-08-21T03:22:00Z
2018-05-03,reconstructed,161.800003,6.058333,15.9,164.1376,162.9311,155.2551,True,-1.424169,-0.694218,4.21558,81.944444,0.625642,0.740464,-7.054227,-22.029177,True,0.5594,,,,,,,,,,,2026-08-21T03:22:00Z
2018-05-04,reconstructed,164.869995,6.399167,14.77,164.139,163.0328,155.35955,True,0.445351,1.126887,6.121571,76.587302,0.586642,0.74459,-5.290675,-17.642637,True,0.5966,,,,,,,,,,,2026-08-21T03:22:00Z
2018-05-07,reconstructed,166.240005,6.55125,14.75,164.1004,163.1362,155.4699,True,1.303839,1.902585,6.927454,76.190476,0.587837,0.698268,-4.503674,-15.685328,True,0.5954,,,,,,,,,,,2026-08-21T03:22:00Z
2018-05-08,reconstructed,166.070007,6.529583,14.71,164.013801,163.24,155.5797,True,1.253679,1.733648,6.742722,75.793651,0.546946,0.692645,-4.60133,-15.964183,True,0.6399,,,,,,,,,,,2026-08-21T03:22:00Z
2018-05-09,reconstructed,167.880005,6.748333,13.42,164.005601,163.3589,155.69525,True,2.362361,2.76759,7.826029,66.071429,0.550182,0.686851,-3.561579,-13.148868,True,0.6362,,,,,,,,,,,2026-08-21T03:22:00Z
2018-05-10,reconstructed,169.619995,6.958333,13.23,164.053801,163.4963,155.82135,True,3.392908,3.745464,8.855426,64.087302,0.547687,0.689035,-2.562044,-10.446164,True,0.6391,,,,,,,,,,,2026-08-21T03:22:00Z
2018-05-11,reconstructed,169.460007,6.9375,12.65,164.153401,163.6144,155.9443,True,3.232711,3.572795,8.667009,57.34127,0.543094,0.679405,-2.653949,-10.714285,True,0.6445,,,,,,,,,,,2026-08-21T03:22:00Z
2018-05-14,reconstructed,169.75,6.968333,12.93,164.228601,163.7255,156.07325,True,3.362021,3.679634,8.763033,61.111111,0.540349,0.671377,-2.487363,-10.317467,True,0.6477,,,,,,,,,,,2026-08-21T03:22:00Z
2018-05-15,reconstructed,167.869995,6.742917,14.63,164.229401,163.8272,156.1934,True,2.216774,2.467719,7.475729,74.801587,0.511777,0.674467,-3.567329,-13.21857,True,0.6839,,,,,,,,,,,2026-08-21T03:22:00Z
2018-05-16,reconstructed,168.979996,6.867083,13.42,164.238201,163.9417,156.32215,True,2.887145,3.073224,8.097282,66.865079,0.514963,0.675362,-2.929691,-11.620552,True,0.6797,,,,,,,,,,,2026-08-21T03:22:00Z
2018-05-17,reconstructed,168.330002,6.789583,13.43,164.226201,164.0495,156.446,True,2.498871,2.609275,7.596232,67.261905,0.505937,0.675527,-3.303079,-12.617977,True,0.6918,,,,,,,,,,,2026-08-21T03:22:00Z
2018-05-18,reconstructed,167.460007,6.680833,13.42,164.178201,164.1504,156.56355,True,1.998929,2.016204,6.959766,67.063492,0.475029,0.676451,-3.802846,-14.017595,True,0.7368,,,,,,,,,,,2026-08-21T03:22:00Z
2018-05-21,reconstructed,168.399994,6.7975,13.08,164.083001,164.2692,156.6886,True,2.630981,2.514649,7.474311,62.698413,0.47472,0.666298,-3.262872,-12.516086,True,0.7373,,,,,,,,,,,2026-08-21T03:22:00Z
2018-05-22,reconstructed,168.179993,6.762083,13.22,163.965001,164.3856,156.81125,True,2.570666,2.308227,7.249953,64.68254,0.400535,0.661169,-3.389252,-12.971904,True,0.8738,,,,,,,,,,,2026-08-21T03:22:00Z
2018-05-23,reconstructed,169.600006,6.932083,12.58,163.922801,164.5143,156.93645,True,3.463341,3.091346,8.069225,56.746032,0.404179,0.659058,-2.573527,-10.784001,True,0.866,,,,,,,,,,,2026-08-21T03:22:00Z
2018-05-24,reconstructed,169.550003,6.92625,12.53,163.880201,164.6522,157.06265,True,3.459724,2.974636,7.950555,56.349206,0.355224,0.657663,-2.602251,-10.859073,True,0.9853,,,,,,,,,,,2026-08-21T03:22:00Z
2018-05-25,reconstructed,169.720001,6.94375,13.22,163.844001,164.7645,157.19065,True,3.586338,3.007627,7.970799,65.277778,0.355192,0.649696,-2.504596,-10.633849,True,0.9854,,,,,,,,,,,2026-08-21T03:22:00Z
2018-05-29,reconstructed,168.970001,6.855,17.02,163.803001,164.8539,157.33035,True,3.154399,2.496818,7.398224,86.904762,0.347473,0.648106,-2.935432,-11.776061,True,1.0,,,,,,,,,,,2026-08-21T03:22:00Z
2018-05-30,reconstructed,170.179993,7.00125,14.94,163.864601,164.9526,157.47075,True,3.854031,3.169027,8.070859,78.174603,0.338805,0.646424,-2.240355,-9.893825,True,1.0,,,,,,,,,,,2026-08-21T03:22:00Z
2018-05-31,reconstructed,170.070007,6.98625,15.43,163.913001,165.0341,157.60145,True,3.756265,3.051434,7.911448,79.960317,0.328616,0.645982,-2.303535,-10.086873,True,1.0,,,,,,,,,,,2026-08-21T03:22:00Z
2018-06-01,reconstructed,172.740005,7.31125,13.46,164.029401,165.136,157.745,True,5.310392,4.604693,9.505851,68.650794,0.355242,0.652676,-0.769759,-5.904115,True,0.9852,,,,,,,,,,,2026-08-21T03:22:00Z
2018-06-04,reconstructed,174.300003,7.49875,12.74,164.259401,165.2534,157.8951,True,6.11265,5.474382,10.389748,58.730159,0.316511,0.654005,0.0,-3.490988,True,1.0,,,,,,,,,,,2026-08-21T03:22:00Z
2018-06-05,reconstructed,174.839996,7.57625,12.4,164.586001,165.38,158.06265,True,6.230175,5.720157,10.614365,54.365079,0.311268,0.643522,0.0,-2.493564,True,1.0,,,,,,,,,,,2026-08-21T03:22:00Z
2018-06-06,reconstructed,175.860001,7.70125,11.64,164.815201,165.5057,158.2358,True,6.701323,6.256159,11.137935,42.261905,0.310105,0.643675,0.0,-0.884812,True,1.0,,,,,,,,,,,2026-08-21T03:22:00Z
2018-06-07,reconstructed,174.429993,7.5225,12.13,165.122201,165.6051,158.4027,True,5.636911,5.328877,10.118068,50.793651,0.314687,0.641017,-0.813151,-3.185327,True,1.0,,,,,,,,,,,2026-08-21T03:22:00Z
2018-06-08,reconstructed,174.440002,7.5175,12.18,165.466001,165.7093,158.5589,True,5.423472,5.268686,10.015901,51.190476,0.300445,0.640964,-0.807459,-3.249679,True,1.0,,,,,,,,,,,2026-08-21T03:22:00Z
2018-06-11,reconstructed,174.910004,7.57625,12.35,165.761601,165.8005,158.72,True,5.519012,5.494256,10.200355,53.968254,0.299536,0.641016,-0.540201,-2.493564,True,1.0,,,,,,,,,,,2026-08-21T03:22:00Z
2018-06-12,reconstructed,175.830002,7.69625,12.34,166.168001,165.9006,158.8878,True,5.814598,5.985151,10.662997,53.968254,0.302186,0.641508,-0.017058,-0.949164,True,1.0,,,,,,,,,,,2026-08-21T03:22:00Z
2018-06-13,reconstructed,175.820007,7.6875,12.94,166.539201,165.9954,159.05705,True,5.572746,5.918602,10.538959,63.293651,0.269339,0.627406,-0.022742,-1.061776,True,1.0,,,,,,,,,,,2026-08-21T03:22:00Z
2018-06-14,reconstructed,177.600006,7.92125,12.12,166.896401,166.090201,159.233,True,6.413323,6.929852,11.534673,50.793651,0.279425,0.629935,0.0,0.0,True,1.0,,,,,,,,,,,2026-08-21T03:22:00Z
2018-06-15,reconstructed,176.979996,7.8425,11.98,167.223001,166.164901,159.40305,True,5.83472,6.508652,11.026731,48.809524,0.278276,0.629469,-0.349105,-0.994157,True,1.0,,,,,,,,,,,2026-08-21T03:22:00Z
2018-06-18,reconstructed,176.5,7.825,12.31,167.620401,166.2458,159.5623,True,5.297445,6.168095,10.615101,53.968254,0.266977,0.609332,-0.619373,-1.215087,True,1.0,,,,,,,,,,,2026-08-21T03:22:00Z
2018-06-19,reconstructed,176.0,7.755,13.35,167.985801,166.3223,159.7113,True,4.77076,5.818642,10.19884,68.650794,0.271077,0.583802,-0.900904,-2.098782,True,1.0,,,,,,,,,,,2026-08-21T03:22:00Z
2018-06-20,reconstructed,177.25,7.9175,12.79,168.306601,166.3855,159.86755,True,5.313754,6.529715,10.873032,61.111111,0.271678,0.540584,-0.197076,-0.047339,True,1.0,,,,,,,,,,,2026-08-21T03:22:00Z
2018-06-21,reconstructed,175.710007,7.7125,14.64,168.615201,166.4416,160.02265,True,4.20769,5.568564,9.80321,77.380952,0.288957,0.503161,-1.064189,-2.635314,True,1.0,,,,,,,,,,,2026-08-21T03:22:00Z
2018-06-22,reconstructed,175.320007,7.635,13.77,168.877401,166.507801,160.1736,True,3.81496,5.292369,9.456244,73.809524,0.293452,0.497429,-1.283783,-3.613693,True,1.0,,,,,,,,,,,2026-08-21T03:22:00Z
2018-06-25,reconstructed,171.369995,7.1475,17.33,169.077401,166.527501,160.3031,True,1.355943,2.907925,6.903731,89.484127,0.38218,0.506228,-3.507889,-9.768027,True,0.9158,,,,,,,,,,,2026-08-21T03:22:00Z
2018-06-26,reconstructed,172.070007,7.22625,15.92,169.266801,166.568601,160.4424,True,1.656087,3.302787,7.247216,84.920635,0.379527,0.468473,-3.113738,-8.773864,True,0.9222,,,,,,,,,,,2026-08-21T03:22:00Z
2018-06-27,reconstructed,169.729996,6.93625,17.91,169.339401,166.619801,160.5617,True,0.230658,1.866642,5.710138,91.071429,0.40201,0.473667,-4.431312,-12.434902,True,0.8706,,,,,,,,,,,2026-08-21T03:22:00Z
2018-06-28,reconstructed,171.190002,7.10625,16.85,169.434401,166.750501,160.68655,True,1.036154,2.662362,6.536609,88.690476,0.411289,0.467001,-3.609236,-10.288781,True,0.851,,,,,,,,,,,2026-08-21T03:22:00Z
2018-06-29,reconstructed,171.649994,7.13875,16.09,169.569201,166.843901,160.8127,True,1.227105,2.880593,6.739078,86.111111,0.37533,0.466314,-3.350232,-9.878489,True,0.9325,,,,,,,,,,,2026-08-21T03:22:00Z
2018-07-02,reconstructed,172.800003,7.29875,15.6,169.779201,166.969801,160.9489,True,1.779253,3.491771,7.36327,83.333333,0.37246,0.438629,-2.702704,-7.858608,True,0.9397,,,,,,,,,,,2026-08-21T03:22:00Z
2018-07-03,reconstructed,170.800003,7.0475,16.139999,169.957401,167.143301,161.0726,True,0.495772,2.187765,6.039142,86.309524,0.387828,0.444774,-3.82883,-11.030453,True,0.9025,,,,,,,,,,,2026-08-21T03:22:00Z
2018-07-05,reconstructed,172.919998,7.30625,14.97,170.246601,167.311501,161.20945,True,1.570309,3.352129,7.264182,79.960317,0.407663,0.431148,-2.63514,-7.763923,True,0.8586,,,,,,,,,,,2026-08-21T03:22:00Z
2018-07-06,reconstructed,175.610001,7.635,13.37,170.585801,167.478901,161.3585,True,2.945262,4.855,8.832197,69.642857,0.432428,0.437257,-1.120499,-3.613693,True,0.8094,,,,,,,,,,,2026-08-21T03:22:00Z
2018-07-09,reconstructed,177.190002,7.8475,12.69,170.889801,167.653901,161.5177,True,3.686704,5.687969,9.703148,59.920635,0.442599,0.435352,-0.230858,-0.93104,True,0.7908,,,,,,,,,,,2026-08-21T03:22:00Z
2018-07-10,reconstructed,177.320007,7.86625,12.64,171.194401,167.800301,161.682,True,3.578158,5.673236,9.672077,59.52381,0.442157,0.433523,-0.157657,-0.694333,True,0.7916,,,,,,,,,,,2026-08-21T03:22:00Z
2018-07-11,reconstructed,176.419998,7.75125,13.63,171.504001,167.907501,161.8425,True,2.866404,5.069754,9.007212,73.412698,0.442961,0.433773,-0.664419,-2.146127,True,0.7901,,,,,,,,,,,2026-08-21T03:22:00Z
2018-07-12,reconstructed,179.460007,8.13375,12.58,171.837601,168.052501,162.0258,True,4.435819,6.788061,10.760142,58.928571,0.475214,0.426121,0.0,0.0,True,0.7365,,,,,,,,,,,2026-08-21T03:22:00Z
2018-07-13,reconstructed,179.610001,8.1575,12.18,172.193401,168.195701,162.208,True,4.307133,6.786321,10.728201,51.785714,0.464273,0.426077,0.0,0.0,True,0.7539,,,,,,,,,,,2026-08-21T03:22:00Z
2018-07-16,reconstructed,179.179993,8.1025,12.83,172.541001,168.339301,162.3816,True,3.847776,6.439787,10.34501,62.5,0.463331,0.421765,-0.239412,-0.67423,True,0.7554,,,,,,,,,,,2026-08-21T03:22:00Z
2018-07-17,reconstructed,180.270004,8.2525,12.06,172.849001,168.494001,162.5609,True,4.293345,6.988975,10.893827,50.595238,0.466634,0.408487,0.0,0.0,True,0.7501,,,,,,,,,,,2026-08-21T03:22:00Z
2018-07-18,reconstructed,179.929993,8.2,12.1,173.122801,168.611601,162.7333,True,3.932002,6.712701,10.567408,50.992063,0.465841,0.408292,-0.188612,-0.636168,True,0.7513,,,,,,,,,,,2026-08-21T03:22:00Z
2018-07-19,reconstructed,179.029999,8.07875,12.87,173.382001,168.697901,162.90055,True,3.257546,6.124616,9.901408,63.690476,0.465055,0.384578,-0.68786,-2.105422,True,0.7526,,,,,,,,,,,2026-08-21T03:22:00Z
2018-07-20,reconstructed,178.990005,8.0675,12.86,173.604201,168.804901,163.06605,True,3.102347,6.033655,9.765341,63.095238,0.453972,0.384861,-0.710045,-2.241739,True,0.771,,,,,,,,,,,2026-08-21T03:22:00Z
2018-07-23,reconstructed,179.559998,8.1375,12.62,173.803001,168.928401,163.2337,True,3.312369,6.293552,10.001793,59.126984,0.451889,0.366808,-0.393857,-1.393514,True,0.7745,,,,,,,,,,,2026-08-21T03:22:00Z
2018-07-24,reconstructed,180.300003,8.24125,12.41,174.019801,169.086601,163.3979,True,3.608901,6.631751,10.344137,56.349206,0.375663,0.367091,0.0,-0.136317,True,0.9317,,,,,,,,,,,2026-08-21T03:22:00Z
2018-07-25,reconstructed,182.820007,8.585,12.29,174.281201,169.254901,163.5737,True,4.899442,8.014602,11.766138,53.571429,0.39488,0.370297,0.0,0.0,True,0.8863,,,,,,,,,,,2026-08-21T03:22:00Z
2018-07-26,reconstructed,180.050003,8.21,12.14,174.524801,169.377101,163.7365,True,3.165855,6.301266,9.963266,51.388889,0.400886,0.380084,-1.515154,-4.368084,True,0.8731,,,,,,,,,,,2026-08-21T03:22:00Z
2018-07-27,reconstructed,177.619995,7.8675,13.03,174.697601,169.467901,163.8866,True,1.67283,4.810406,8.379816,65.873016,0.433956,0.389369,-2.844334,-8.357603,True,0.8065,,,,,,,,,,,2026-08-21T03:22:00Z
2018-07-30,reconstructed,175.110001,7.52875,14.26,174.833201,169.529701,164.02195,True,0.158322,3.291635,6.760102,76.190476,0.466923,0.401387,-4.217266,-12.303437,True,0.7496,,,,,,,,,,,2026-08-21T03:22:00Z
2018-07-31,reconstructed,176.449997,7.67875,12.83,175.013001,169.595601,164.16535,True,0.82108,4.041612,7.483094,62.103175,0.465637,0.387838,-3.484307,-10.556203,True,0.7517,,,,,,,,,,,2026-08-21T03:22:00Z
2018-08-01,reconstructed,177.119995,7.78375,13.15,175.187401,169.635201,164.30925,True,1.103158,4.412288,7.796728,66.865079,0.445291,0.386115,-3.117827,-9.333139,True,0.786,,,,,,,,,,,2026-08-21T03:22:00Z
2018-08-02,reconstructed,179.529999,8.09375,12.19,175.414401,169.689701,164.46265,True,2.346214,5.798995,9.161563,51.984127,0.448324,0.393081,-1.799589,-5.72219,True,0.7807,,,,,,,,,,,2026-08-21T03:22:00Z
2018-08-03,reconstructed,180.080002,8.16625,11.64,175.624001,169.773401,164.61785,True,2.537239,6.070799,9.392755,42.460317,0.423806,0.388373,-1.498745,-4.877691,True,0.8258,,,,,,,,,,,2026-08-21T03:22:00Z
2018-08-06,reconstructed,181.139999,8.31625,11.27,175.855801,169.868001,164.77925,True,3.004847,6.63574,9.928889,33.531746,0.417952,0.385365,-0.918941,-3.130462,True,0.8374,,,,,,,,,,,2026-08-21T03:22:00Z
2018-08-07,reconstructed,181.800003,8.3975,10.93,176.097401,169.970701,164.9467,True,3.238323,6.959613,10.217423,28.174603,0.418575,0.385367,-0.557928,-2.184042,True,0.8362,,,,,,,,,,,2026-08-21T03:22:00Z
2018-08-08,reconstructed,182.020004,8.42,10.85,176.358401,170.080701,165.11325,True,3.210283,7.019787,10.23949,27.18254,0.413054,0.385365,-0.437591,-1.921956,True,0.8473,,,,,,,,,,,2026-08-21T03:22:00Z
2018-08-09,reconstructed,181.910004,8.4125,11.27,176.593001,170.228801,165.2841,True,3.01088,6.86206,10.058985,34.126984,0.377635,0.37821,-0.497759,-2.009315,True,0.9268,,,,,,,,,,,2026-08-21T03:22:00Z
2018-08-10,reconstructed,180.520004,8.21625,13.16,176.802001,170.357501,165.44675,True,2.102919,5.965398,9.110638,67.063492,0.388096,0.381067,-1.25807,-4.295278,True,0.9018,,,,,,,,,,,2026-08-21T03:22:00Z
2018-08-13,reconstructed,180.320007,8.1925,14.78,176.953601,170.491501,165.6112,True,1.902423,5.764807,8.881529,79.166667,0.387364,0.380084,-1.367465,-4.571927,True,0.9035,,,,,,,,,,,2026-08-21T03:22:00Z
2018-08-14,reconstructed,181.449997,8.34375,13.31,177.096601,170.678001,165.78365,True,2.458204,6.311297,9.449874,68.253968,0.387333,0.37912,-0.749377,-2.810134,True,0.9036,,,,,,,,,,,2026-08-21T03:22:00Z
2018-08-15,reconstructed,179.229996,8.04,14.64,177.184401,170.885201,165.9236,True,1.1545,4.883275,8.019592,77.777778,0.408821,0.386938,-1.963686,-6.348283,True,0.8561,,,,,,,,,,,2026-08-21T03:22:00Z
2018-08-16,reconstructed,179.820007,8.11375,13.45,177.263601,171.039401,166.0648,True,1.44215,5.133675,8.283036,70.833333,0.406687,0.386742,-1.640958,-5.48922,True,0.8606,,,,,,,,,,,2026-08-21T03:22:00Z
2018-08-17,reconstructed,179.860001,8.1125,12.64,177.372201,171.247201,166.20335,True,1.402587,5.029454,8.216832,59.325397,0.406633,0.384116,-1.619082,-5.503784,True,0.8607,,,,,,,,,,,2026-08-21T03:22:00Z
2018-08-20,reconstructed,179.699997,8.09625,12.49,177.477401,171.471701,166.34135,True,1.252326,4.798632,8.030863,56.944444,0.405582,0.384172,-1.706602,-5.693075,True,0.863,,,,,,,,,,,2026-08-21T03:22:00Z
2018-08-21,reconstructed,180.360001,8.18,12.86,177.586401,171.674001,166.4841,True,1.561831,5.059589,8.33467,62.103175,0.404673,0.384474,-1.345589,-4.717527,True,0.8649,,,,,,,,,,,2026-08-21T03:22:00Z
2018-08-22,reconstructed,181.059998,8.275,12.25,177.691001,171.929501,166.62305,True,1.895986,5.310605,8.664436,52.380952,0.376595,0.383439,-0.962701,-3.610954,True,0.9294,,,,,,,,,,,2026-08-21T03:22:00Z
2018-08-23,reconstructed,180.800003,8.23375,12.41,177.790601,172.164901,166.7581,True,1.692667,5.0156,8.420522,55.753968,0.342728,0.381982,-1.104914,-4.091435,True,1.0,,,,,,,,,,,2026-08-21T03:22:00Z
2018-08-24,reconstructed,182.479996,8.4625,11.99,177.888201,172.392301,166.9011,True,2.581281,5.851592,9.334208,48.214286,0.317388,0.385173,-0.185982,-1.426912,True,1.0,,,,,,,,,,,2026-08-21T03:22:00Z
2018-08-27,reconstructed,184.339996,8.7175,12.16,178.035401,172.629201,167.0503,True,3.541203,6.783786,10.349994,50.793651,0.277806,0.378765,0.0,0.0,True,1.0,,,,,,,,,,,2026-08-21T03:22:00Z
2018-08-28,reconstructed,184.610001,8.75625,12.5,178.197601,172.909001,167.2049,True,3.598477,6.767143,10.409444,57.539683,0.274034,0.375884,0.0,0.0,True,1.0,,,,,,,,,,,2026-08-21T03:22:00Z
2018-08-29,reconstructed,186.740005,9.0625,12.25,178.412401,173.199101,167.3702,True,4.667615,7.818115,11.573031,52.97619,0.291095,0.381328,0.0,0.0,True,1.0,,,,,,,,,,,2026-08-21T03:22:00Z
2018-08-30,reconstructed,186.410004,9.01125,13.53,178.595601,173.451101,167.5329,True,4.375473,7.471214,11.267699,72.222222,0.268615,0.380749,-0.176717,-0.565522,True,1.0,,,,,,,,,,,2026-08-21T03:22:00Z
2018-08-31,reconstructed,186.649994,9.0375,12.86,178.814401,173.714801,167.6996,True,4.38197,7.446224,11.300202,63.095238,0.268445,0.37684,-0.048202,-0.275858,True,1.0,,,,,,,,,,,2026-08-21T03:22:00Z
2018-09-04,reconstructed,185.850006,8.93,13.16,179.025001,173.951201,167.8659,True,3.81232,6.840312,10.713376,67.063492,0.27027,0.37805,-0.476598,-1.462066,True,1.0,,,,,,,,,,,2026-08-21T03:22:00Z
2018-09-05,reconstructed,183.449997,8.575,13.91,179.266601,174.172001,168.01045,True,2.333617,5.326916,9.189635,73.809524,0.309806,0.387984,-1.761812,-5.379312,True,1.0,,,,,,,,,,,2026-08-21T03:22:00Z
2018-09-06,reconstructed,181.809998,8.34125,14.65,179.4614,174.364101,168.14975,True,1.308692,4.270315,8.123858,77.777778,0.325762,0.391626,-2.640038,-7.958616,True,1.0,,,,,,,,,,,2026-08-21T03:22:00Z
2018-09-07,reconstructed,181.110001,8.25875,14.88,179.689001,174.514201,168.28615,True,0.790811,3.77952,7.620265,79.365079,0.327552,0.392302,-3.01489,-8.868966,True,1.0,,,,,,,,,,,2026-08-21T03:22:00Z
2018-09-10,reconstructed,181.720001,8.33125,14.16,179.899601,174.667001,168.41725,True,1.011898,4.03797,7.898687,74.603175,0.317841,0.387975,-2.688232,-8.068963,True,1.0,,,,,,,,,,,2026-08-21T03:22:00Z
2018-09-11,reconstructed,183.119995,8.51625,13.22,180.129001,174.849101,168.5544,True,1.660474,4.730304,8.64148,67.261905,0.326258,0.389644,-1.93853,-6.02759,True,1.0,,,,,,,,,,,2026-08-21T03:22:00Z
2018-09-12,reconstructed,182.580002,8.4425,13.14,180.324601,175.051901,168.686,True,1.250745,4.300497,8.236606,65.674603,0.322445,0.390142,-2.227698,-6.841378,True,1.0,,,,,,,,,,,2026-08-21T03:22:00Z
2018-09-13,reconstructed,184.529999,8.6925,12.37,180.5992,175.278301,168.8277,True,2.176531,5.278291,9.300783,54.563492,0.3062,0.393691,-1.183467,-4.082757,True,1.0,,,,,,,,,,,2026-08-21T03:22:00Z
2018-09-14,reconstructed,183.990005,8.62625,12.07,180.820601,175.533601,168.9647,True,1.75279,4.817542,8.892571,48.809524,0.308295,0.392232,-1.472636,-4.81379,True,1.0,,,,,,,,,,,2026-08-21T03:22:00Z
2018-09-17,reconstructed,181.339996,8.2625,13.68,180.935201,175.760501,169.1021,True,0.223724,3.174488,7.236986,73.214286,0.34796,0.398497,-2.891726,-8.827588,True,1.0,,,,,,,,,,,2026-08-21T03:22:00Z
2018-09-18,reconstructed,182.839996,8.45875,12.79,181.0482,175.969001,169.24055,True,0.989679,3.904663,8.035572,61.111111,0.356768,0.400343,-2.08847,-6.662071,True,0.981,,,,,,,,,,,2026-08-21T03:22:00Z
2018-09-19,reconstructed,182.699997,8.44,11.75,181.1558,176.175101,169.3816,True,0.852414,3.703643,7.862954,44.444444,0.355858,0.376227,-2.16344,-6.86897,True,0.9835,,,,,,,,,,,2026-08-21T03:22:00Z
2018-09-20,reconstructed,184.720001,8.705,11.8,181.3218,176.412901,169.54165,True,1.874127,4.708896,8.952579,45.634921,0.36975,0.380366,-1.08172,-3.944828,True,0.9466,,,,,,,,,,,2026-08-21T03:22:00Z
2018-09-21,reconstructed,183.710007,8.56625,11.68,181.4068,176.622201,169.69615,True,1.269636,4.012976,8.258205,43.253968,0.374816,0.371675,-1.622576,-5.475864,True,0.9338,,,,,,,,,,,2026-08-21T03:22:00Z
2018-09-24,reconstructed,183.889999,8.64,12.2,181.4924,176.842901,169.8481,True,1.321047,3.984949,8.267328,51.785714,0.3635,0.36931,-1.526189,-4.662065,True,0.9629,,,,,,,,,,,2026-08-21T03:22:00Z
2018-09-25,reconstructed,184.139999,8.675,12.42,181.5916,177.066301,169.9987,True,1.403368,3.994944,8.318475,56.944444,0.347487,0.369306,-1.392313,-4.27586,True,1.0,,,,,,,,,,,2026-08-21T03:22:00Z
2018-09-26,reconstructed,184.270004,8.66625,12.89,181.6716,177.260301,170.14655,True,1.430275,3.954469,8.300758,64.285714,0.347097,0.367302,-1.322695,-4.372411,True,1.0,,,,,,,,,,,2026-08-21T03:22:00Z
2018-09-27,reconstructed,185.830002,8.90625,12.41,181.789601,177.456201,170.2962,True,2.22257,4.718799,9.121637,56.746032,0.338132,0.362201,-0.487311,-1.724138,True,1.0,,,,,,,,,,,2026-08-21T03:22:00Z
2018-09-28,reconstructed,185.789993,8.8925,12.12,181.9248,177.653401,170.4467,True,2.12461,4.580038,9.001813,50.198413,0.33764,0.355949,-0.508735,-1.875863,True,1.0,,,,,,,,,,,2026-08-21T03:22:00Z
2018-10-01,reconstructed,186.169998,8.94375,12.0,182.0684,177.836301,170.5976,True,2.252779,4.686162,9.128146,48.611111,0.338167,0.34535,-0.305241,-1.310341,True,1.0,,,,,,,,,,,2026-08-21T03:22:00Z
2018-10-02,reconstructed,185.75,8.8925,12.05,182.1922,177.997601,170.74695,True,1.952773,4.355339,8.786716,49.206349,0.336067,0.341821,-0.530152,-1.875863,True,1.0,,,,,,,,,,,2026-08-21T03:22:00Z
2018-10-03,reconstructed,185.949997,8.91875,11.61,182.3052,178.1625,170.88845,True,1.999283,4.371008,8.813672,41.666667,0.301467,0.341824,-0.423053,-1.586209,True,1.0,,,,,,,,,,,2026-08-21T03:22:00Z
2018-10-04,reconstructed,182.380005,8.41,14.22,182.2964,178.288801,171.00715,True,0.045862,2.294706,6.650514,76.587302,0.353956,0.361306,-2.334797,-7.200002,True,0.9888,,,,,,,,,,,2026-08-21T03:22:00Z
2018-10-05,reconstructed,180.149994,8.09375,14.82,182.2984,178.4116,171.1194,True,-1.178511,0.974372,5.277364,80.753968,0.377771,0.356151,-3.528977,-10.689655,True,0.9265,,,,,,,,,,,2026-08-21T03:22:00Z
2018-10-08,reconstructed,179.050003,7.94875,15.69,182.327,178.512301,171.227,True,-1.797319,0.301213,4.56879,84.126984,0.380725,0.358018,-4.118026,-12.289655,True,0.9193,,,,,,,,,,,2026-08-21T03:22:00Z
2018-10-09,reconstructed,179.630005,8.01,15.95,182.4174,178.625301,171.3374,True,-1.528031,0.562465,4.839927,85.714286,0.371838,0.358112,-3.807433,-11.613791,True,0.9413,,,,,,,,,,,2026-08-21T03:22:00Z
2018-10-10,reconstructed,171.729996,6.97125,22.959999,182.323,178.668,171.4092,True,-5.810021,-3.883183,0.187152,98.015873,0.584493,0.443986,-8.037919,-23.075861,True,0.5988,,,,,,,,,,,2026-08-21T03:22:00Z
2018-10-11,reconstructed,169.600006,6.68875,24.98,182.1726,178.680001,171.4746,True,-6.901474,-5.081707,-1.09322,98.809524,0.576248,0.450754,-9.178536,-26.193106,False,0.0,,,,,,,,,,,2026-08-21T03:22:00Z
2018-10-12,reconstructed,174.320007,7.25375,21.309999,182.068401,178.741401,171.5635,True,-4.255759,-2.473626,1.606698,96.230159,0.671178,0.484298,-6.650957,-19.958622,True,0.5215,,,,,,,,,,,2026-08-21T03:22:00Z
2018-10-15,reconstructed,172.210007,6.98,21.299999,181.911001,178.767501,171.6409,True,-5.332824,-3.668169,0.331568,96.031746,0.668344,0.490015,-7.780871,-22.97931,True,0.5237,,,,,,,,,,,2026-08-21T03:22:00Z
2018-10-16,reconstructed,177.220001,7.58125,17.620001,181.832601,178.844201,171.7482,True,-2.536729,-0.908164,3.185944,89.880952,0.739925,0.521857,-5.097999,-16.344825,True,0.473,,,,,,,,,,,2026-08-21T03:22:00Z
2018-10-17,reconstructed,177.289993,7.60625,17.4,181.742401,178.919901,171.8422,True,-2.449845,-0.91097,3.17023,89.484127,0.740401,0.52118,-5.060518,-16.068968,True,0.4727,,,,,,,,,,,2026-08-21T03:22:00Z
2018-10-18,reconstructed,173.179993,7.07875,20.059999,181.5656,178.962001,171.90795,True,-4.6185,-3.230858,0.739955,94.84127,0.76232,0.532078,-7.26144,-21.889654,True,0.4591,,,,,,,,,,,2026-08-21T03:22:00Z
2018-10-19,reconstructed,173.020004,7.05,19.889999,181.3878,178.990401,171.9715,True,-4.613208,-3.335596,0.609696,94.047619,0.762087,0.525178,-7.347114,-22.206894,True,0.4593,,,,,,,,,,,2026-08-21T03:22:00Z
2018-10-22,reconstructed,173.910004,7.15625,19.639999,181.2556,179.028801,172.03145,True,-4.052618,-2.859203,1.091982,93.650794,0.764361,0.519695,-6.870516,-21.034483,True,0.4579,,,,,,,,,,,2026-08-21T03:22:00Z
2018-10-23,reconstructed,173.270004,7.0775,20.709999,181.1146,179.034101,172.08505,True,-4.331289,-3.219552,0.688586,95.436508,0.763014,0.512732,-7.213238,-21.90345,True,0.4587,,,,,,,,,,,2026-08-21T03:22:00Z
2018-10-24,reconstructed,165.339996,6.115,25.23,180.7924,178.944501,172.09895,True,-8.547043,-7.602639,-3.927365,98.809524,0.884953,0.581194,-11.459788,-32.52414,False,0.0,,,,,,,,,,,2026-08-21T03:22:00Z
2018-10-25,reconstructed,171.059998,6.7425,24.219999,180.629,178.906701,172.14335,True,-5.2976,-4.385919,-0.629332,98.015873,0.969651,0.619484,-8.396705,-25.600002,False,0.0,,,,,,,,,,,2026-08-21T03:22:00Z
2018-10-26,reconstructed,166.660004,6.21875,24.16,180.3658,178.814701,172.160201,True,-7.598889,-6.79737,-3.194813,97.81746,0.996054,0.632571,-10.752919,-31.37931,False,0.0,,,,,,,,,,,2026-08-21T03:22:00Z
2018-10-29,reconstructed,163.229996,5.88625,24.700001,180.0332,178.702701,172.1539,True,-9.333392,-8.65835,-5.183678,98.015873,1.001211,0.640177,-12.589702,-35.048276,False,0.0,,,,,,,,,,,2026-08-21T03:22:00Z
2018-10-30,reconstructed,165.919998,6.11375,23.35,179.7576,178.617501,172.1634,True,-7.697923,-7.108767,-3.62644,97.222222,1.021078,0.644622,-11.149195,-32.537931,False,0.0,,,,,,,,,,,2026-08-21T03:22:00Z
2018-10-31,reconstructed,169.820007,6.52625,21.23,179.5468,178.566601,172.18355,True,-5.417414,-4.898225,-1.372688,94.84127,1.062281,0.660642,-9.060725,-27.986208,False,0.0,,,,,,,,,,,2026-08-21T03:22:00Z
2018-11-01,reconstructed,172.059998,6.81125,19.34,179.3668,178.528901,172.21475,True,-4.073665,-3.623449,-0.08986,91.666667,1.067459,0.667537,-7.861201,-24.841377,False,0.0,,,,,,,,,,,2026-08-21T03:22:00Z
2018-11-02,reconstructed,169.380005,6.50625,19.51,179.1384,178.464501,172.22995,True,-5.447406,-5.090366,-1.654733,91.865079,1.070371,0.673083,-9.296348,-28.206898,False,0.0,,,,,,,,,,,2026-08-21T03:22:00Z
2018-11-05,reconstructed,168.960007,6.4425,19.959999,178.868,178.378101,172.234151,True,-5.539277,-5.279849,-1.900984,92.857143,1.069828,0.671939,-9.521259,-28.910344,False,0.0,,,,,,,,,,,2026-08-21T03:22:00Z
2018-11-06,reconstructed,170.240005,6.57875,19.91,178.586001,178.310701,172.237801,True,-4.673376,-4.526198,-1.159905,92.857143,1.073544,0.673782,-8.835814,-27.406895,False,0.0,,,,,,,,,,,2026-08-21T03:22:00Z
2018-11-07,reconstructed,175.580002,7.18375,16.360001,178.405401,178.301501,172.273651,True,-1.583696,-1.526347,1.919244,85.515873,1.026444,0.69999,-5.976225,-20.731033,True,0.341,,,,,,,,,,,2026-08-21T03:22:00Z
2018-11-08,reconstructed,174.460007,7.06125,16.719999,178.159801,178.286101,172.304201,True,-2.076672,-2.146042,1.251163,86.507937,1.016423,0.696988,-6.575987,-22.082756,True,0.3443,,,,,,,,,,,2026-08-21T03:22:00Z
2018-11-09,reconstructed,171.520004,6.7025,17.360001,177.862001,178.228801,172.307151,True,-3.565684,-3.764148,-0.456827,87.698413,0.988619,0.703981,-8.15037,-26.041381,False,0.0,,,,,,,,,,,2026-08-21T03:22:00Z
2018-11-12,reconstructed,166.330002,6.11375,20.450001,177.455601,178.135001,172.288301,True,-6.269511,-6.626996,-3.45833,94.047619,1.027803,0.725501,-10.929636,-32.537931,False,0.0,,,,,,,,,,,2026-08-21T03:22:00Z
2018-11-13,reconstructed,166.470001,6.11125,20.02,177.068001,178.046501,172.277151,True,-5.985271,-6.501953,-3.370818,93.253968,0.970806,0.725524,-10.854666,-32.565518,False,0.0,,,,,,,,,,,2026-08-21T03:22:00Z
2018-11-14,reconstructed,165.199997,5.95625,21.25,176.703001,177.984801,172.256151,True,-6.509795,-7.183087,-4.096315,95.238095,0.971353,0.726277,-11.534758,-34.27586,False,0.0,,,,,,,,,,,2026-08-21T03:22:00Z
2018-11-15,reconstructed,168.089996,6.275,19.98,176.428601,177.945001,172.256801,True,-4.726334,-5.53823,-2.418949,92.65873,0.970281,0.735202,-9.987153,-30.75862,False,0.0,,,,,,,,,,,2026-08-21T03:22:00Z
2018-11-16,reconstructed,167.5,6.20625,18.139999,176.156401,177.922701,172.271251,True,-4.914043,-5.857994,-2.769615,88.492063,0.970576,0.735354,-10.303098,-31.517239,False,0.0,,,,,,,,,,,2026-08-21T03:22:00Z
2018-11-19,reconstructed,162.059998,5.61125,20.1,175.763201,177.831401,172.290951,True,-7.796401,-8.868739,-5.938184,93.452381,1.019486,0.756166,-13.21624,-38.082759,False,0.0,,,,,,,,,,,2026-08-21T03:22:00Z
2018-11-20,reconstructed,159.160004,5.3,22.48,175.284001,177.706501,172.275201,True,-9.198784,-10.436589,-7.612934,96.230159,1.032149,0.75919,-14.769198,-41.517239,False,0.0,,,,,,,,,,,2026-08-21T03:22:00Z
2018-11-21,reconstructed,160.369995,5.41875,20.799999,174.839801,177.582201,172.276001,True,-8.276036,-9.692529,-6.911006,94.246032,0.928349,0.761247,-14.121243,-40.206899,False,0.0,,,,,,,,,,,2026-08-21T03:22:00Z
2018-11-23,reconstructed,159.210007,5.29875,21.52,174.333401,177.466301,172.304801,True,-8.674984,-10.287189,-7.599785,95.634921,0.838916,0.756842,-14.742422,-41.531035,False,0.0,,,,,,,,,,,2026-08-21T03:22:00Z
2018-11-26,reconstructed,162.889999,5.6625,18.9,173.911401,177.366001,172.338751,True,-6.337366,-8.161655,-5.482662,88.888889,0.844604,0.772877,-12.771771,-37.517242,False,0.0,,,,,,,,,,,2026-08-21T03:22:00Z
2018-11-27,reconstructed,163.440002,5.72125,19.02,173.553401,177.244301,172.361601,True,-5.827255,-7.788289,-5.176094,89.285714,0.824497,0.773417,-12.477242,-36.868965,False,0.0,,,,,,,,,,,2026-08-21T03:22:00Z
2018-11-28,reconstructed,168.699997,6.26375,18.49,173.270601,177.159401,172.406651,True,-2.637842,-4.775024,-2.149948,87.896825,0.881668,0.800625,-9.660495,-30.882758,False,0.0,,,,,,,,,,,2026-08-21T03:22:00Z
2018-11-29,reconstructed,168.149994,6.20625,18.790001,172.979601,177.067701,172.434001,True,-2.79201,-5.036326,-2.484433,88.492063,0.848307,0.797341,-9.955024,-31.517239,False,0.0,,,,,,,,,,,2026-08-21T03:22:00Z
2018-11-30,reconstructed,169.369995,6.33625,18.07,172.672601,176.9972,172.452351,True,-1.91264,-4.309224,-1.787366,86.706349,0.836128,0.797485,-9.301708,-30.082761,False,0.0,,,,,,,,,,,2026-08-21T03:22:00Z
2018-12-03,reconstructed,172.330002,6.66125,16.440001,172.445001,176.9259,172.489201,True,-0.066687,-2.59764,-0.092295,82.539683,0.840911,0.80515,-7.716613,-26.49655,False,0.0,,,,,,,,,,,2026-08-21T03:22:00Z
2018-12-04,reconstructed,165.720001,5.92875,20.74,172.081601,176.787,172.491351,True,-3.69685,-6.260075,-3.925617,93.849206,0.930729,0.834419,-11.256294,-34.57931,False,0.0,,,,,,,,,,,2026-08-21T03:22:00Z
2018-12-06,reconstructed,166.889999,6.015,21.190001,171.736601,176.6641,172.501701,True,-2.822113,-5.53259,-3.253128,94.444444,0.928798,0.833529,-10.629756,-33.627588,False,0.0,,,,,,,,,,,2026-08-21T03:22:00Z
2018-12-07,reconstructed,161.380005,5.42625,23.23,171.278801,176.475201,172.484601,True,-5.779347,-8.553721,-6.438022,96.825397,0.916203,0.855248,-13.580379,-40.124138,False,0.0,,,,,,,,,,,2026-08-21T03:22:00Z
2018-12-10,reconstructed,163.070007,5.59625,22.639999,170.823601,176.306601,172.459101,True,-4.538947,-7.507713,-5.444243,96.230159,0.928896,0.85556,-12.675376,-38.248275,False,0.0,,,,,,,,,,,2026-08-21T03:22:00Z
2018-12-11,reconstructed,163.610001,5.65625,21.76,170.380001,176.152401,172.425151,True,-3.973471,-7.120198,-5.11245,95.238095,0.918577,0.856224,-12.386208,-37.586207,False,0.0,,,,,,,,,,,2026-08-21T03:22:00Z
2018-12-12,reconstructed,165.050003,5.79875,21.459999,169.957601,176.013001,172.408951,True,-2.887543,-6.228516,-4.26831,94.642857,0.872842,0.855049,-11.615081,-36.013794,False,0.0,,,,,,,,,,,2026-08-21T03:22:00Z
2018-12-13,reconstructed,165.100006,5.8,20.65,169.544601,175.868401,172.398401,True,-2.62149,-6.122984,-4.233447,92.460317,0.872852,0.853094,-11.588304,-35.999998,False,0.0,,,,,,,,,,,2026-08-21T03:22:00Z
2018-12-14,reconstructed,161.080002,5.3625,21.629999,169.047201,175.676201,172.381401,True,-4.713003,-8.308581,-6.556043,95.039683,0.908639,0.865247,-13.741032,-40.827584,False,0.0,,,,,,,,,,,2026-08-21T03:22:00Z
2018-12-17,reconstructed,157.429993,5.01625,24.52,168.548201,175.422301,172.338601,True,-6.596456,-10.256568,-8.650765,97.81746,0.906794,0.86985,-15.695626,-44.648274,False,0.0,,,,,,,,,,,2026-08-21T03:22:00Z
2018-12-18,reconstructed,158.419998,5.1,25.58,168.113601,175.206001,172.291551,True,-5.766103,-9.580723,-8.051209,98.809524,0.911525,0.871091,-15.165474,-43.724139,False,0.0,,,,,,,,,,,2026-08-21T03:22:00Z
2018-12-19,reconstructed,154.529999,4.73125,25.58,167.623201,174.975101,172.221501,False,-7.811092,-11.684578,-10.272528,98.809524,0.884899,0.880591,-17.248584,-47.793106,False,0.0,,,,,,,,,,,2026-08-21T03:22:00Z
2018-12-20,reconstructed,152.289993,4.54125,28.379999,167.076401,174.7469,172.138301,False,-8.850087,-12.851105,-11.530442,99.206349,0.875391,0.88257,-18.448116,-49.889653,False,0.0,,,,,,,,,,,2026-08-21T03:22:00Z
2018-12-21,reconstructed,147.570007,4.1025,30.110001,166.593201,174.458101,172.026851,False,-11.41895,-15.41235,-14.216876,99.603175,0.924347,0.900357,-20.975687,-54.731035,False,0.0,,,,,,,,,,,2026-08-21T03:22:00Z
2018-12-24,reconstructed,143.5,3.79875,36.07,166.071201,174.121901,171.878551,False,-13.591279,-17.586473,-16.510816,99.801587,0.949778,0.905913,-23.155191,-58.082759,False,0.0,,,,,,,,,,,2026-08-21T03:22:00Z
2018-12-26,reconstructed,152.460007,4.4825,30.41,165.634001,173.851201,171.770451,False,-7.953677,-12.304312,-11.242006,99.404762,1.142219,0.987948,-18.357073,-50.53793,False,0.0,,,,,,,,,,,2026-08-21T03:22:00Z
2018-12-27,reconstructed,153.050003,4.54625,29.959999,165.250801,173.580901,171.677151,False,-7.3832,-11.827855,-10.850103,98.809524,1.143175,0.988656,-18.041127,-49.834484,False,0.0,,,,,,,,,,,2026-08-21T03:22:00Z
2018-12-28,reconstructed,152.970001,4.5275,28.34,164.765801,173.299201,171.583601,False,-7.159131,-11.730694,-10.848123,98.214286,1.075959,0.988686,-18.083969,-50.041378,False,0.0,,,,,,,,,,,2026-08-21T03:22:00Z
2018-12-31,reconstructed,154.259995,4.63,25.42,164.305201,173.023801,171.497251,False,-6.113748,-10.844639,-10.051039,97.222222,1.083732,0.990548,-17.393172,-48.910344,False,0.0,,,,,,,,,,,2026-08-21T03:22:00Z
2019-01-02,reconstructed,154.880005,4.69625,23.219999,163.939201,172.752401,171.416551,False,-5.525949,-10.345671,-9.646995,94.642857,1.081279,0.986537,-17.061154,-48.179311,False,0.0,,,,,,,,,,,2026-08-21T03:22:00Z
2019-01-03,reconstructed,149.820007,4.24125,25.450001,163.475201,172.431501,171.330151,False,-8.353067,-13.113319,-12.554792,97.222222,1.092843,1.001563,-19.770803,-53.2,False,0.0,,,,,,,,,,,2026-08-21T03:22:00Z
2019-01-04,reconstructed,156.229996,4.78375,21.379999,163.121601,172.188601,171.273051,False,-4.224827,-9.268096,-8.783083,91.865079,1.157697,1.039723,-16.338229,-47.213792,False,0.0,,,,,,,,,,,2026-08-21T03:22:00Z
2019-01-07,reconstructed,158.089996,4.93625,21.4,162.818001,171.966301,171.228901,False,-2.903859,-8.0692,-7.673298,91.865079,1.163834,1.042293,-15.342191,-45.531032,False,0.0,,,,,,,,,,,2026-08-21T03:22:00Z
2019-01-08,reconstructed,159.520004,5.07875,20.469999,162.701601,171.747001,171.212501,False,-1.95548,-7.119191,-6.829231,89.087302,1.119168,1.012091,-14.576417,-43.958619,False,0.0,,,,,,,,,,,2026-08-21T03:22:00Z
2019-01-09,reconstructed,160.820007,5.19875,19.98,162.496801,171.562901,171.224051,False,-1.031893,-6.261781,-6.076275,87.301587,1.116547,1.010544,-13.88026,-42.634483,False,0.0,,,,,,,,,,,2026-08-21T03:22:00Z
2019-01-10,reconstructed,161.279999,5.24875,19.5,162.389201,171.377501,171.208451,False,-0.683052,-5.891965,-5.799043,85.31746,1.116395,0.99464,-13.633933,-42.082756,False,0.0,,,,,,,,,,,2026-08-21T03:22:00Z
2019-01-11,reconstructed,160.690002,5.18625,18.190001,162.338401,171.185801,171.216501,False,-1.015409,-6.131232,-6.148063,81.944444,1.112413,0.992243,-13.949878,-42.772411,False,0.0,,,,,,,,,,,2026-08-21T03:22:00Z
2019-01-14,reconstructed,159.270004,5.05125,19.07,162.205401,170.981501,171.226601,False,-1.809679,-6.849569,-6.982908,84.325397,1.11521,0.975683,-14.710293,-44.262069,False,0.0,,,,,,,,,,,2026-08-21T03:22:00Z
2019-01-15,reconstructed,162.380005,5.33125,18.6,162.056601,170.801701,171.237851,False,0.199562,-4.930686,-5.172832,82.738095,1.101656,0.983372,-13.044875,-41.172412,False,0.0,,,,,,,,,,,2026-08-21T03:22:00Z
2019-01-16,reconstructed,162.350006,5.33875,19.040001,161.862401,170.614601,171.272051,False,0.301246,-4.844014,-5.209282,84.126984,1.073366,0.973941,-13.06094,-41.089656,False,0.0,,,,,,,,,,,2026-08-21T03:22:00Z
2019-01-17,reconstructed,163.630005,5.46375,18.059999,161.747401,170.442901,171.303901,False,1.163916,-3.997172,-4.479697,80.753968,1.074582,0.975421,-12.375495,-39.710346,False,0.0,,,,,,,,,,,2026-08-21T03:22:00Z
2019-01-18,reconstructed,165.25,5.61375,17.799999,161.673201,170.270601,171.331451,False,2.212363,-2.948601,-3.549524,79.761905,1.036372,0.976696,-11.507982,-38.055173,False,0.0,,,,,,,,,,,2026-08-21T03:22:00Z
2019-01-22,reconstructed,161.940002,5.30375,20.799999,161.507201,170.046601,171.337901,False,0.267976,-4.767281,-5.485009,90.079365,1.047467,0.982589,-13.280498,-41.475862,False,0.0,,,,,,,,,,,2026-08-21T03:22:00Z
2019-01-23,reconstructed,162.149994,5.30875,19.52,161.238601,169.822001,171.365501,False,0.565245,-4.517676,-5.377691,85.31746,0.970428,0.942639,-13.168047,-41.420688,False,0.0,,,,,,,,,,,2026-08-21T03:22:00Z
2019-01-24,reconstructed,163.199997,5.4025,18.889999,161.013401,169.586601,171.392851,False,1.358021,-3.765984,-4.780161,82.738095,0.912077,0.918667,-12.605766,-40.386205,False,0.0,,,,,,,,,,,2026-08-21T03:22:00Z
2019-01-25,reconstructed,165.149994,5.595,17.42,160.886001,169.374001,171.412551,False,2.65032,-2.493893,-3.6535,78.571429,0.692072,0.908113,-11.561535,-38.262071,False,0.0,,,,,,,,,,,2026-08-21T03:22:00Z
2019-01-28,reconstructed,163.110001,5.38875,18.870001,160.821601,169.138601,171.426701,False,1.422943,-3.564296,-4.851461,82.539683,0.713367,0.904581,-12.65396,-40.53793,False,0.0,,,,,,,,,,,2026-08-21T03:22:00Z
2019-01-29,reconstructed,161.570007,5.23625,19.129999,160.723601,168.895801,171.423501,False,0.526622,-4.337463,-5.748041,84.126984,0.724559,0.902804,-13.478632,-42.22069,False,0.0,,,,,,,,,,,2026-08-21T03:22:00Z
2019-01-30,reconstructed,165.679993,5.62875,17.66,160.733201,168.718101,171.445051,False,3.077642,-1.800701,-3.362627,78.373016,0.761186,0.905356,-11.277719,-37.889657,False,0.0,,,,,,,,,,,2026-08-21T03:22:00Z
2019-01-31,reconstructed,168.160004,5.87625,16.57,160.734601,168.581601,171.472851,True,4.619667,-0.250085,-1.931995,75.595238,0.770179,0.905419,-9.949663,-35.158623,False,0.0,,,,,,,,,,,2026-08-21T03:22:00Z
2019-02-01,reconstructed,167.449997,5.80125,16.139999,160.733601,168.445001,171.479601,True,4.178589,-0.5907,-2.349903,73.809524,0.662211,0.901155,-10.329875,-35.986207,False,0.0,,,,,,,,,,,2026-08-21T03:22:00Z
2019-02-04,reconstructed,169.529999,6.01375,15.73,160.883001,168.323101,171.495051,True,5.374712,0.717013,-1.145836,70.833333,0.523402,0.904091,-9.216026,-33.641378,False,0.0,,,,,,,,,,,2026-08-21T03:22:00Z
2019-02-05,reconstructed,171.029999,6.1725,15.57,161.120401,168.202201,171.525651,True,6.15043,1.68119,-0.288967,69.84127,0.521,0.904669,-8.41277,-31.889654,False,0.0,,,,,,,,,,,2026-08-21T03:22:00Z
2019-02-06,reconstructed,170.520004,6.12375,15.38,161.323401,168.081601,171.566751,True,5.700725,1.450726,-0.61011,68.650794,0.52132,0.884482,-8.685874,-32.427584,False,0.0,,,,,,,,,,,2026-08-21T03:22:00Z
2019-02-07,reconstructed,168.229996,5.87375,16.370001,161.503801,167.918601,171.598451,True,4.164729,0.185444,-1.962987,74.603175,0.548325,0.887645,-9.912182,-35.186205,False,0.0,,,,,,,,,,,2026-08-21T03:22:00Z
2019-02-08,reconstructed,168.559998,5.90375,15.72,161.617201,167.764301,171.648951,True,4.295828,0.474295,-1.799576,70.436508,0.548239,0.881766,-9.735465,-34.855173,False,0.0,,,,,,,,,,,2026-08-21T03:22:00Z
2019-02-11,reconstructed,168.399994,5.89,15.97,161.7164,167.634901,171.697701,True,4.13291,0.456405,-1.920647,72.81746,0.545027,0.862843,-9.821148,-35.006898,False,0.0,,,,,,,,,,,2026-08-21T03:22:00Z
2019-02-12,reconstructed,170.889999,6.145,15.43,161.760201,167.515401,171.742201,True,5.644033,2.014501,-0.49621,68.452381,0.54496,0.867214,-8.48774,-32.193104,False,0.0,,,,,,,,,,,2026-08-21T03:22:00Z
2019-02-13,reconstructed,171.009995,6.1575,15.65,161.817401,167.398501,171.786801,True,5.680844,2.157423,-0.452192,69.84127,0.518777,0.865399,-8.423482,-32.055175,False,0.0,,,,,,,,,,,2026-08-21T03:22:00Z
2019-02-14,reconstructed,171.220001,6.18,16.219999,161.854401,167.263501,171.838201,True,5.786436,2.36543,-0.359757,73.611111,0.518474,0.85873,-8.311023,-31.806898,False,0.0,,,,,,,,,,,2026-08-21T03:22:00Z
2019-02-15,reconstructed,171.940002,6.25375,14.91,161.846601,167.145801,171.884001,True,6.2364,2.868275,0.032581,66.269841,0.515496,0.85863,-7.925459,-30.993105,True,0.679,,,,,,,,,,,2026-08-21T03:22:00Z
2019-02-19,reconstructed,172.279999,6.29125,14.88,161.977801,167.029701,171.936301,True,6.360253,3.143332,0.199899,66.071429,0.509952,0.834295,-7.74339,-30.579308,True,0.6863,,,,,,,,,,,2026-08-21T03:22:00Z
2019-02-20,reconstructed,172.25,6.28625,14.02,162.085001,166.910801,171.988551,True,6.2714,3.198834,0.152016,61.507937,0.456835,0.825334,-7.759454,-30.634481,True,0.7661,,,,,,,,,,,2026-08-21T03:22:00Z
2019-02-21,reconstructed,171.619995,6.215,14.46,162.2898,166.784301,172.022301,True,5.749095,2.89937,-0.233868,62.896825,0.461731,0.825046,-8.096824,-31.420688,False,0.0,,,,,,,,,,,2026-08-21T03:22:00Z
2019-02-22,reconstructed,172.889999,6.35,13.51,162.4862,166.654901,172.055551,True,6.402882,3.741323,0.484988,59.722222,0.463046,0.824096,-7.416732,-29.931036,True,0.7559,,,,,,,,,,,2026-08-21T03:22:00Z
2019-02-25,reconstructed,173.520004,6.42,14.85,162.6844,166.532201,172.092801,True,6.660506,4.196068,0.829322,65.674603,0.452038,0.813278,-7.079362,-29.15862,True,0.7743,,,,,,,,,,,2026-08-21T03:22:00Z
2019-02-26,reconstructed,173.699997,6.44,15.17,162.8574,166.407501,172.121901,True,6.657724,4.382312,0.916848,67.063492,0.4215,0.813148,-6.982975,-28.93793,True,0.8304,,,,,,,,,,,2026-08-21T03:22:00Z
2019-02-27,reconstructed,173.589996,6.42,14.7,163.0272,166.285901,172.141751,True,6.479162,4.392493,0.84131,64.087302,0.400682,0.790497,-7.041881,-29.15862,True,0.8735,,,,,,,,,,,2026-08-21T03:22:00Z
2019-02-28,reconstructed,173.190002,6.38,14.78,163.2694,166.158301,172.160401,True,6.076217,4.231929,0.598048,64.880952,0.323829,0.790348,-7.256079,-29.599999,True,1.0,,,,,,,,,,,2026-08-21T03:22:00Z
2019-03-01,reconstructed,174.389999,6.5075,13.57,163.6086,166.078401,172.183601,True,6.589751,5.004624,1.281422,59.325397,0.297086,0.79025,-6.613476,-28.193102,True,1.0,,,,,,,,,,,2026-08-21T03:22:00Z
2019-03-04,reconstructed,174.419998,6.50875,14.63,163.9286,166.021101,172.216351,True,6.39998,5.058934,1.279581,62.5,0.290128,0.783451,-6.597412,-28.179311,True,1.0,,,,,,,,,,,2026-08-21T03:22:00Z
2019-03-05,reconstructed,174.550003,6.525,14.74,164.329,165.976101,172.244201,True,6.219841,5.165745,1.338682,64.087302,0.266563,0.748667,-6.527794,-27.999999,True,1.0,,,,,,,,,,,2026-08-21T03:22:00Z
2019-03-06,reconstructed,173.559998,6.4125,15.74,164.7544,165.915401,172.270351,True,5.344681,4.607527,0.748618,70.238095,0.263402,0.749349,-7.057946,-29.24138,True,1.0,,,,,,,,,,,2026-08-21T03:22:00Z
2019-03-07,reconstructed,171.429993,6.17875,16.59,165.2316,165.912401,172.290201,True,3.751336,3.325606,-0.499278,75.793651,0.295264,0.724488,-8.198571,-31.820689,False,0.0,,,,,,,,,,,2026-08-21T03:22:00Z
2019-03-08,reconstructed,171.169998,6.14375,16.049999,165.785,165.9281,172.304051,True,3.248182,3.159138,-0.658169,72.619048,0.253201,0.72231,-8.3378,-32.206894,False,0.0,,,,,,,,,,,2026-08-21T03:22:00Z
2019-03-11,reconstructed,174.729996,6.5275,14.33,166.2304,165.9322,172.336801,True,5.113142,5.302042,1.388673,60.714286,0.331245,0.73252,-6.431407,-27.972412,True,1.0,,,,,,,,,,,2026-08-21T03:22:00Z
2019-03-12,reconstructed,175.690002,6.63375,13.77,166.6832,165.967,172.367251,True,5.403546,5.858395,1.927716,58.730159,0.332191,0.731615,-5.91732,-26.8,True,1.0,,,,,,,,,,,2026-08-21T03:22:00Z
2019-03-13,reconstructed,177.009995,6.7775,13.41,167.164,165.9649,172.40455,True,5.890021,6.655078,2.671301,55.753968,0.308135,0.732554,-5.210459,-25.213791,True,1.0,,,,,,,,,,,2026-08-21T03:22:00Z
2019-03-14,reconstructed,176.710007,6.7475,13.5,167.613,165.9591,172.439501,True,5.427387,6.478046,2.476524,57.142857,0.309833,0.714044,-5.371103,-25.544828,True,1.0,,,,,,,,,,,2026-08-21T03:22:00Z
2019-03-15,reconstructed,178.350006,6.915,12.88,168.0824,166.0108,172.486401,True,6.108674,7.432773,3.39946,51.190476,0.317836,0.700316,-4.492877,-23.696552,True,1.0,,,,,,,,,,,2026-08-21T03:22:00Z
2019-03-18,reconstructed,178.449997,6.9775,13.1,168.655,166.0651,172.527751,True,5.807712,7.457856,3.432634,52.579365,0.317264,0.700006,-4.439332,-23.006897,True,1.0,,,,,,,,,,,2026-08-21T03:22:00Z
2019-03-19,reconstructed,179.050003,7.0475,13.56,169.1114,166.1165,172.572651,True,5.876956,7.785803,3.753406,57.738095,0.317641,0.680651,-4.118026,-22.234481,True,1.0,,,,,,,,,,,2026-08-21T03:22:00Z
2019-03-20,reconstructed,179.759995,7.12625,13.91,169.5448,166.1814,172.60775,True,6.025071,8.170947,4.14364,59.126984,0.317146,0.673376,-3.737823,-21.36552,True,1.0,,,,,,,,,,,2026-08-21T03:22:00Z
2019-03-21,reconstructed,182.570007,7.45625,13.63,170.0058,166.3537,172.6491,True,7.390458,9.748089,5.746284,57.936508,0.339428,0.641107,-2.23305,-17.724136,True,1.0,,,,,,,,,,,2026-08-21T03:22:00Z
2019-03-22,reconstructed,178.559998,6.96875,16.48,170.3606,166.4287,172.667701,True,4.812966,7.289186,3.412507,74.603175,0.426901,0.636442,-4.380426,-23.103448,True,0.8199,,,,,,,,,,,2026-08-21T03:22:00Z
2019-03-25,reconstructed,178.220001,6.925,16.33,170.6994,166.5443,172.679501,True,4.405757,7.010568,3.208546,73.412698,0.428082,0.530815,-4.562495,-23.586205,True,0.8176,,,,,,,,,,,2026-08-21T03:22:00Z
2019-03-26,reconstructed,179.050003,7.02,14.68,171.0666,166.7025,172.702601,True,4.666839,7.406909,3.675337,62.5,0.429398,0.53079,-4.118026,-22.537931,True,0.8151,,,,,,,,,,,2026-08-21T03:22:00Z
2019-03-27,reconstructed,177.899994,6.8825,15.15,171.4392,166.8223,172.719901,True,3.768563,6.640415,2.999129,65.873016,0.437269,0.533216,-4.733861,-24.055171,True,0.8004,,,,,,,,,,,2026-08-21T03:22:00Z
2019-03-28,reconstructed,178.309998,6.92625,14.43,171.757799,166.9072,172.7369,True,3.814789,6.831819,3.22635,60.119048,0.435702,0.532292,-4.514302,-23.572414,True,0.8033,,,,,,,,,,,2026-08-21T03:22:00Z
2019-03-29,reconstructed,179.660004,7.0825,13.71,172.103999,166.9832,172.75605,True,4.390371,7.591664,3.99636,57.142857,0.437011,0.533025,-3.791369,-21.848276,True,0.8009,,,,,,,,,,,2026-08-21T03:22:00Z
2019-04-01,reconstructed,182.039993,7.36125,13.4,172.472199,167.1098,172.78715,True,5.547441,8.934361,5.355053,53.571429,0.453567,0.490592,-2.516875,-18.772415,True,0.7717,,,,,,,,,,,2026-08-21T03:22:00Z
2019-04-02,reconstructed,182.729996,7.4425,13.36,172.821799,167.2475,172.8128,True,5.733187,9.257236,5.738693,53.174603,0.453565,0.424292,-2.147376,-17.875861,True,0.7717,,,,,,,,,,,2026-08-21T03:22:00Z
2019-04-03,reconstructed,183.779999,7.57125,13.74,173.258599,167.3829,172.8468,True,6.072657,9.796161,6.325369,57.142857,0.445593,0.421794,-1.585095,-16.455173,True,0.7855,,,,,,,,,,,2026-08-21T03:22:00Z
2019-04-04,reconstructed,183.710007,7.56,13.58,173.689799,167.4642,172.88285,True,5.769025,9.701062,6.262713,56.150794,0.414805,0.419809,-1.622576,-16.579311,True,0.8438,,,,,,,,,,,2026-08-21T03:22:00Z
2019-04-05,reconstructed,184.660004,7.67375,12.82,174.118999,167.5662,172.92615,True,6.053908,10.201224,6.785471,47.222222,0.410617,0.418724,-1.113849,-15.324139,True,0.8524,,,,,,,,,,,2026-08-21T03:22:00Z
2019-04-08,reconstructed,185.130005,7.73375,13.18,174.5186,167.7023,172.96555,True,6.080386,10.392049,7.032877,51.190476,0.363814,0.418689,-0.862162,-14.66207,True,0.962,,,,,,,,,,,2026-08-21T03:22:00Z
2019-04-09,reconstructed,184.479996,7.64875,14.28,174.945999,167.8838,173.0094,True,5.44968,9.885525,6.630042,59.52381,0.369185,0.418518,-1.210244,-15.600002,True,0.948,,,,,,,,,,,2026-08-21T03:22:00Z
2019-04-10,reconstructed,185.470001,7.7725,13.3,175.423999,168.0738,173.06015,True,5.726698,10.350335,7.170831,51.984127,0.366879,0.413267,-0.680092,-14.234482,True,0.954,,,,,,,,,,,2026-08-21T03:22:00Z
2019-04-11,reconstructed,185.029999,7.71375,13.02,175.810999,168.2721,173.12845,True,5.243699,9.95881,6.874404,49.206349,0.368353,0.4021,-0.915715,-14.88276,True,0.9502,,,,,,,,,,,2026-08-21T03:22:00Z
2019-04-12,reconstructed,185.830002,7.80875,12.01,176.164399,168.4495,173.19725,True,5.486695,10.31793,7.293852,37.698413,0.362949,0.402132,-0.487311,-13.834481,True,0.9643,,,,,,,,,,,2026-08-21T03:22:00Z
2019-04-15,reconstructed,185.860001,7.815,12.32,176.532599,168.6331,173.2779,True,5.283671,10.21561,7.261226,42.65873,0.363317,0.40078,-0.471246,-13.765517,True,0.9633,,,,,,,,,,,2026-08-21T03:22:00Z
2019-04-16,reconstructed,186.5,7.89125,12.18,176.872,168.8775,173.35445,True,5.443485,10.435079,7.583047,40.674603,0.363277,0.398423,-0.128524,-12.924136,True,0.9635,,,,,,,,,,,2026-08-21T03:22:00Z
2019-04-17,reconstructed,187.149994,7.97,12.6,177.194399,169.1574,173.43195,True,5.618459,10.636599,7.909756,46.031746,0.363073,0.377488,0.0,-12.055175,True,0.964,,,,,,,,,,,2026-08-21T03:22:00Z
2019-04-18,reconstructed,187.389999,7.995,12.09,177.531799,169.4276,173.5049,True,5.552921,10.601814,8.002713,38.888889,0.330134,0.377362,0.0,-11.779312,True,1.0,,,,,,,,,,,2026-08-21T03:22:00Z
2019-04-22,reconstructed,187.919998,8.0625,12.42,177.925599,169.7147,173.5905,True,5.617179,10.727001,8.254771,45.039683,0.205839,0.376735,0.0,-11.034483,True,1.0,,,,,,,,,,,2026-08-21T03:22:00Z
2019-04-23,reconstructed,190.309998,8.36875,12.28,178.360599,169.9889,173.67745,True,6.699573,11.954367,9.576688,42.65873,0.225835,0.37753,0.0,-7.655177,True,1.0,,,,,,,,,,,2026-08-21T03:22:00Z
2019-04-24,reconstructed,189.710007,8.2875,13.14,178.7868,170.2516,173.74795,True,6.109627,11.429206,9.186903,51.785714,0.235292,0.368034,-0.31527,-8.55172,True,1.0,,,,,,,,,,,2026-08-21T03:22:00Z
2019-04-25,reconstructed,190.479996,8.38,13.25,179.1786,170.4694,173.8144,True,6.307336,11.738527,9.588156,53.571429,0.210755,0.360463,0.0,-7.531033,True,1.0,,,,,,,,,,,2026-08-21T03:22:00Z
2019-04-26,reconstructed,190.649994,8.41,12.73,179.5714,170.6944,173.88105,True,6.169465,11.690831,9.643917,47.420635,0.211616,0.332533,0.0,-7.200002,True,1.0,,,,,,,,,,,2026-08-21T03:22:00Z
2019-04-29,reconstructed,191.020004,8.455,13.11,179.9674,170.9109,173.95405,True,6.141448,11.765841,9.81061,50.992063,0.206651,0.323454,0.0,-6.703449,True,1.0,,,,,,,,,,,2026-08-21T03:22:00Z
2019-04-30,reconstructed,189.539993,8.26125,13.12,180.319399,171.083,174.00445,True,5.113479,10.788327,8.928245,50.992063,0.203417,0.326661,-0.774794,-8.841384,True,1.0,,,,,,,,,,,2026-08-21T03:22:00Z
2019-05-01,reconstructed,188.929993,8.16625,14.8,180.652399,171.3151,174.05105,True,4.582056,10.28216,8.548608,64.68254,0.211386,0.322322,-1.094132,-9.889653,True,1.0,,,,,,,,,,,2026-08-21T03:22:00Z
2019-05-02,reconstructed,188.110001,8.06625,14.42,180.969599,171.5273,174.0957,True,3.945636,9.667674,8.049768,60.912698,0.214092,0.321254,-1.523403,-10.993105,True,1.0,,,,,,,,,,,2026-08-21T03:22:00Z
2019-05-03,reconstructed,191.110001,8.44625,12.87,181.359399,171.8246,174.1499,True,5.376397,11.223888,9.738794,48.611111,0.263584,0.331672,0.0,-6.8,True,1.0,,,,,,,,,,,2026-08-21T03:22:00Z
2019-05-06,reconstructed,189.940002,8.295,15.44,181.700399,172.0933,174.19995,True,4.534719,10.370365,9.035624,67.460317,0.273822,0.321133,-0.612212,-8.468965,True,1.0,,,,,,,,,,,2026-08-21T03:22:00Z
2019-05-07,reconstructed,186.240005,7.8125,19.32,181.954799,172.3196,174.236,True,2.355094,8.078249,6.889509,84.325397,0.351036,0.346999,-2.548268,-13.793103,True,0.997,,,,,,,,,,,2026-08-21T03:22:00Z
2019-05-08,reconstructed,185.770004,7.74375,19.4,182.1962,172.5268,174.2699,True,1.961514,7.676027,6.599019,84.52381,0.35015,0.347828,-2.7942,-14.551723,True,0.9996,,,,,,,,,,,2026-08-21T03:22:00Z
2019-05-09,reconstructed,184.770004,7.62125,19.1,182.4198,172.7235,174.29595,True,1.288349,6.974444,6.00935,83.333333,0.349992,0.34092,-3.317459,-15.903447,True,1.0,,,,,,,,,,,2026-08-21T03:22:00Z
2019-05-10,reconstructed,185.0,7.6425,16.040001,182.656,172.9627,174.31945,True,1.283287,6.959477,6.126998,71.428571,0.349248,0.340907,-3.197112,-15.668966,True,1.0,,,,,,,,,,,2026-08-21T03:22:00Z
2019-05-13,reconstructed,178.580002,6.8525,20.549999,182.7398,173.1742,174.29825,True,-2.27635,3.121598,2.456566,88.888889,0.502089,0.405573,-6.556433,-24.386207,True,0.6971,,,,,,,,,,,2026-08-21T03:22:00Z
2019-05-14,reconstructed,180.539993,7.0675,18.059999,182.8622,173.3954,174.3007,True,-1.269922,4.120405,3.579614,78.968254,0.519039,0.409534,-5.53085,-22.013792,True,0.6743,,,,,,,,,,,2026-08-21T03:22:00Z
2019-05-15,reconstructed,183.089996,7.36125,16.440001,183.033,173.681,174.32805,True,0.03114,5.417401,5.026125,73.412698,0.542371,0.417291,-4.196538,-18.772415,True,0.6453,,,,,,,,,,,2026-08-21T03:22:00Z
2019-05-16,reconstructed,184.929993,7.59125,15.29,183.260399,174.0074,174.37715,True,0.91105,6.277085,6.051735,65.079365,0.554192,0.421204,-3.233744,-16.234483,True,0.6316,,,,,,,,,,,2026-08-21T03:22:00Z
2019-05-17,reconstructed,183.039993,7.355,15.96,183.492599,174.3621,174.4101,True,-0.246662,4.976938,4.948047,70.039683,0.563381,0.426105,-4.222703,-18.841379,True,0.6212,,,,,,,,,,,2026-08-21T03:22:00Z
2019-05-20,reconstructed,179.949997,6.98625,16.309999,183.668199,174.7266,174.42425,True,-2.024413,2.989469,3.167992,72.02381,0.584811,0.438025,-5.839571,-22.910346,True,0.5985,,,,,,,,,,,2026-08-21T03:22:00Z
2019-05-21,reconstructed,181.830002,7.19625,14.95,183.8102,175.0203,174.43575,True,-1.077306,3.890807,4.238954,63.888889,0.577449,0.441428,-4.855842,-20.593104,True,0.6061,,,,,,,,,,,2026-08-21T03:22:00Z
2019-05-22,reconstructed,181.020004,7.1025,14.75,183.9168,175.3,174.44045,True,-1.575058,3.26298,3.771805,61.507937,0.577786,0.442538,-5.27968,-21.627587,True,0.6058,,,,,,,,,,,2026-08-21T03:22:00Z
2019-05-23,reconstructed,178.25,6.7675,16.92,183.9416,175.5528,174.426,True,-3.094243,1.536404,2.192334,75.396825,0.590376,0.453788,-6.729109,-25.324139,True,0.5928,,,,,,,,,,,2026-08-21T03:22:00Z
2019-05-24,reconstructed,178.160004,6.7575,15.85,183.9706,175.7918,174.4078,True,-3.158437,1.347164,2.151397,68.452381,0.589109,0.453556,-6.776201,-25.434481,True,0.5941,,,,,,,,,,,2026-08-21T03:22:00Z
2019-05-28,reconstructed,177.490005,6.685,17.5,183.9534,176.0179,174.38515,True,-3.513604,0.836339,1.780459,76.984127,0.586235,0.452538,-7.126783,-26.234483,True,0.597,,,,,,,,,,,2026-08-21T03:22:00Z
2019-05-29,reconstructed,176.029999,6.5175,17.9,183.905,176.28,174.35575,True,-4.282103,-0.14182,0.960249,78.174603,0.58686,0.455644,-7.890744,-28.082759,True,0.5964,,,,,,,,,,,2026-08-21T03:22:00Z
2019-05-30,reconstructed,176.770004,6.595,17.299999,183.8594,176.4854,174.337,True,-3.855879,0.161262,1.395575,75.396825,0.592505,0.456232,-7.50353,-27.227589,True,0.5907,,,,,,,,,,,2026-08-21T03:22:00Z
2019-05-31,reconstructed,173.949997,6.2775,18.709999,183.7432,176.644,174.30515,True,-5.329831,-1.525103,-0.203754,80.753968,0.607853,0.465688,-8.979124,-30.731033,False,0.0,,,,,,,,,,,2026-08-21T03:22:00Z
2019-06-03,reconstructed,170.119995,5.87625,18.860001,183.4942,176.75,174.2485,True,-7.288625,-3.751063,-2.36932,81.349206,0.592852,0.478126,-10.983206,-35.158623,False,0.0,,,,,,,,,,,2026-08-21T03:22:00Z
2019-06-04,reconstructed,174.910004,6.3525,16.969999,183.4212,176.8909,174.2269,True,-4.640247,-1.119841,0.392077,74.404762,0.687929,0.506231,-8.476792,-29.903449,True,0.5088,,,,,,,,,,,2026-08-21T03:22:00Z
2019-06-05,reconstructed,176.210007,6.4925,16.09,183.381,177.0402,174.20885,False,-3.910434,-0.468929,1.148711,69.642857,0.675883,0.491866,-7.796554,-28.358623,True,0.5178,,,,,,,,,,,2026-08-21T03:22:00Z
2019-06-06,reconstructed,177.610001,6.6425,15.93,183.3522,177.2094,174.1976,False,-3.131786,0.226061,1.958925,67.65873,0.685019,0.493005,-7.063995,-26.703449,True,0.5109,,,,,,,,,,,2026-08-21T03:22:00Z
2019-06-07,reconstructed,181.039993,7.02125,16.299999,183.415,177.4271,174.2043,False,-1.294881,2.036269,3.923952,70.436508,0.720113,0.504672,-5.26922,-22.52414,True,0.486,,,,,,,,,,,2026-08-21T03:22:00Z
2019-06-10,reconstructed,183.149994,7.2775,15.94,183.5118,177.634799,174.21825,False,-0.197157,3.104794,5.126756,67.460317,0.733584,0.509704,-4.165144,-19.69655,True,0.4771,,,,,,,,,,,2026-08-21T03:22:00Z
2019-06-11,reconstructed,183.399994,7.305,15.99,183.586599,177.845299,174.22995,False,-0.101644,3.123329,5.263185,68.452381,0.626916,0.507459,-4.034329,-19.393105,True,0.5583,,,,,,,,,,,2026-08-21T03:22:00Z
2019-06-12,reconstructed,182.339996,7.18125,15.91,183.592599,178.032399,174.23765,False,-0.682273,2.419558,4.65017,66.468254,0.622317,0.508586,-4.588982,-20.75862,True,0.5624,,,,,,,,,,,2026-08-21T03:22:00Z
2019-06-13,reconstructed,183.419998,7.29875,15.82,183.6064,178.214099,174.24235,False,-0.101522,2.921149,5.267174,65.873016,0.607055,0.509231,-4.023862,-19.46207,True,0.5766,,,,,,,,,,,2026-08-21T03:22:00Z
2019-06-14,reconstructed,182.639999,7.20375,15.28,183.5836,178.421099,174.23385,False,-0.513989,2.364575,4.824636,61.706349,0.597351,0.5096,-4.432003,-20.510343,True,0.5859,,,,,,,,,,,2026-08-21T03:22:00Z
2019-06-17,reconstructed,183.740005,7.335,15.35,183.5842,178.636999,174.2295,False,0.084869,2.856634,5.458608,61.904762,0.591032,0.502056,-3.856415,-19.062069,True,0.5922,,,,,,,,,,,2026-08-21T03:22:00Z
2019-06-18,reconstructed,186.410004,7.6525,15.15,183.6192,178.869099,174.22785,False,1.519887,4.215879,6.992082,60.912698,0.577714,0.490668,-2.459315,-15.558619,True,0.6058,,,,,,,,,,,2026-08-21T03:22:00Z
2019-06-19,reconstructed,187.110001,7.7425,14.33,183.658799,179.088699,174.23135,False,1.879137,4.478954,7.391695,54.960317,0.570878,0.490755,-2.093035,-14.565519,True,0.6131,,,,,,,,,,,2026-08-21T03:22:00Z
2019-06-20,reconstructed,188.850006,7.955,14.75,183.7462,179.3461,174.24235,False,2.777639,5.299199,8.383528,57.936508,0.572682,0.492917,-1.182562,-12.22069,True,0.6112,,,,,,,,,,,2026-08-21T03:22:00Z
2019-06-21,reconstructed,188.570007,7.91875,15.4,183.8082,179.6161,174.25595,False,2.590639,4.985025,8.214386,62.103175,0.538896,0.49099,-1.329074,-12.620692,True,0.6495,,,,,,,,,,,2026-08-21T03:22:00Z
2019-06-24,reconstructed,188.160004,7.91625,15.26,183.8708,179.8409,174.2795,False,2.332727,4.625813,7.964507,61.111111,0.538628,0.490975,-1.543612,-12.648273,True,0.6498,,,,,,,,,,,2026-08-21T03:22:00Z
2019-06-25,reconstructed,184.929993,7.51125,16.280001,183.8528,180.0086,174.2951,False,0.5859,2.733977,6.101659,70.238095,0.575611,0.501377,-3.233744,-17.117241,True,0.608,,,,,,,,,,,2026-08-21T03:22:00Z
2019-06-26,reconstructed,185.789993,7.60625,16.209999,183.8514,180.192,174.3185,False,1.054435,3.106683,6.580766,69.642857,0.56366,0.495714,-2.783741,-16.068968,True,0.6209,,,,,,,,,,,2026-08-21T03:22:00Z
2019-06-27,reconstructed,186.5,7.68875,15.82,183.8514,180.3617,174.3424,True,1.44062,3.403328,6.973404,65.47619,0.563585,0.495698,-2.412224,-15.158623,True,0.621,,,,,,,,,,,2026-08-21T03:22:00Z
2019-06-28,reconstructed,186.740005,7.72125,15.08,183.8432,180.5188,174.3605,True,1.575694,3.446293,7.099948,59.52381,0.523237,0.494588,-2.286639,-14.799999,True,0.6689,,,,,,,,,,,2026-08-21T03:22:00Z
2019-07-01,reconstructed,189.259995,8.02875,14.06,183.8806,180.706199,174.3939,True,2.925483,4.733537,8.524435,52.18254,0.451043,0.500973,-0.968032,-11.406892,True,0.776,,,,,,,,,,,2026-08-21T03:22:00Z
2019-07-02,reconstructed,190.009995,8.12625,12.93,183.9224,180.923999,174.4213,True,3.309871,5.021995,8.93738,41.666667,0.380216,0.500673,-0.575588,-10.331032,True,0.9205,,,,,,,,,,,2026-08-21T03:22:00Z
2019-07-03,reconstructed,191.440002,8.30625,12.57,183.945,181.1528,174.45855,True,4.074589,5.678744,9.733803,36.904762,0.380253,0.502311,0.0,-8.344832,True,0.9204,,,,,,,,,,,2026-08-21T03:22:00Z
2019-07-05,reconstructed,191.050003,8.2525,13.28,183.9718,181.3793,174.5071,True,3.847439,5.331757,9.479788,45.634921,0.38396,0.501909,-0.203719,-8.937936,True,0.9116,,,,,,,,,,,2026-08-21T03:22:00Z
2019-07-08,reconstructed,189.710007,8.07875,13.96,183.9564,181.5675,174.54145,True,3.127701,4.484562,8.690518,51.785714,0.359597,0.50314,-0.903675,-10.855176,True,0.9733,,,,,,,,,,,2026-08-21T03:22:00Z
2019-07-09,reconstructed,190.660004,8.2,14.09,183.9566,181.764,174.58125,True,3.644014,4.894261,9.209897,52.18254,0.344205,0.503598,-0.407438,-9.517243,True,1.0,,,,,,,,,,,2026-08-21T03:22:00Z
2019-07-10,reconstructed,192.559998,8.4425,13.03,183.9874,181.9774,174.62045,True,4.65934,5.815336,10.273452,41.666667,0.353832,0.506413,0.0,-6.841378,True,0.9892,,,,,,,,,,,2026-08-21T03:22:00Z
2019-07-11,reconstructed,192.419998,8.42,12.93,184.045,182.1822,174.664,True,4.550517,5.619538,10.165803,40.873016,0.344253,0.506492,-0.072704,-7.089654,True,1.0,,,,,,,,,,,2026-08-21T03:22:00Z
2019-07-12,reconstructed,193.529999,8.56125,12.39,184.137,182.3947,174.7122,True,5.101092,6.105056,10.770741,33.928571,0.344386,0.507169,0.0,-5.531037,True,1.0,,,,,,,,,,,2026-08-21T03:22:00Z
2019-07-15,reconstructed,194.149994,8.63375,12.68,184.2578,182.6137,174.76225,True,5.36867,6.317321,11.093782,37.301587,0.335123,0.507076,0.0,-4.731035,True,1.0,,,,,,,,,,,2026-08-21T03:22:00Z
2019-07-16,reconstructed,193.149994,8.51125,12.86,184.2986,182.829,174.80665,True,4.802746,5.645163,10.493505,39.484127,0.343337,0.508129,-0.515066,-6.082764,True,1.0,,,,,,,,,,,2026-08-21T03:22:00Z
2019-07-17,reconstructed,192.199997,8.385,13.97,184.3438,183.0221,174.8385,True,4.261709,5.014639,9.930019,51.587302,0.324899,0.509019,-1.004377,-7.47586,True,1.0,,,,,,,,,,,2026-08-21T03:22:00Z
2019-07-18,reconstructed,192.419998,8.42125,13.53,184.4674,183.2111,174.87165,True,4.311113,5.026387,10.034987,48.412698,0.323851,0.503262,-0.891061,-7.075858,True,1.0,,,,,,,,,,,2026-08-21T03:22:00Z
2019-07-19,reconstructed,191.009995,8.2175,14.45,184.572199,183.3842,174.89585,True,3.487955,4.158371,9.213566,53.968254,0.326993,0.505401,-1.617306,-9.324141,True,1.0,,,,,,,,,,,2026-08-21T03:22:00Z
2019-07-22,reconstructed,192.529999,8.41125,13.53,184.727399,183.5736,174.92975,True,4.223845,4.878915,10.061324,48.214286,0.334863,0.507171,-0.834404,-7.186206,True,1.0,,,,,,,,,,,2026-08-21T03:22:00Z
2019-07-23,reconstructed,193.789993,8.57375,12.61,184.903199,183.779599,174.96895,True,4.806187,5.446956,10.75679,35.31746,0.339326,0.508594,-0.185424,-5.393108,True,1.0,,,,,,,,,,,2026-08-21T03:22:00Z
2019-07-24,reconstructed,195.149994,8.75625,12.07,185.234599,183.987199,175.0328,True,5.352885,6.067158,11.493385,26.984127,0.273594,0.510244,0.0,-3.379306,True,1.0,,,,,,,,,,,2026-08-21T03:22:00Z
2019-07-25,reconstructed,193.300003,8.50625,12.74,185.489799,184.175999,175.09855,True,4.210584,4.953959,10.394976,36.904762,0.301636,0.511506,-0.947984,-6.137927,True,1.0,,,,,,,,,,,2026-08-21T03:22:00Z
2019-07-26,reconstructed,195.289993,8.75875,12.16,185.733799,184.383399,175.17975,True,5.145102,5.915171,11.479776,28.373016,0.31303,0.514163,0.0,-3.351725,True,1.0,,,,,,,,,,,2026-08-21T03:22:00Z
2019-07-29,reconstructed,194.619995,8.6775,12.83,185.927599,184.593999,175.2547,True,4.675151,5.431377,11.049801,37.896825,0.318086,0.513855,-0.343079,-4.248278,True,1.0,,,,,,,,,,,2026-08-21T03:22:00Z
2019-07-30,reconstructed,193.779999,8.56125,13.94,186.142399,184.817499,175.36495,True,4.103095,4.849378,10.500986,50.992063,0.298628,0.505938,-0.773206,-5.531037,True,1.0,,,,,,,,,,,2026-08-21T03:22:00Z
2019-07-31,reconstructed,191.100006,8.2,16.120001,186.365399,185.016799,175.47245,True,2.540497,3.287921,8.905988,69.047619,0.337279,0.51217,-2.145521,-9.517243,True,1.0,,,,,,,,,,,2026-08-21T03:22:00Z
2019-08-01,reconstructed,190.149994,8.085,17.870001,186.531799,185.170999,175.5516,True,1.93972,2.688863,8.315728,77.579365,0.331105,0.498442,-2.631983,-10.786206,True,1.0,,,,,,,,,,,2026-08-21T03:22:00Z
2019-08-02,reconstructed,187.350006,7.715,17.610001,186.658399,185.287599,175.6273,True,0.37052,1.113084,6.674763,76.190476,0.366932,0.507245,-4.065742,-14.868964,True,0.9539,,,,,,,,,,,2026-08-21T03:22:00Z
2019-08-05,reconstructed,180.729996,6.905,24.59,186.707999,185.324799,175.64485,True,-3.201793,-2.479325,2.89513,95.833333,0.513196,0.55053,-7.455578,-23.806894,True,0.682,,,,,,,,,,,2026-08-21T03:22:00Z
2019-08-06,reconstructed,183.259995,7.18875,20.17,186.809999,185.390299,175.6747,True,-1.900329,-1.149092,4.317807,87.698413,0.53608,0.557224,-6.160069,-20.675864,True,0.6529,,,,,,,,,,,2026-08-21T03:22:00Z
2019-08-07,reconstructed,184.25,7.29375,19.49,186.945199,185.449299,175.73005,True,-1.441705,-0.646699,4.848317,84.126984,0.525434,0.514962,-5.653128,-19.517243,True,0.6661,,,,,,,,,,,2026-08-21T03:22:00Z
2019-08-08,reconstructed,188.259995,7.77625,16.91,187.189799,185.547399,175.80625,True,0.571717,1.461942,7.083789,73.015873,0.585837,0.528319,-3.599774,-14.193105,True,0.5974,,,,,,,,,,,2026-08-21T03:22:00Z
2019-08-09,reconstructed,186.490005,7.54625,17.969999,187.384199,185.621799,175.86915,True,-0.477198,0.467729,6.039067,77.380952,0.587865,0.525758,-4.506113,-16.731036,True,0.5954,,,,,,,,,,,2026-08-21T03:22:00Z
2019-08-12,reconstructed,184.350006,7.29375,21.09,187.592199,185.667699,175.92455,True,-1.72832,-0.709705,4.789244,90.079365,0.593348,0.526561,-5.601919,-19.517243,True,0.5899,,,,,,,,,,,2026-08-21T03:22:00Z
2019-08-13,reconstructed,188.389999,7.7725,17.52,187.957599,185.725899,176.0398,True,0.230052,1.434426,7.015572,75.0,0.647038,0.539411,-3.533204,-14.234482,True,0.5409,,,,,,,,,,,2026-08-21T03:22:00Z
2019-08-14,reconstructed,182.759995,7.07625,22.1,188.114599,185.767899,176.0983,True,-2.846459,-1.619174,3.782941,92.857143,0.714891,0.561154,-6.416099,-21.917241,True,0.4896,,,,,,,,,,,2026-08-21T03:22:00Z
2019-08-15,reconstructed,182.550003,7.04625,21.18,188.241399,185.811199,176.17775,True,-3.023456,-1.755113,3.616945,90.079365,0.713663,0.557918,-6.523627,-22.248277,True,0.4904,,,,,,,,,,,2026-08-21T03:22:00Z
2019-08-16,reconstructed,185.479996,7.37125,18.469999,188.398799,185.875499,176.289,True,-1.549268,-0.212779,5.213596,78.373016,0.735672,0.565023,-5.023298,-18.662067,True,0.4758,,,,,,,,,,,2026-08-21T03:22:00Z
2019-08-19,reconstructed,188.429993,7.71625,16.879999,188.546599,185.980799,176.40155,True,-0.061845,1.316907,6.818785,71.626984,0.75182,0.563448,-3.512725,-14.855173,True,0.4655,,,,,,,,,,,2026-08-21T03:22:00Z
2019-08-20,reconstructed,186.970001,7.5575,17.5,188.622999,186.067399,176.4873,True,-0.87635,0.485094,5.939635,74.206349,0.749291,0.565425,-4.260327,-16.606898,True,0.4671,,,,,,,,,,,2026-08-21T03:22:00Z
2019-08-21,reconstructed,188.630005,7.75,15.8,188.727599,186.157099,176.57015,True,-0.051712,1.328397,6.830064,62.301587,0.751399,0.566674,-3.410307,-14.482759,True,0.4658,,,,,,,,,,,2026-08-21T03:22:00Z
2019-08-22,reconstructed,188.020004,7.675,16.68,188.841199,186.216899,176.66335,True,-0.43486,0.968282,6.428416,70.634921,0.746525,0.564282,-3.722663,-15.310343,True,0.4688,,,,,,,,,,,2026-08-21T03:22:00Z
2019-08-23,reconstructed,182.070007,6.9725,19.870001,188.8142,186.2103,176.7289,True,-3.571867,-2.22345,3.022204,84.722222,0.7962,0.596488,-6.769413,-23.062071,True,0.4396,,,,,,,,,,,2026-08-21T03:22:00Z
2019-08-26,reconstructed,184.820007,7.255,19.32,188.8578,186.2207,176.8018,True,-2.138007,-0.752168,4.535139,82.539683,0.816265,0.592548,-5.361251,-19.944826,True,0.4288,,,,,,,,,,,2026-08-21T03:22:00Z
2019-08-27,reconstructed,184.429993,7.21125,20.309999,188.871599,186.227899,176.84605,True,-2.351654,-0.965434,4.288443,87.301587,0.815993,0.57623,-5.560961,-20.427588,True,0.4289,,,,,,,,,,,2026-08-21T03:22:00Z
2019-08-28,reconstructed,185.089996,7.28375,19.35,188.845199,186.232199,176.8992,True,-1.988509,-0.613322,4.630206,82.539683,0.807357,0.553652,-5.223,-19.627586,True,0.4335,,,,,,,,,,,2026-08-21T03:22:00Z
2019-08-29,reconstructed,187.919998,7.615,17.879999,188.861399,186.260099,176.9812,True,-0.498461,0.891173,6.180769,75.198413,0.825614,0.559171,-3.773872,-15.972416,True,0.4239,,,,,,,,,,,2026-08-21T03:22:00Z
2019-08-30,reconstructed,187.470001,7.56125,18.98,188.833799,186.289999,177.0869,True,-0.722221,0.633422,5.86328,80.15873,0.809473,0.55802,-4.004297,-16.334718,True,0.4324,,,,,,,,,,,2026-08-21T03:22:00Z
2019-09-03,reconstructed,185.649994,7.34125,19.66,188.775399,186.291799,177.1828,True,-1.655621,-0.344516,4.77879,84.126984,0.718283,0.550121,-4.936249,-18.769022,True,0.4873,,,,,,,,,,,2026-08-21T03:22:00Z
2019-09-04,reconstructed,188.330002,7.65,17.33,188.778799,186.324799,177.29845,True,-0.237737,1.076187,6.222024,71.626984,0.71895,0.551754,-3.563926,-14.465411,True,0.4868,,,,,,,,,,,2026-08-21T03:22:00Z
2019-09-05,reconstructed,191.779999,8.0725,16.27,188.915799,186.384299,177.4169,True,1.516125,2.894932,8.095677,65.47619,0.740944,0.562654,-1.797324,-9.741441,True,0.4724,,,,,,,,,,,2026-08-21T03:22:00Z
2019-09-06,reconstructed,191.589996,8.05,15.0,189.031799,186.441599,177.53735,True,1.353316,2.761399,7.915318,54.761905,0.706489,0.561333,-1.894617,-9.993014,True,0.4954,,,,,,,,,,,2026-08-21T03:22:00Z
2019-09-09,reconstructed,191.190002,7.99875,15.27,189.125599,186.488499,177.683,True,1.091552,2.521069,7.601742,55.952381,0.697173,0.560874,-2.099437,-10.566039,True,0.502,,,,,,,,,,,2026-08-21T03:22:00Z
2019-09-10,reconstructed,190.639999,7.9325,15.2,189.203599,186.523399,177.8404,True,0.759182,2.207015,7.19724,55.357143,0.684923,0.56041,-2.381071,-11.306784,True,0.511,,,,,,,,,,,2026-08-21T03:22:00Z
2019-09-11,reconstructed,192.429993,8.14625,14.61,189.266999,186.573799,178.0007,True,1.671181,3.138808,8.106313,49.007937,0.652577,0.561758,-1.464489,-8.916848,True,0.5363,,,,,,,,,,,2026-08-21T03:22:00Z
2019-09-12,reconstructed,193.229996,8.2475,14.22,189.331399,186.626899,178.1708,True,2.059139,3.538127,8.452112,47.222222,0.553165,0.555686,-1.05484,-7.784765,True,0.6327,,,,,,,,,,,2026-08-21T03:22:00Z
2019-09-13,reconstructed,192.539993,8.16,13.74,189.353399,186.649199,178.31905,True,1.682882,3.156078,7.975,44.444444,0.555533,0.555876,-1.408162,-8.763108,True,0.63,,,,,,,,,,,2026-08-21T03:22:00Z
2019-09-16,reconstructed,191.679993,8.0475,14.67,189.365999,186.668899,178.46025,True,1.221969,2.684482,7.407668,50.198413,0.541464,0.554072,-1.848533,-10.020972,True,0.6464,,,,,,,,,,,2026-08-21T03:22:00Z
2019-09-17,reconstructed,192.600006,8.15375,14.44,189.423799,186.690099,178.57975,True,1.676773,3.165624,7.850978,48.214286,0.519724,0.554534,-1.377432,-8.832983,True,0.6734,,,,,,,,,,,2026-08-21T03:22:00Z
2019-09-18,reconstructed,192.520004,8.14875,13.95,189.460999,186.708799,178.7016,True,1.614583,3.112443,7.73267,45.238095,0.512351,0.554537,-1.418398,-8.888889,True,0.6831,,,,,,,,,,,2026-08-21T03:22:00Z
2019-09-19,reconstructed,192.839996,8.185,14.05,189.466599,186.726999,178.81895,True,1.780471,3.273762,7.840918,45.833333,0.506214,0.543762,-1.254543,-8.483577,True,0.6914,,,,,,,,,,,2026-08-21T03:22:00Z
2019-09-20,reconstructed,190.800003,7.9275,15.32,189.434199,186.739599,178.9113,True,0.720991,2.174367,6.645027,56.349206,0.519314,0.54758,-2.29914,-11.36269,True,0.674,,,,,,,,,,,2026-08-21T03:22:00Z
2019-09-23,reconstructed,190.5,7.935,14.91,189.373599,186.755299,179.0352,True,0.594804,2.005138,6.403657,53.373016,0.384276,0.547217,-2.452759,-11.27883,True,0.9108,,,,,,,,,,,2026-08-21T03:22:00Z
2019-09-24,reconstructed,187.970001,7.62125,17.049999,189.249999,186.753899,179.1406,True,-0.676353,0.651179,4.928755,70.634921,0.395902,0.553472,-3.748268,-14.786864,True,0.8841,,,,,,,,,,,2026-08-21T03:22:00Z
2019-09-25,reconstructed,190.080002,7.865,15.96,189.188599,186.743599,179.2841,True,0.471172,1.786622,6.021673,62.5,0.407534,0.551314,-2.667823,-12.061502,True,0.8588,,,,,,,,,,,2026-08-21T03:22:00Z
2019-09-26,reconstructed,189.380005,7.78625,16.07,189.132199,186.737999,179.41565,True,0.131023,1.414819,5.553783,63.492063,0.410226,0.551144,-3.026263,-12.942001,True,0.8532,,,,,,,,,,,2026-08-21T03:22:00Z
2019-09-27,reconstructed,187.029999,7.50375,17.219999,189.024399,186.745899,179.53275,True,-1.055102,0.152132,4.175979,70.634921,0.402254,0.554066,-4.229605,-16.100634,True,0.8701,,,,,,,,,,,2026-08-21T03:22:00Z
2019-09-30,reconstructed,188.809998,7.70375,16.24,188.980399,186.776299,179.65155,True,-0.090169,1.088842,5.097895,64.880952,0.412556,0.556842,-3.31814,-13.864433,True,0.8484,,,,,,,,,,,2026-08-21T03:22:00Z
2019-10-01,reconstructed,187.270004,7.5175,18.559999,188.875199,186.801299,179.7624,True,-0.849871,0.250911,4.176404,77.579365,0.408102,0.55737,-4.106708,-15.946895,True,0.8576,,,,,,,,,,,2026-08-21T03:22:00Z
2019-10-02,reconstructed,184.050003,7.1325,20.559999,188.680399,186.791799,179.87725,True,-2.454095,-1.467835,2.319778,88.095238,0.419302,0.565915,-5.755538,-20.028027,True,0.8347,,,,,,,,,,,2026-08-21T03:22:00Z
2019-10-03,reconstructed,186.070007,7.3675,19.120001,188.4988,186.866699,180.02045,True,-1.288492,-0.426342,3.360484,80.753968,0.384132,0.566753,-4.721177,-17.393133,True,0.9111,,,,,,,,,,,2026-08-21T03:22:00Z
2019-10-04,reconstructed,188.809998,7.6775,17.040001,188.409,186.949399,180.1724,True,0.212834,0.995242,4.794074,69.642857,0.417963,0.573778,-3.31814,-12.3448,True,0.8374,,,,,,,,,,,2026-08-21T03:22:00Z
2019-10-07,reconstructed,188.240005,7.60625,17.860001,188.268,187.0009,180.34095,True,-0.014869,0.66262,4.380068,73.809524,0.418491,0.572837,-3.61001,-13.158272,True,0.8363,,,,,,,,,,,2026-08-21T03:22:00Z
2019-10-08,reconstructed,185.419998,7.26,20.280001,188.084,187.0058,180.5066,True,-1.416389,-0.847996,2.722005,86.904762,0.445685,0.579544,-5.05402,-17.111457,True,0.7853,,,,,,,,,,,2026-08-21T03:22:00Z
2019-10-09,reconstructed,187.229996,7.48,18.639999,187.953,187.0477,180.7049,True,-0.384673,0.09746,3.610913,77.380952,0.448928,0.582782,-4.127194,-14.599685,True,0.7796,,,,,,,,,,,2026-08-21T03:22:00Z
2019-10-10,reconstructed,188.679993,7.64375,17.57,187.9046,187.135,180.9308,True,0.412653,0.825604,4.28296,71.825397,0.454706,0.584046,-3.38471,-12.730124,True,0.7697,,,,,,,,,,,2026-08-21T03:22:00Z
2019-10-11,reconstructed,191.110001,7.93,15.58,187.9238,187.2278,181.12405,True,1.695475,2.073517,5.513321,55.555556,0.476099,0.589226,-2.140403,-9.461968,True,0.7351,,,,,,,,,,,2026-08-21T03:22:00Z
2019-10-14,reconstructed,191.089996,7.93875,14.57,187.9986,187.328499,181.31425,True,1.644372,2.007968,5.391604,45.436508,0.473723,0.587123,-2.150646,-9.362069,True,0.7388,,,,,,,,,,,2026-08-21T03:22:00Z
2019-10-15,reconstructed,193.520004,8.24,13.54,188.2544,187.481199,181.517,True,2.797069,3.221019,6.612606,38.492063,0.490877,0.590306,-0.906339,-5.922651,True,0.713,,,,,,,,,,,2026-08-21T03:22:00Z
2019-10-16,reconstructed,193.039993,8.17875,13.68,188.45,187.629999,181.7109,True,2.435656,2.883331,6.23468,39.68254,0.491768,0.589179,-1.152133,-6.621949,True,0.7117,,,,,,,,,,,2026-08-21T03:22:00Z
2019-10-17,reconstructed,193.550003,8.235,13.79,188.636,187.790599,181.90425,True,2.605019,3.066929,6.402134,40.674603,0.492092,0.587684,-0.890978,-5.979738,True,0.7112,,,,,,,,,,,2026-08-21T03:22:00Z
2019-10-18,reconstructed,191.690002,7.99875,14.25,188.7046,187.947199,182.1136,True,1.582051,1.991412,5.258478,43.452381,0.489778,0.587712,-1.843408,-8.677034,True,0.7146,,,,,,,,,,,2026-08-21T03:22:00Z
2019-10-21,reconstructed,193.389999,8.21,14.0,188.8426,188.113399,182.2994,True,2.408037,2.80501,6.083728,41.865079,0.498079,0.587035,-0.972909,-6.265163,True,0.7027,,,,,,,,,,,2026-08-21T03:22:00Z
2019-10-22,reconstructed,191.850006,8.02,14.46,188.9926,188.292399,182.4682,True,1.511914,1.889405,5.141612,45.238095,0.483039,0.588617,-1.761476,-8.434417,True,0.7246,,,,,,,,,,,2026-08-21T03:22:00Z
2019-10-23,reconstructed,192.220001,8.0575,14.01,189.0692,188.5134,182.6317,True,1.666481,1.966227,5.250075,41.666667,0.470876,0.588107,-1.572017,-8.00628,True,0.7433,,,,,,,,,,,2026-08-21T03:22:00Z
2019-10-24,reconstructed,194.089996,8.28875,13.71,189.2958,188.705199,182.79805,True,2.532648,2.85355,6.17728,38.888889,0.478176,0.584485,-0.614469,-5.366066,True,0.7319,,,,,,,,,,,2026-08-21T03:22:00Z
2019-10-25,reconstructed,195.639999,8.4775,12.65,189.5576,188.899499,182.96985,True,3.208734,3.5683,6.92472,24.404762,0.458447,0.585347,0.0,-3.211075,True,0.7634,,,,,,,,,,,2026-08-21T03:22:00Z
2019-10-28,reconstructed,197.570007,8.73625,13.11,189.7994,189.099099,183.15425,True,4.094116,4.479613,7.870829,30.15873,0.4609,0.579908,0.0,-0.256886,True,0.7594,,,,,,,,,,,2026-08-21T03:22:00Z
2019-10-29,reconstructed,196.039993,8.535,13.2,189.9516,189.249099,183.3381,True,3.205234,3.588336,6.928126,31.746032,0.459903,0.537662,-0.774416,-2.55459,True,0.761,,,,,,,,,,,2026-08-21T03:22:00Z
2019-10-30,reconstructed,196.990005,8.655,12.33,190.152,189.3875,183.51115,True,3.596073,4.01426,7.344979,19.444444,0.405957,0.53255,-0.293568,-1.184532,True,0.8622,,,,,,,,,,,2026-08-21T03:22:00Z
2019-10-31,reconstructed,197.080002,8.66125,13.22,190.321,189.5243,183.684799,True,3.551369,3.986667,7.292494,32.34127,0.397865,0.53209,-0.248016,-1.113171,True,0.8797,,,,,,,,,,,2026-08-21T03:22:00Z
2019-11-01,reconstructed,198.869995,8.89625,12.3,190.538,189.6896,183.860999,True,4.372879,4.839694,8.16323,18.650794,0.384407,0.518273,0.0,0.0,True,0.9105,,,,,,,,,,,2026-08-21T03:22:00Z
2019-11-04,reconstructed,200.100006,9.055,12.83,190.8986,189.8564,184.035249,True,4.820049,5.39545,8.729174,25.992063,0.38058,0.514729,0.0,0.0,True,0.9196,,,,,,,,,,,2026-08-21T03:22:00Z
2019-11-05,reconstructed,200.210007,9.06625,13.1,191.2064,190.0321,184.2266,True,4.708842,5.355888,8.67595,29.365079,0.323614,0.508948,0.0,0.0,True,1.0,,,,,,,,,,,2026-08-21T03:22:00Z
2019-11-06,reconstructed,199.759995,9.00875,12.62,191.513,190.1923,184.41465,True,4.306232,5.030537,8.32111,22.619048,0.32131,0.492927,-0.22477,-0.634219,True,1.0,,,,,,,,,,,2026-08-21T03:22:00Z
2019-11-07,reconstructed,200.429993,9.1,12.73,191.8198,190.3325,184.600799,True,4.488688,5.305186,8.574824,24.007937,0.318006,0.453791,0.0,0.0,True,1.0,,,,,,,,,,,2026-08-21T03:22:00Z
2019-11-08,reconstructed,201.229996,9.2075,12.07,192.086,190.473699,184.781199,True,4.760366,5.647129,8.901769,14.087302,0.300045,0.453647,0.0,0.0,True,1.0,,,,,,,,,,,2026-08-21T03:22:00Z
2019-11-11,reconstructed,200.960007,9.16875,12.69,192.3558,190.594799,184.97045,True,4.473069,5.438347,8.644385,23.611111,0.30217,0.445757,-0.134169,-0.42086,True,1.0,,,,,,,,,,,2026-08-21T03:22:00Z
2019-11-12,reconstructed,201.539993,9.24375,12.68,192.6736,190.724499,185.170299,True,4.601769,5.670742,8.840345,23.214286,0.279913,0.436868,0.0,0.0,True,1.0,,,,,,,,,,,2026-08-21T03:22:00Z
2019-11-13,reconstructed,201.589996,9.23,13.0,192.9388,190.858799,185.349849,True,4.483907,5.622584,8.761888,28.174603,0.276933,0.434139,0.0,-0.14875,True,1.0,,,,,,,,,,,2026-08-21T03:22:00Z
2019-11-14,reconstructed,201.429993,9.2275,13.05,193.1318,191.023799,185.516199,True,4.296648,5.44759,8.578115,28.769841,0.277865,0.431827,-0.079371,-0.175791,True,1.0,,,,,,,,,,,2026-08-21T03:22:00Z
2019-11-15,reconstructed,202.910004,9.40125,12.05,193.3582,191.194999,185.693499,True,4.939953,6.127255,9.271463,12.5,0.249244,0.432125,0.0,0.0,True,1.0,,,,,,,,,,,2026-08-21T03:22:00Z
2019-11-18,reconstructed,203.070007,9.45,12.46,193.5958,191.360699,185.861199,True,4.893808,6.118972,9.258957,19.84127,0.23992,0.38379,0.0,0.0,True,1.0,,,,,,,,,,,2026-08-21T03:22:00Z
2019-11-19,reconstructed,203.369995,9.48875,12.86,193.8504,191.526999,186.022899,True,4.910795,6.18346,9.325247,26.388889,0.212157,0.376737,0.0,0.0,True,1.0,,,,,,,,,,,2026-08-21T03:22:00Z
2019-11-20,reconstructed,202.149994,9.3225,12.78,194.0448,191.655899,186.181049,True,4.176971,5.475487,8.577105,24.007937,0.231272,0.378872,-0.599892,-1.752077,True,1.0,,,,,,,,,,,2026-08-21T03:22:00Z
2019-11-21,reconstructed,201.699997,9.25,13.13,194.2142,191.772799,186.348399,True,3.854403,5.176541,8.238116,30.15873,0.222844,0.379531,-0.821163,-2.516142,True,1.0,,,,,,,,,,,2026-08-21T03:22:00Z
2019-11-22,reconstructed,201.830002,9.275,12.34,194.4,191.876699,186.514749,True,3.822017,5.187343,8.211282,17.261905,0.213518,0.369692,-0.757237,-2.252676,True,1.0,,,,,,,,,,,2026-08-21T03:22:00Z
2019-11-25,reconstructed,204.220001,9.59625,11.87,194.6508,192.008399,186.693849,True,4.916086,6.359931,9.387643,10.31746,0.220529,0.374422,0.0,0.0,True,1.0,,,,,,,,,,,2026-08-21T03:22:00Z
2019-11-26,reconstructed,204.610001,9.65375,11.54,194.891,192.157399,186.862449,True,4.98689,6.480417,9.497655,8.333333,0.19447,0.367922,0.0,0.0,True,1.0,,,,,,,,,,,2026-08-21T03:22:00Z
2019-11-27,reconstructed,206.039993,9.84875,11.75,195.1614,192.311199,187.037599,True,5.574152,7.138843,10.159665,9.920635,0.198912,0.361143,0.0,0.0,True,1.0,,,,,,,,,,,2026-08-21T03:22:00Z
2019-11-29,reconstructed,205.100006,9.7175,12.62,195.4066,192.436599,187.207,True,4.960634,6.58056,9.557873,21.230159,0.210301,0.347045,-0.456216,-1.33266,True,1.0,,,,,,,,,,,2026-08-21T03:22:00Z
2019-12-02,reconstructed,203.0,9.405,14.91,195.6506,192.542399,187.362299,True,3.75639,5.431324,8.346236,50.595238,0.234633,0.354399,-1.475438,-4.505652,True,1.0,,,,,,,,,,,2026-08-21T03:22:00Z
2019-12-03,reconstructed,201.410004,9.19375,15.96,195.8688,192.621199,187.50795,True,2.829038,4.56274,7.414115,60.31746,0.24399,0.357705,-2.247132,-6.650587,True,1.0,,,,,,,,,,,2026-08-21T03:22:00Z
2019-12-04,reconstructed,202.429993,9.33,14.8,196.158,192.703999,187.658849,True,3.197419,5.047115,7.871275,49.007937,0.248972,0.357843,-1.752087,-5.267168,True,1.0,,,,,,,,,,,2026-08-21T03:22:00Z
2019-12-05,reconstructed,202.830002,9.37875,14.52,196.413,192.800799,187.8149,True,3.267096,5.201847,7.994628,44.642857,0.247489,0.354376,-1.557946,-4.772182,True,1.0,,,,,,,,,,,2026-08-21T03:22:00Z
2019-12-06,reconstructed,205.0,9.66875,13.62,196.7254,192.928799,187.97545,True,4.206168,6.256816,9.056795,36.904762,0.266664,0.358569,-0.504753,-1.827646,True,1.0,,,,,,,,,,,2026-08-21T03:22:00Z
2019-12-09,reconstructed,204.070007,9.55,15.86,197.0662,193.0453,188.1282,True,3.554038,5.710943,8.473907,58.134921,0.27,0.358855,-0.956118,-3.033379,True,1.0,,,,,,,,,,,2026-08-21T03:22:00Z
2019-12-10,reconstructed,203.899994,9.52875,15.68,197.368,193.1742,188.2792,True,3.309551,5.552395,8.296612,55.753968,0.26949,0.357341,-1.038633,-3.24914,True,1.0,,,,,,,,,,,2026-08-21T03:22:00Z
2019-12-11,reconstructed,204.979996,9.6725,14.99,197.7222,193.298699,188.43615,True,3.670704,6.043132,8.77955,50.595238,0.272665,0.35759,-0.514462,-1.789572,True,1.0,,,,,,,,,,,2026-08-21T03:22:00Z
2019-12-12,reconstructed,206.509995,9.89375,13.94,198.1714,193.4259,188.602749,True,4.207769,6.764397,9.494689,39.285714,0.281613,0.359781,0.0,0.0,True,1.0,,,,,,,,,,,2026-08-21T03:22:00Z
2019-12-13,reconstructed,207.190002,9.9825,12.63,198.593799,193.5463,188.766749,True,4.328535,7.049323,9.759798,19.444444,0.281827,0.359951,0.0,0.0,True,1.0,,,,,,,,,,,2026-08-21T03:22:00Z
2019-12-16,reconstructed,209.270004,10.26875,12.14,199.003,193.706,188.941,True,5.159221,8.034859,10.759446,11.507937,0.290684,0.356033,0.0,0.0,True,1.0,,,,,,,,,,,2026-08-21T03:22:00Z
2019-12-17,reconstructed,209.389999,10.2825,12.29,199.425999,193.847,189.1152,True,4.996339,8.018179,10.720873,13.888889,0.290899,0.356017,0.0,0.0,True,1.0,,,,,,,,,,,2026-08-21T03:22:00Z
2019-12-18,reconstructed,209.550003,10.30625,12.58,199.9086,193.9963,189.29515,True,4.822906,8.017526,10.700144,18.253968,0.290992,0.343994,0.0,0.0,True,1.0,,,,,,,,,,,2026-08-21T03:22:00Z
2019-12-19,reconstructed,210.860001,10.51625,12.5,200.3812,194.1671,189.4923,True,5.229433,8.597183,11.27629,17.261905,0.284318,0.340954,0.0,0.0,True,1.0,,,,,,,,,,,2026-08-21T03:22:00Z
2019-12-20,reconstructed,211.710007,10.64125,12.51,200.8418,194.3732,189.695,True,5.411327,8.91934,11.605476,17.261905,0.280037,0.339765,0.0,0.0,True,1.0,,,,,,,,,,,2026-08-21T03:22:00Z
2019-12-23,reconstructed,211.809998,10.72,12.61,201.2558,194.5898,189.8804,True,5.244171,8.849486,11.549164,18.650794,0.279537,0.328457,0.0,0.0,True,1.0,,,,,,,,,,,2026-08-21T03:22:00Z
2019-12-24,reconstructed,211.919998,10.73,12.67,201.6724,194.8355,190.06155,True,5.081309,8.768678,11.500721,20.238095,0.260989,0.325826,0.0,0.0,True,1.0,,,,,,,,,,,2026-08-21T03:22:00Z
2019-12-26,reconstructed,213.789993,11.00875,12.65,202.0778,195.1661,190.24545,True,5.795883,9.542586,12.375877,20.039683,0.270719,0.322348,0.0,0.0,True,1.0,,,,,,,,,,,2026-08-21T03:22:00Z
2019-12-27,reconstructed,213.610001,10.97625,13.43,202.4892,195.4696,190.42995,True,5.492046,9.280421,12.172482,33.333333,0.267896,0.299773,-0.084191,-0.295222,True,1.0,,,,,,,,,,,2026-08-21T03:22:00Z
2019-12-30,reconstructed,212.210007,10.7575,14.82,202.8624,195.7492,190.59925,True,4.607856,8.409131,11.338322,48.611111,0.275004,0.300101,-0.739037,-2.282278,True,1.0,,,,,,,,,,,2026-08-21T03:22:00Z
2019-12-31,reconstructed,212.610001,10.81875,13.78,203.2808,195.9927,190.77005,True,4.589317,8.47853,11.448312,37.896825,0.236918,0.290799,-0.55194,-1.725896,True,1.0,,,,,,,,,,,2026-08-21T03:22:00Z
2020-01-02,reconstructed,216.160004,11.355,12.47,203.7362,196.2894,190.9556,True,6.097985,10.123116,13.199091,15.277778,0.254867,0.302455,0.0,0.0,True,1.0,,,,,,,,,,,2026-08-21T03:22:00Z
2020-01-03,reconstructed,214.179993,11.04625,14.02,204.1828,196.5877,191.1277,True,4.896197,8.948827,12.061199,40.277778,0.287473,0.291007,-0.915993,-2.71906,True,1.0,,,,,,,,,,,2026-08-21T03:22:00Z
2020-01-06,reconstructed,215.559998,11.25625,13.85,204.6496,196.8594,191.29265,True,5.331258,9.499469,12.68598,38.095238,0.289464,0.28808,-0.277575,-0.869654,True,1.0,,,,,,,,,,,2026-08-21T03:22:00Z
2020-01-07,reconstructed,215.529999,11.2425,13.79,205.0784,197.1871,191.4775,True,5.096392,9.302281,12.561528,37.698413,0.279984,0.286867,-0.291453,-0.990746,True,1.0,,,,,,,,,,,2026-08-21T03:22:00Z
2020-01-08,reconstructed,217.149994,11.50125,13.45,205.5086,197.5331,191.67215,True,5.664675,9.93094,13.292408,32.539683,0.274529,0.281719,0.0,0.0,True,1.0,,,,,,,,,,,2026-08-21T03:22:00Z
2020-01-09,reconstructed,218.990005,11.79125,12.54,205.937,197.8682,191.87185,True,6.338349,10.674684,14.133473,15.47619,0.276286,0.284117,0.0,0.0,True,1.0,,,,,,,,,,,2026-08-21T03:22:00Z
2020-01-10,reconstructed,218.429993,11.695,12.56,206.384799,198.1682,192.0745,True,5.836279,10.224543,13.721495,15.47619,0.283783,0.27816,-0.255725,-0.816288,True,1.0,,,,,,,,,,,2026-08-21T03:22:00Z
2020-01-13,reconstructed,220.949997,12.10375,12.32,206.863999,198.508,192.2877,True,6.809304,11.305336,14.905944,11.309524,0.294269,0.282936,0.0,0.0,True,1.0,,,,,,,,,,,2026-08-21T03:22:00Z
2020-01-14,reconstructed,220.080002,11.9625,12.39,207.323999,198.8225,192.489799,True,6.15269,10.691698,14.333332,12.5,0.304445,0.285432,-0.393752,-1.166999,True,1.0,,,,,,,,,,,2026-08-21T03:22:00Z
2020-01-15,reconstructed,220.169998,11.97,12.42,207.749999,199.144,192.68045,True,5.978339,10.558188,14.266911,13.690476,0.296908,0.276213,-0.35302,-1.105029,True,1.0,,,,,,,,,,,2026-08-21T03:22:00Z
2020-01-16,reconstructed,222.279999,12.30375,12.32,208.193599,199.5461,192.8782,True,6.76601,11.392806,15.243713,10.912698,0.304042,0.276673,0.0,0.0,True,1.0,,,,,,,,,,,2026-08-21T03:22:00Z
2020-01-17,reconstructed,223.380005,12.4875,12.1,208.656999,199.9317,193.0762,True,7.05608,11.728158,15.695257,6.349206,0.303557,0.269928,0.0,0.0,True,1.0,,,,,,,,,,,2026-08-21T03:22:00Z
2020-01-21,reconstructed,223.279999,12.48125,12.85,209.127399,200.3202,193.27405,True,6.767453,11.46155,15.525079,22.02381,0.30297,0.270371,-0.044769,-0.050053,True,1.0,,,,,,,,,,,2026-08-21T03:22:00Z
2020-01-22,reconstructed,223.869995,12.56625,12.91,209.596199,200.708,193.470099,True,6.810141,11.540146,15.712968,23.809524,0.302814,0.266724,0.0,0.0,True,1.0,,,,,,,,,,,2026-08-21T03:22:00Z
2020-01-23,reconstructed,224.589996,12.6825,12.98,210.063399,201.0747,193.667399,True,6.915339,11.694806,15.966857,24.603175,0.302795,0.264763,0.0,0.0,True,1.0,,,,,,,,,,,2026-08-21T03:22:00Z
2020-01-24,reconstructed,222.699997,12.35375,14.56,210.498199,201.427,193.858499,True,5.796628,10.561145,14.877603,43.849206,0.325947,0.268471,-0.841533,-2.592152,True,1.0,,,,,,,,,,,2026-08-21T03:22:00Z
2020-01-27,reconstructed,218.100006,11.59,18.23,210.829399,201.7515,194.021649,True,3.448573,8.103289,12.410139,75.793651,0.399753,0.296637,-2.889706,-8.61423,True,0.8755,,,,,,,,,,,2026-08-21T03:22:00Z
2020-01-28,reconstructed,221.449997,12.12875,16.280001,211.226599,202.0827,194.203749,True,4.840014,9.583847,14.029723,63.492063,0.427725,0.30796,-1.398103,-4.366253,True,0.8183,,,,,,,,,,,2026-08-21T03:22:00Z
2020-01-29,reconstructed,221.809998,12.1725,16.389999,211.6342,202.383,194.383649,True,4.808201,9.599125,14.10939,64.880952,0.417307,0.307813,-1.237811,-4.021291,True,0.8387,,,,,,,,,,,2026-08-21T03:22:00Z
2020-01-30,reconstructed,222.600006,12.31,15.49,212.028,202.6931,194.567349,True,4.986137,9.821206,14.407688,53.968254,0.417632,0.304838,-0.886055,-2.937114,True,0.8381,,,,,,,,,,,2026-08-21T03:22:00Z
2020-01-31,reconstructed,219.070007,11.705,18.84,212.348,202.9719,194.7302,True,3.165562,7.9312,12.499247,78.174603,0.430386,0.323687,-2.457807,-7.707471,True,0.8132,,,,,,,,,,,2026-08-21T03:22:00Z
2020-02-03,reconstructed,222.380005,12.2425,17.969999,212.7282,203.2893,194.90635,True,4.537154,9.390905,14.095824,74.007937,0.442966,0.334539,-0.984012,-3.469344,True,0.7901,,,,,,,,,,,2026-08-21T03:22:00Z
2020-02-04,reconstructed,227.470001,13.07875,16.049999,213.2346,203.6397,195.10675,True,6.675934,11.702188,16.587459,60.31746,0.494438,0.357683,0.0,0.0,True,0.7079,,,,,,,,,,,2026-08-21T03:22:00Z
2020-02-05,reconstructed,228.220001,13.23,15.15,213.765,203.9896,195.30825,True,6.762099,11.878253,16.851184,50.198413,0.493359,0.357757,0.0,0.0,True,0.7094,,,,,,,,,,,2026-08-21T03:22:00Z
2020-02-06,reconstructed,230.190002,13.5525,14.96,214.3322,204.3661,195.50765,True,7.398703,12.636099,17.73964,49.007937,0.493909,0.359476,0.0,0.0,True,0.7086,,,,,,,,,,,2026-08-21T03:22:00Z
2020-02-07,reconstructed,229.199997,13.3775,15.47,214.8318,204.7413,195.7051,True,6.688115,11.946147,17.114984,53.571429,0.49554,0.361045,-0.430082,-1.291276,True,0.7063,,,,,,,,,,,2026-08-21T03:22:00Z
2020-02-10,reconstructed,231.970001,13.86,15.04,215.379,205.135,195.91255,True,7.703166,13.08163,18.404871,49.801587,0.502655,0.366065,0.0,0.0,True,0.6963,,,,,,,,,,,2026-08-21T03:22:00Z
2020-02-11,reconstructed,232.009995,13.87,15.18,215.8984,205.5299,196.11935,True,7.462582,12.883816,18.30041,50.992063,0.493829,0.365873,0.0,0.0,True,0.7087,,,,,,,,,,,2026-08-21T03:22:00Z
2020-02-12,reconstructed,234.270004,14.27625,13.74,216.4818,205.9442,196.3356,True,8.216951,13.754116,19.321206,35.714286,0.49437,0.368346,0.0,0.0,True,0.708,,,,,,,,,,,2026-08-21T03:22:00Z
2020-02-13,reconstructed,233.970001,14.22125,14.15,217.1012,206.3759,196.55775,True,7.770018,13.370796,19.03372,39.880952,0.495671,0.368317,-0.128059,-0.385257,True,0.7061,,,,,,,,,,,2026-08-21T03:22:00Z
2020-02-14,reconstructed,234.639999,14.3175,13.68,217.7658,206.8173,196.7863,True,7.748783,13.452791,19.235943,34.920635,0.490711,0.368294,0.0,0.0,True,0.7133,,,,,,,,,,,2026-08-21T03:22:00Z
2020-02-18,reconstructed,234.729996,14.3425,14.83,218.4118,207.2849,197.0194,True,7.471298,13.240277,19.14055,48.015873,0.490495,0.368411,0.0,0.0,True,0.7136,,,,,,,,,,,2026-08-21T03:22:00Z
2020-02-19,reconstructed,236.979996,14.7575,14.38,219.0948,207.7539,197.24875,True,8.163222,14.067652,20.142711,41.865079,0.495309,0.367411,0.0,0.0,True,0.7066,,,,,,,,,,,2026-08-21T03:22:00Z
2020-02-20,reconstructed,234.779999,14.3375,15.56,219.6904,208.2079,197.47295,True,6.868575,12.762291,18.892233,55.555556,0.512774,0.373585,-0.928347,-2.846011,True,0.6826,,,,,,,,,,,2026-08-21T03:22:00Z
2020-02-21,reconstructed,230.270004,13.5175,17.08,220.2144,208.6403,197.6931,True,4.566279,10.366983,16.478524,70.833333,0.561062,0.396409,-2.831459,-8.402506,True,0.6238,,,,,,,,,,,2026-08-21T03:22:00Z
2020-02-24,reconstructed,221.389999,11.96,25.030001,220.5642,208.9661,197.8712,True,0.374403,5.945414,11.885914,97.81746,0.696883,0.464302,-6.578613,-18.956461,True,0.5022,,,,,,,,,,,2026-08-21T03:22:00Z
2020-02-25,reconstructed,215.369995,10.9925,27.85,220.772,209.2471,198.0242,True,-2.44687,2.926155,8.759432,98.809524,0.721916,0.495867,-9.118913,-25.512448,True,0.4848,,,,,,,,,,,2026-08-21T03:22:00Z
2020-02-26,reconstructed,216.479996,11.14375,27.559999,220.9714,209.5714,198.1816,True,-2.032573,3.296536,9.233146,98.611111,0.702061,0.495069,-8.650519,-24.487546,True,0.4985,,,,,,,,,,,2026-08-21T03:22:00Z
2020-02-27,reconstructed,205.639999,9.4775,39.16,220.9404,209.7671,198.316899,True,-6.925126,-1.967468,3.692625,100.0,0.872025,0.584358,-13.224743,-35.778417,True,0.4014,,,,,,,,,,,2026-08-21T03:22:00Z
2020-02-28,reconstructed,205.800003,9.625,40.110001,220.871,209.937,198.4432,True,-6.823438,-1.97059,3.707259,100.0,0.873597,0.581219,-13.157226,-34.778925,True,0.4006,,,,,,,,,,,2026-08-21T03:22:00Z
2020-03-02,reconstructed,216.419998,10.93875,33.419998,221.0116,210.2188,198.60985,True,-2.077539,2.949878,8.967405,99.404762,1.00405,0.641852,-8.675837,-25.87667,True,0.3486,,,,,,,,,,,2026-08-21T03:22:00Z
2020-03-03,reconstructed,209.479996,9.90875,36.82,221.0102,210.4594,198.7326,True,-5.217046,-0.465365,5.407968,99.603175,1.038955,0.671959,-11.604355,-32.856176,True,0.3369,,,,,,,,,,,2026-08-21T03:22:00Z
2020-03-04,reconstructed,218.220001,11.11125,31.99,221.1574,210.7693,198.9085,True,-1.328194,3.535003,9.708736,99.007937,1.105837,0.715165,-7.916278,-24.707775,True,0.3165,,,,,,,,,,,2026-08-21T03:22:00Z
2020-03-05,reconstructed,211.589996,10.13625,39.619999,221.154999,210.9984,199.0667,True,-4.325022,0.28038,6.291005,99.801587,1.140817,0.736995,-10.713984,-31.314587,True,0.3068,,,,,,,,,,,2026-08-21T03:22:00Z
2020-03-06,reconstructed,208.020004,9.605,41.939999,221.0792,211.1675,199.19765,True,-5.907021,-1.490521,4.428945,100.0,1.142024,0.744832,-12.220437,-34.914452,True,0.3065,,,,,,,,,,,2026-08-21T03:22:00Z
2020-03-09,reconstructed,193.570007,7.65375,54.459999,220.7122,211.1923,199.2604,True,-12.29755,-8.344193,-2.855757,100.0,1.323548,0.854522,-18.317997,-48.13654,False,0.0,,,,,,,,,,,2026-08-21T03:22:00Z
2020-03-10,reconstructed,204.110001,8.845,47.299999,220.5186,211.2982,199.3897,True,-7.440914,-3.401922,2.367375,99.801587,1.456972,0.91317,-13.870367,-40.064371,True,0.2402,,,,,,,,,,,2026-08-21T03:22:00Z
2020-03-11,reconstructed,195.220001,7.7075,53.900002,220.1508,211.32,199.475,True,-11.324419,-7.618777,-2.133099,99.801587,1.506279,0.949158,-17.621738,-47.772318,False,0.0,,,,,,,,,,,2026-08-21T03:22:00Z
2020-03-12,reconstructed,177.320007,5.595,75.470001,219.453,211.1577,199.47415,True,-19.199096,-16.024844,-11.106272,100.0,1.730603,1.100034,-25.175116,-62.087075,False,0.0,,,,,,,,,,,2026-08-21T03:22:00Z
2020-03-13,reconstructed,192.339996,7.105,57.830002,219.0476,211.1642,199.5557,True,-12.192603,-8.914486,-3.615884,99.801587,2.049341,1.236142,-18.837033,-51.854988,False,0.0,,,,,,,,,,,2026-08-21T03:22:00Z
2020-03-16,reconstructed,169.300003,4.65625,82.690002,218.1104,210.9233,199.51835,True,-22.378757,-19.733854,-15.145648,100.0,2.334477,1.420534,-28.55937,-68.448246,False,0.0,,,,,,,,,,,2026-08-21T03:22:00Z
2020-03-17,reconstructed,182.139999,5.415,75.910004,217.4696,210.8262,199.5593,True,-16.245765,-13.606563,-8.728884,99.801587,2.443622,1.463401,-23.141192,-63.306793,False,0.0,,,,,,,,,,,2026-08-21T03:22:00Z
2020-03-18,reconstructed,176.600006,4.91375,76.449997,216.6904,210.67,199.5917,True,-18.501232,-16.17221,-11.519364,99.801587,2.439136,1.472941,-25.478939,-66.703369,False,0.0,,,,,,,,,,,2026-08-21T03:22:00Z
2020-03-19,reconstructed,177.660004,5.0275,72.0,215.933,210.5057,199.60545,True,-17.724478,-15.603234,-10.994412,99.206349,2.449694,1.473772,-25.031645,-65.932575,False,0.0,,,,,,,,,,,2026-08-21T03:22:00Z
2020-03-20,reconstructed,170.699997,4.43875,66.040001,215.004,210.2563,199.5779,True,-20.60613,-18.813373,-14.469489,99.007937,2.464758,1.490278,-27.968605,-69.922074,False,0.0,,,,,,,,,,,2026-08-21T03:22:00Z
2020-03-23,reconstructed,170.460007,4.4525,61.59,214.0334,209.9852,199.54215,True,-20.358221,-18.822847,-14.574436,98.809524,2.45394,1.490352,-28.069875,-69.828901,False,0.0,,,,,,,,,,,2026-08-21T03:22:00Z
2020-03-24,reconstructed,183.660004,5.445,61.669998,213.338,209.8614,199.55525,True,-13.911257,-12.485096,-7.965336,98.809524,2.612311,1.563428,-22.499786,-63.103505,False,0.0,,,,,,,,,,,2026-08-21T03:22:00Z
2020-03-25,reconstructed,182.300003,5.31875,63.950001,212.565001,209.7145,199.551,True,-14.237997,-13.072294,-8.644906,98.809524,2.609088,1.563778,-23.073674,-63.959004,False,0.0,,,,,,,,,,,2026-08-21T03:22:00Z
2020-03-26,reconstructed,191.899994,6.185,61.0,212.0014,209.6627,199.5935,True,-9.481733,-8.472039,-3.854587,98.214286,2.643276,1.601689,-19.022703,-58.089107,False,0.0,,,,,,,,,,,2026-08-21T03:22:00Z
2020-03-27,reconstructed,185.300003,5.5425,65.540001,211.304001,209.527,199.6083,True,-12.306439,-11.562709,-7.168187,98.809524,2.663566,1.614588,-21.807745,-62.442825,False,0.0,,,,,,,,,,,2026-08-21T03:22:00Z
2020-03-30,reconstructed,192.039993,6.125,57.080002,210.6992,209.4464,199.6514,True,-8.855851,-8.310674,-3.812348,97.619048,2.642417,1.62667,-18.963627,-58.495679,False,0.0,,,,,,,,,,,2026-08-21T03:22:00Z
2020-03-31,reconstructed,190.399994,5.955,53.540001,210.0396,209.3483,199.6902,True,-9.35043,-9.051091,-4.652309,97.02381,2.626407,1.626703,-19.655668,-59.647636,False,0.0,,,,,,,,,,,2026-08-21T03:22:00Z
2020-04-01,reconstructed,182.309998,5.21625,57.060001,209.2202,209.1738,199.68305,True,-12.862144,-12.842814,-8.700314,97.420635,2.606258,1.6441,-23.069457,-64.653566,False,0.0,,,,,,,,,,,2026-08-21T03:22:00Z
2020-04-02,reconstructed,186.009995,5.525,50.91,208.463,209.0296,199.68105,True,-10.770739,-11.012606,-6.846446,96.626984,2.610537,1.649683,-21.508145,-62.561408,False,0.0,,,,,,,,,,,2026-08-21T03:22:00Z
2020-04-03,reconstructed,183.369995,5.3025,46.799999,207.6386,208.851,199.66235,True,-11.687906,-12.200566,-8.159953,96.230159,2.608667,1.650003,-22.622163,-64.069118,False,0.0,,,,,,,,,,,2026-08-21T03:22:00Z
2020-04-06,reconstructed,196.479996,6.4125,45.240002,207.1142,208.8062,199.7005,True,-5.134464,-5.903179,-1.612667,96.031746,2.626446,1.707595,-17.09005,-56.547518,False,0.0,,,,,,,,,,,2026-08-21T03:22:00Z
2020-04-07,reconstructed,196.399994,6.4,46.700001,206.6802,208.7548,199.73965,True,-4.973968,-5.918334,-1.672004,96.031746,2.565343,1.70758,-17.123809,-56.632219,False,0.0,,,,,,,,,,,2026-08-21T03:22:00Z
2020-04-08,reconstructed,200.570007,6.80875,43.349998,206.2626,208.7446,199.8017,True,-2.759876,-3.916074,0.384535,95.634921,2.531083,1.711423,-15.364161,-53.862441,True,0.1383,,,,,,,,,,,2026-08-21T03:22:00Z
2020-04-09,reconstructed,200.860001,6.83375,41.669998,205.8436,208.7389,199.88135,True,-2.421061,-3.774524,0.489616,95.238095,2.304367,1.711401,-15.241791,-53.693038,True,0.1519,,,,,,,,,,,2026-08-21T03:22:00Z
2020-04-13,reconstructed,203.029999,7.07125,41.169998,205.4522,208.7401,199.96755,True,-1.178961,-2.735507,1.531473,95.039683,2.109848,1.713163,-14.326102,-52.083686,True,0.1659,,,,,,,,,,,2026-08-21T03:22:00Z
2020-04-14,reconstructed,211.860001,7.98875,37.759998,205.308,208.828,200.09435,True,3.191303,1.451913,5.880052,94.246032,1.68512,1.733536,-10.600049,-45.866508,True,0.2077,,,,,,,,,,,2026-08-21T03:22:00Z
2020-04-15,reconstructed,209.429993,7.72375,40.84,205.049,208.8886,200.2078,True,2.136559,0.259178,4.606311,94.84127,1.626523,1.734447,-11.625455,-47.662204,True,0.2152,,,,,,,,,,,2026-08-21T03:22:00Z
2020-04-16,reconstructed,213.25,8.1375,40.110001,204.7646,208.9996,200.32775,True,4.143978,2.033688,6.450554,94.642857,1.570949,1.73816,-10.013502,-44.858547,True,0.2228,,,,,,,,,,,2026-08-21T03:22:00Z
2020-04-17,reconstructed,215.289993,8.34125,38.150002,204.505999,209.1355,200.45415,True,5.273192,2.942826,7.401116,93.849206,1.570854,1.738908,-9.152672,-43.477889,True,0.2228,,,,,,,,,,,2026-08-21T03:22:00Z
2020-04-20,reconstructed,212.740005,8.07125,43.830002,204.157,209.2446,200.56065,True,4.20412,1.670488,6.072655,95.634921,1.49238,1.73999,-10.228707,-45.30747,True,0.2345,,,,,,,,,,,2026-08-21T03:22:00Z
2020-04-21,reconstructed,204.889999,7.17875,45.41,203.6708,209.2513,200.62985,True,0.598613,-2.084241,2.123388,95.833333,1.576128,1.753698,-13.541226,-51.355242,True,0.2221,,,,,,,,,,,2026-08-21T03:22:00Z
2020-04-22,reconstructed,210.970001,7.81375,41.98,203.2508,209.3149,200.73615,True,3.79787,0.790723,5.098161,95.039683,1.420949,1.759104,-10.975608,-47.052347,True,0.2463,,,,,,,,,,,2026-08-21T03:22:00Z
2020-04-23,reconstructed,210.520004,7.7625,41.380001,202.821,209.3597,200.83545,True,3.79596,0.554216,4.822134,94.444444,1.415163,1.756445,-11.165496,-47.399628,True,0.2473,,,,,,,,,,,2026-08-21T03:22:00Z
2020-04-24,reconstructed,213.839996,8.1375,35.93,202.4124,209.4471,200.94185,True,5.6457,2.097378,6.418845,92.261905,1.319945,1.759344,-9.764537,-44.858547,True,0.2652,,,,,,,,,,,2026-08-21T03:22:00Z
2020-04-27,reconstructed,215.559998,8.29625,33.290001,202.0442,209.5727,201.05755,True,6.689525,2.856907,7.213083,91.865079,1.240309,1.759657,-9.038737,-43.782819,True,0.2822,,,,,,,,,,,2026-08-21T03:22:00Z
2020-04-28,reconstructed,211.5,7.8475,33.57,201.5814,209.6736,201.1474,True,4.920395,0.871068,5.146773,92.063492,1.229553,1.760273,-10.751961,-46.823649,True,0.2847,,,,,,,,,,,2026-08-21T03:22:00Z
2020-04-29,reconstructed,219.0,8.66375,31.23,201.2668,209.8393,201.27165,True,8.810793,4.365579,8.808171,91.269841,1.257108,1.770784,-7.587136,-41.292564,True,0.2784,,,,,,,,,,,2026-08-21T03:22:00Z
2020-04-30,reconstructed,218.910004,8.72125,34.150002,200.9054,210.0001,201.40045,True,8.961732,4.242809,8.6939,92.063492,1.135699,1.765223,-7.625113,-40.902932,True,0.3082,,,,,,,,,,,2026-08-21T03:22:00Z
2020-05-01,reconstructed,212.740005,7.93875,37.189999,200.4646,210.0775,201.50315,True,6.123478,1.267392,5.576516,92.65873,1.203088,1.77448,-10.228707,-46.20532,True,0.2909,,,,,,,,,,,2026-08-21T03:22:00Z
2020-05-04,reconstructed,215.220001,8.21875,35.970001,200.1636,210.189,201.61715,True,7.522048,2.393561,6.746872,92.063492,1.181831,1.775313,-9.182207,-44.307978,True,0.2962,,,,,,,,,,,2026-08-21T03:22:00Z
2020-05-05,reconstructed,217.660004,8.48125,33.610001,200.089,210.3266,201.7504,True,8.781594,3.486674,7.885786,91.468254,0.961429,1.776501,-8.152584,-42.529223,True,0.364,,,,,,,,,,,2026-08-21T03:22:00Z
2020-05-06,reconstructed,219.0,8.64875,34.119999,200.1616,210.4668,201.88275,True,9.411595,4.054416,8.478808,91.468254,0.959193,1.775356,-7.587136,-41.394203,True,0.3649,,,,,,,,,,,2026-08-21T03:22:00Z
2020-05-07,reconstructed,221.820007,8.98625,31.440001,200.2684,210.6199,202.0229,True,10.761362,5.317687,9.799437,90.277778,0.947036,1.777286,-6.39716,-39.107233,True,0.3696,,,,,,,,,,,2026-08-21T03:22:00Z
2020-05-08,reconstructed,224.860001,9.34875,27.98,200.6528,210.7966,202.17145,True,12.064223,6.67155,11.222431,88.888889,0.94982,1.778228,-5.114354,-36.650853,True,0.3685,,,,,,,,,,,2026-08-21T03:22:00Z
2020-05-11,reconstructed,226.869995,9.58125,27.57,201.0742,210.9726,202.3393,True,12.828993,7.535289,12.123545,88.492063,0.948084,1.778976,-4.266183,-35.075383,True,0.3692,,,,,,,,,,,2026-08-21T03:22:00Z
2020-05-12,reconstructed,222.119995,9.01125,33.040001,201.1882,211.0999,202.47345,True,10.404087,5.220322,9.70327,90.47619,0.885494,1.783062,-6.270572,-38.93783,True,0.3953,,,,,,,,,,,2026-08-21T03:22:00Z
2020-05-13,reconstructed,219.339996,8.67,35.279999,201.3854,211.1978,202.59705,True,8.91554,3.855247,8.264161,91.666667,0.88851,1.784629,-7.443666,-41.25021,True,0.3939,,,,,,,,,,,2026-08-21T03:22:00Z
2020-05-14,reconstructed,221.830002,8.9575,32.610001,201.4576,211.3075,202.7373,True,10.112501,4.979711,9.417459,90.079365,0.877298,1.784962,-6.392942,-39.302045,True,0.399,,,,,,,,,,,2026-08-21T03:22:00Z
2020-05-15,reconstructed,223.270004,9.11125,31.889999,201.6912,211.4231,202.89815,True,10.698932,5.603411,10.040434,89.68254,0.875509,1.784499,-5.785295,-38.260206,True,0.3998,,,,,,,,,,,2026-08-21T03:22:00Z
2020-05-18,reconstructed,227.429993,9.63875,29.299999,202.0794,211.5793,203.08455,True,12.544867,7.491609,11.987836,88.492063,0.881802,1.784616,-4.029877,-34.685751,True,0.3969,,,,,,,,,,,2026-08-21T03:22:00Z
2020-05-19,reconstructed,226.860001,9.565,30.530001,202.7452,211.7287,203.2821,True,11.894141,7.146552,11.598611,89.087302,0.762072,1.768265,-4.270401,-35.1855,True,0.4593,,,,,,,,,,,2026-08-21T03:22:00Z
2020-05-20,reconstructed,231.389999,10.125,27.99,203.2908,211.9047,203.5354,True,13.82217,9.195313,13.685383,87.698413,0.730877,1.7632,-2.358847,-31.390817,True,0.4789,,,,,,,,,,,2026-08-21T03:22:00Z
2020-05-21,reconstructed,228.869995,9.81375,29.530001,203.9638,212.0573,203.76345,True,12.211086,7.928374,12.321417,88.293651,0.744829,1.764615,-3.42223,-33.499912,True,0.4699,,,,,,,,,,,2026-08-21T03:22:00Z
2020-05-22,reconstructed,229.660004,9.9025,28.16,205.0106,212.2318,203.9905,True,12.023478,8.211872,12.583676,87.5,0.732978,1.735269,-3.088865,-32.898524,True,0.4775,,,,,,,,,,,2026-08-21T03:22:00Z
2020-05-26,reconstructed,229.039993,9.86125,28.01,205.7446,212.3961,204.1944,True,11.322481,7.836252,12.167617,87.301587,0.734098,1.73532,-3.350495,-33.178044,True,0.4768,,,,,,,,,,,2026-08-21T03:22:00Z
2020-05-27,reconstructed,230.289993,10.0,27.620001,206.964399,212.5374,204.4134,True,11.270341,8.352692,12.658952,86.507937,0.69434,1.714181,-2.823024,-32.237844,True,0.5041,,,,,,,,,,,2026-08-21T03:22:00Z
2020-05-28,reconstructed,229.990005,9.93625,28.59,207.9214,212.6955,204.6416,True,10.613918,8.13111,12.386732,87.896825,0.607819,1.70199,-2.949612,-32.669829,True,0.5758,,,,,,,,,,,2026-08-21T03:22:00Z
2020-05-29,reconstructed,233.360001,10.34625,27.51,209.056599,212.8735,204.86645,True,11.625273,9.623791,13.908354,85.714286,0.61942,1.686649,-1.527553,-29.891582,True,0.565,,,,,,,,,,,2026-08-21T03:22:00Z
2020-06-01,reconstructed,234.059998,10.47375,28.23,210.184599,213.0588,205.12295,True,11.359252,9.856996,14.107172,87.301587,0.496789,1.675663,-1.232171,-29.027611,True,0.7045,,,,,,,,,,,2026-08-21T03:22:00Z
2020-06-02,reconstructed,235.630005,10.6825,26.84,211.483199,213.2436,205.38835,True,11.417836,10.498043,14.724134,85.31746,0.491202,1.671384,-0.569664,-27.613077,True,0.7125,,,,,,,,,,,2026-08-21T03:22:00Z
2020-06-03,reconstructed,236.690002,10.8275,25.66,212.807799,213.4206,205.6444,True,11.222428,10.903072,15.096741,85.119048,0.486436,1.612683,-0.12237,-26.630523,True,0.7195,,,,,,,,,,,2026-08-21T03:22:00Z
2020-06-04,reconstructed,235.029999,10.6075,25.809999,213.835199,213.5866,205.8774,True,9.911745,10.039674,14.160174,85.119048,0.499391,1.585432,-0.822853,-28.121292,True,0.7009,,,,,,,,,,,2026-08-21T03:22:00Z
2020-06-05,reconstructed,239.690002,11.23625,24.52,214.982999,213.774,206.141,True,11.492538,12.123084,16.274784,82.936508,0.519382,1.562773,0.0,-23.860748,True,0.6739,,,,,,,,,,,2026-08-21T03:22:00Z
2020-06-08,reconstructed,241.550003,11.48625,25.809999,215.975999,213.9887,206.4056,True,11.841132,12.879794,17.026865,85.119048,0.510057,1.445178,0.0,-22.166694,True,0.6862,,,,,,,,,,,2026-08-21T03:22:00Z
2020-06-09,reconstructed,243.300003,11.7425,27.57,217.135999,214.22,206.682,True,12.049593,13.574831,17.717074,85.912698,0.509203,1.34523,0.0,-20.430286,True,0.6873,,,,,,,,,,,2026-08-21T03:22:00Z
2020-06-10,reconstructed,246.220001,12.16625,27.57,218.2196,214.4594,207.00275,True,12.831295,14.80961,18.94528,85.912698,0.44318,1.121599,0.0,-17.558865,True,0.7897,,,,,,,,,,,2026-08-21T03:22:00Z
2020-06-11,reconstructed,234.020004,10.375,40.790001,219.092,214.5658,207.24875,True,6.813578,9.066778,12.91745,93.849206,0.708445,1.13108,-4.954917,-29.696763,True,0.494,,,,,,,,,,,2026-08-21T03:22:00Z
2020-06-12,reconstructed,235.880005,10.6,36.09,220.1634,214.6918,207.506,True,7.138609,9.869126,13.673824,92.063492,0.704634,1.109417,-4.199495,-28.172112,True,0.4967,,,,,,,,,,,2026-08-21T03:22:00Z
2020-06-15,reconstructed,238.75,10.97375,34.400002,221.2182,214.8406,207.7743,True,7.925116,11.128902,14.908341,91.071429,0.710169,1.110063,-3.033873,-25.639503,True,0.4928,,,,,,,,,,,2026-08-21T03:22:00Z
2020-06-16,reconstructed,242.850006,11.55375,33.669998,222.4078,215.0232,208.04895,True,9.191317,12.941304,16.72734,90.47619,0.705905,1.077553,-1.368693,-21.709298,True,0.4958,,,,,,,,,,,2026-08-21T03:22:00Z
2020-06-17,reconstructed,243.619995,11.66625,33.470001,223.3506,215.2324,208.3297,True,9.075147,13.189276,16.939637,89.880952,0.702797,1.077239,-1.055969,-20.946973,True,0.498,,,,,,,,,,,2026-08-21T03:22:00Z
2020-06-18,reconstructed,244.279999,11.75625,32.939999,224.3082,215.4942,208.62285,True,8.903731,13.358039,17.09168,89.087302,0.679946,0.989431,-0.787914,-20.337112,True,0.5147,,,,,,,,,,,2026-08-21T03:22:00Z
2020-06-19,reconstructed,244.240005,11.74,35.119999,225.1816,215.7221,208.9024,True,8.463571,13.219742,16.915845,91.071429,0.665345,0.986861,-0.804157,-20.44723,True,0.526,,,,,,,,,,,2026-08-21T03:22:00Z
2020-06-22,reconstructed,246.740005,12.1575,31.77,226.0992,215.9714,209.1772,True,9.129092,14.246611,17.957409,88.095238,0.671525,0.938795,0.0,-17.618157,True,0.5212,,,,,,,,,,,2026-08-21T03:22:00Z
2020-06-23,reconstructed,248.839996,12.475,31.370001,227.0154,216.2338,209.46345,True,9.613707,15.079139,18.798767,87.698413,0.670925,0.906903,0.0,-15.466708,True,0.5217,,,,,,,,,,,2026-08-21T03:22:00Z
2020-06-24,reconstructed,243.710007,11.74,33.84,227.652401,216.4802,209.72605,True,7.053563,12.578428,16.203975,90.277778,0.717411,0.899731,-2.061562,-20.44723,True,0.4879,,,,,,,,,,,2026-08-21T03:22:00Z
2020-06-25,reconstructed,246.029999,12.05125,32.220001,228.384401,216.7167,210.003,True,7.726271,13.526091,17.155469,88.293651,0.717509,0.896234,-1.129239,-18.338128,True,0.4878,,,,,,,,,,,2026-08-21T03:22:00Z
2020-06-26,reconstructed,240.220001,11.185,34.73,228.923801,216.8442,210.24195,True,4.934481,10.779998,14.258834,90.873016,0.764512,0.867994,-3.464071,-24.208025,True,0.4578,,,,,,,,,,,2026-08-21T03:22:00Z
2020-06-29,reconstructed,242.839996,11.5425,31.780001,229.474801,216.9904,210.49,True,5.824254,11.912783,15.368899,87.5,0.77014,0.863756,-2.411188,-21.785534,True,0.4545,,,,,,,,,,,2026-08-21T03:22:00Z
2020-06-30,reconstructed,247.600006,12.20625,30.43,230.172001,217.1645,210.7653,True,7.571731,14.014955,17.476646,86.309524,0.790402,0.860854,-0.498308,-17.287817,True,0.4428,,,,,,,,,,,2026-08-21T03:22:00Z
2020-07-01,reconstructed,250.490005,12.6425,28.620001,231.084001,217.3774,211.05935,True,8.397814,15.232773,18.682259,85.119048,0.796393,0.761632,0.0,-14.331694,True,0.4395,,,,,,,,,,,2026-08-21T03:22:00Z
2020-07-02,reconstructed,252.190002,12.91125,27.68,231.908401,217.5796,211.3573,True,8.745523,15.907007,19.319277,83.134921,0.78971,0.761233,0.0,-12.510585,True,0.4432,,,,,,,,,,,2026-08-21T03:22:00Z
2020-07-06,reconstructed,258.390015,13.86,27.940001,232.865801,217.8434,211.68665,True,10.960911,18.612735,22.062499,83.333333,0.802704,0.764231,0.0,-6.081654,True,0.436,,,,,,,,,,,2026-08-21T03:22:00Z
2020-07-07,reconstructed,256.609985,13.5875,29.43,233.721201,218.0668,212.0055,True,9.7932,17.674944,21.039306,85.31746,0.809249,0.766948,-0.688892,-7.928173,True,0.4325,,,,,,,,,,,2026-08-21T03:22:00Z
2020-07-08,reconstructed,259.98999,14.11,28.08,234.609801,218.327,212.35145,True,10.818043,19.082839,22.433819,83.730159,0.814588,0.76744,0.0,-4.3876,True,0.4297,,,,,,,,,,,2026-08-21T03:22:00Z
2020-07-09,reconstructed,262.179993,14.4625,29.26,235.623401,218.6024,212.70985,True,11.270779,19.934636,23.2571,84.920635,0.810914,0.728254,0.0,-1.998984,True,0.4316,,,,,,,,,,,2026-08-21T03:22:00Z
2020-07-10,reconstructed,263.970001,14.76875,27.290001,236.522801,218.8948,213.08985,True,11.604463,20.592175,23.877323,80.952381,0.559106,0.722669,0.0,0.0,True,0.626,,,,,,,,,,,2026-08-21T03:22:00Z
2020-07-13,reconstructed,258.540009,13.85625,32.189999,237.315401,219.1104,213.43215,True,8.943629,17.995316,21.134519,87.896825,0.627003,0.732863,-2.057049,-6.178589,True,0.5582,,,,,,,,,,,2026-08-21T03:22:00Z
2020-07-14,reconstructed,260.369995,14.15,29.52,238.268,219.3663,213.7871,True,9.276107,18.691884,21.789385,85.119048,0.622721,0.732568,-1.363794,-4.189593,True,0.562,,,,,,,,,,,2026-08-21T03:22:00Z
2020-07-15,reconstructed,260.899994,14.22,27.76,239.1816,219.6726,214.15645,True,9.080294,18.767654,21.826821,81.944444,0.605582,0.72734,-1.163014,-3.715615,True,0.578,,,,,,,,,,,2026-08-21T03:22:00Z
2020-07-16,reconstructed,259.119995,13.915,28.0,240.0108,220.0499,214.508,True,7.961806,17.755107,20.797357,82.738095,0.616556,0.685688,-1.837332,-5.780789,True,0.5677,,,,,,,,,,,2026-08-21T03:22:00Z
2020-07-17,reconstructed,259.420013,13.98,25.68,240.8192,220.4904,214.86875,True,7.723974,17.655922,20.734175,79.365079,0.616772,0.667048,-1.723676,-5.340673,True,0.5675,,,,,,,,,,,2026-08-21T03:22:00Z
2020-07-20,reconstructed,266.779999,15.17,24.459999,241.7184,220.9934,215.2824,True,10.368097,20.718537,23.920952,76.785714,0.670742,0.68322,0.0,0.0,True,0.5218,,,,,,,,,,,2026-08-21T03:22:00Z
2020-07-21,reconstructed,264.0,14.685,24.84,242.5012,221.577,215.67205,True,8.865441,19.14594,22.408073,77.579365,0.684314,0.684886,-1.042057,-3.197097,True,0.5115,,,,,,,,,,,2026-08-21T03:22:00Z
2020-07-22,reconstructed,264.929993,14.855,24.32,243.2624,222.1683,216.05265,True,8.907087,19.247432,22.622885,76.388889,0.681819,0.68465,-0.693458,-2.07647,True,0.5133,,,,,,,,,,,2026-08-21T03:22:00Z
2020-07-23,reconstructed,258.01001,13.69125,26.08,243.980201,222.5842,216.4015,True,5.750388,15.915689,19.227459,79.761905,0.710602,0.696157,-3.287349,-9.747859,True,0.4925,,,,,,,,,,,2026-08-21T03:22:00Z
2020-07-24,reconstructed,255.559998,13.28625,25.84,244.704601,223.045,216.7522,True,4.436123,14.577775,17.904223,79.563492,0.719764,0.67278,-4.205713,-12.4176,True,0.4863,,,,,,,,,,,2026-08-21T03:22:00Z
2020-07-27,reconstructed,260.119995,14.0,24.74,245.4704,223.464,217.11665,True,5.967968,16.403535,19.806563,76.984127,0.676601,0.679243,-2.49644,-7.712591,True,0.5173,,,,,,,,,,,2026-08-21T03:22:00Z
2020-07-28,reconstructed,256.809998,13.47375,25.440001,246.1412,223.9162,217.4573,True,4.334422,14.690227,18.096747,77.97619,0.694398,0.654896,-3.737162,-11.181608,True,0.504,,,,,,,,,,,2026-08-21T03:22:00Z
2020-07-29,reconstructed,259.769989,13.9325,24.1,246.788,224.4337,217.8006,True,5.260381,15.744645,19.269639,75.0,0.677301,0.654697,-2.627637,-8.157549,True,0.5168,,,,,,,,,,,2026-08-21T03:22:00Z
2020-07-30,reconstructed,261.130005,14.15875,24.76,247.4734,225.1093,218.1508,True,5.518413,16.001429,19.701603,76.785714,0.670015,0.653208,-2.117848,-6.666121,True,0.5224,,,,,,,,,,,2026-08-21T03:22:00Z
2020-07-31,reconstructed,265.790009,14.9225,24.459999,248.1614,225.7261,218.51215,True,7.103687,17.748904,21.636261,75.595238,0.689313,0.659245,-0.371089,-1.631512,True,0.5078,,,,,,,,,,,2026-08-21T03:22:00Z
2020-08-03,reconstructed,269.380005,15.47875,24.280001,248.971601,226.4677,218.89385,True,8.197081,18.948532,23.064218,75.0,0.654929,0.658926,0.0,0.0,True,0.5344,,,,,,,,,,,2026-08-21T03:22:00Z
2020-08-04,reconstructed,270.380005,15.68,23.76,249.786001,227.3983,219.278,True,8.244659,18.901507,23.304666,74.206349,0.64795,0.65592,0.0,0.0,True,0.5402,,,,,,,,,,,2026-08-21T03:22:00Z
2020-08-05,reconstructed,271.049988,15.805,22.99,250.626201,228.1854,219.6748,True,8.149103,18.784983,23.386928,73.412698,0.637893,0.655145,0.0,0.0,True,0.5487,,,,,,,,,,,2026-08-21T03:22:00Z
2020-08-06,reconstructed,274.640015,16.41,22.65,251.513201,229.2388,220.08105,True,9.19507,19.805205,24.790396,73.015873,0.644724,0.641842,0.0,0.0,True,0.5429,,,,,,,,,,,2026-08-21T03:22:00Z
2020-08-07,reconstructed,271.470001,15.87375,22.209999,252.342801,230.1321,220.47915,True,7.579848,17.962684,23.127289,72.420635,0.657371,0.640245,-1.154243,-3.267825,True,0.5324,,,,,,,,,,,2026-08-21T03:22:00Z
2020-08-10,reconstructed,270.309998,15.66,22.129999,253.081801,231.0692,220.8696,True,6.807363,16.982271,22.384428,72.222222,0.613745,0.640468,-1.576616,-4.570384,True,0.5703,,,,,,,,,,,2026-08-21T03:22:00Z
2020-08-11,reconstructed,265.190002,14.77125,24.030001,253.704401,231.9445,221.2251,True,4.527159,14.333387,19.873379,74.206349,0.650821,0.654778,-3.440872,-9.986289,True,0.5378,,,,,,,,,,,2026-08-21T03:22:00Z
2020-08-12,reconstructed,271.859985,15.87625,22.280001,254.429001,232.9561,221.6062,True,6.851021,16.700093,22.677067,72.222222,0.699118,0.661065,-1.012245,-3.252587,True,0.5006,,,,,,,,,,,2026-08-21T03:22:00Z
2020-08-13,reconstructed,272.480011,15.9875,22.129999,255.144801,233.9763,221.98075,True,6.794264,16.456244,22.749388,71.825397,0.691315,0.660149,-0.786485,-2.574648,True,0.5063,,,,,,,,,,,2026-08-21T03:22:00Z
2020-08-14,reconstructed,272.160004,15.94125,22.049999,255.887401,234.8613,222.36135,True,6.359283,15.881162,22.395373,71.230159,0.692299,0.652605,-0.903004,-2.85649,True,0.5056,,,,,,,,,,,2026-08-21T03:22:00Z
2020-08-17,reconstructed,275.320007,16.467501,21.35,256.600001,235.7915,222.753,True,7.295404,16.764178,23.598788,69.84127,0.637321,0.649325,0.0,0.0,True,0.5492,,,,,,,,,,,2026-08-21T03:22:00Z
2020-08-18,reconstructed,277.970001,16.95125,21.51,257.328401,236.6522,223.15745,True,8.021501,17.459293,24.562277,70.436508,0.627398,0.650598,0.0,0.0,True,0.5579,,,,,,,,,,,2026-08-21T03:22:00Z
2020-08-19,reconstructed,276.100006,16.620001,22.540001,257.984401,237.5602,223.5436,True,7.021977,16.223175,23.510584,72.420635,0.634692,0.652772,-0.672733,-1.954129,True,0.5514,,,,,,,,,,,2026-08-21T03:22:00Z
2020-08-20,reconstructed,279.929993,17.303749,22.719999,258.658601,238.4391,223.94275,True,8.223733,17.401044,25.000694,72.81746,0.560497,0.655916,0.0,0.0,True,0.6244,,,,,,,,,,,2026-08-21T03:22:00Z
2020-08-21,reconstructed,281.869995,17.665001,22.540001,259.615601,239.3538,224.35105,True,8.572056,17.762908,25.637921,72.222222,0.538602,0.65538,0.0,0.0,True,0.6498,,,,,,,,,,,2026-08-21T03:22:00Z
2020-08-24,reconstructed,283.630005,17.9925,22.370001,260.570601,240.367,224.7704,True,8.84958,17.998729,26.186546,71.626984,0.519084,0.652472,0.0,0.0,True,0.6743,,,,,,,,,,,2026-08-21T03:22:00Z
2020-08-25,reconstructed,285.859985,18.4125,22.030001,261.5128,241.3655,225.19755,True,9.310131,18.434484,26.937431,70.238095,0.483995,0.653021,0.0,0.0,True,0.7231,,,,,,,,,,,2026-08-21T03:22:00Z
2020-08-26,reconstructed,291.959991,19.591249,23.27,262.495,242.4514,225.6512,True,11.224972,20.420006,29.385526,73.611111,0.509684,0.661987,0.0,0.0,True,0.6867,,,,,,,,,,,2026-08-21T03:22:00Z
2020-08-27,reconstructed,291.049988,19.41375,24.469999,263.4436,243.3971,226.10165,True,10.479051,19.578248,28.725283,75.595238,0.518465,0.663241,-0.311688,-0.906016,True,0.6751,,,,,,,,,,,2026-08-21T03:22:00Z
2020-08-28,reconstructed,292.529999,19.713751,22.959999,264.4086,244.3584,226.5566,True,10.635584,19.713502,29.120052,72.619048,0.499152,0.660149,0.0,0.0,True,0.7012,,,,,,,,,,,2026-08-21T03:22:00Z
2020-08-31,reconstructed,294.880005,20.17,26.41,265.4214,245.3015,227.02305,True,11.098806,20.211252,29.889897,79.761905,0.493078,0.653038,0.0,0.0,True,0.7098,,,,,,,,,,,2026-08-21T03:22:00Z
2020-09-01,reconstructed,299.920013,21.217501,26.120001,266.485,246.2921,227.5155,True,12.546677,21.77411,31.823992,79.563492,0.511293,0.658103,0.0,0.0,True,0.6845,,,,,,,,,,,2026-08-21T03:22:00Z
2020-09-02,reconstructed,302.76001,21.81625,26.57,267.5634,247.2894,228.01475,True,13.154493,22.431455,32.780888,79.761905,0.512271,0.658643,0.0,0.0,True,0.6832,,,,,,,,,,,2026-08-21T03:22:00Z
2020-09-03,reconstructed,287.410004,18.466249,33.599998,268.4374,248.0449,228.43645,True,7.067794,15.870152,25.816175,89.484127,0.78517,0.737982,-5.070024,-15.355528,True,0.4458,,,,,,,,,,,2026-08-21T03:22:00Z
2020-09-04,reconstructed,283.579987,17.705,30.75,269.1884,248.7864,228.8375,True,5.346288,13.985325,23.921991,86.111111,0.791479,0.671691,-6.335058,-18.844898,True,0.4422,,,,,,,,,,,2026-08-21T03:22:00Z
2020-09-08,reconstructed,269.950012,15.2025,31.459999,269.783,249.3534,229.1765,True,0.061906,8.260008,17.791315,86.706349,0.949187,0.739134,-10.836965,-30.315703,True,0.3687,,,,,,,,,,,2026-08-21T03:22:00Z
2020-09-09,reconstructed,277.880005,16.508751,28.809999,270.4838,249.979301,229.5574,True,2.734435,11.161206,21.050336,83.730159,0.970271,0.754501,-8.217732,-24.328191,True,0.3607,,,,,,,,,,,2026-08-21T03:22:00Z
2020-09-10,reconstructed,272.339996,15.55375,29.709999,270.9786,250.5753,229.90995,True,0.5024,8.68589,18.455072,84.722222,0.962374,0.760465,-10.047567,-28.705666,True,0.3637,,,,,,,,,,,2026-08-21T03:22:00Z
2020-09-11,reconstructed,270.450012,15.21375,26.870001,271.3778,251.230901,230.2411,True,-0.341881,7.649979,17.463829,78.968254,0.965365,0.762579,-10.671818,-30.264138,True,0.3626,,,,,,,,,,,2026-08-21T03:22:00Z
2020-09-14,reconstructed,275.160004,15.9975,25.85,271.8372,251.872801,230.59385,True,1.22235,9.24562,19.326688,77.777778,0.982826,0.768358,-9.116133,-26.67163,True,0.3561,,,,,,,,,,,2026-08-21T03:22:00Z
2020-09-15,reconstructed,279.059998,16.6775,25.59,272.2506,252.558201,230.95895,True,2.501151,10.493343,20.826665,76.587302,0.987353,0.771731,-7.827986,-23.55469,True,0.3545,,,,,,,,,,,2026-08-21T03:22:00Z
2020-09-16,reconstructed,274.609985,15.87625,26.040001,272.6106,253.1659,231.3065,True,0.733422,8.470369,18.721257,77.777778,0.997675,0.777546,-9.297801,-27.227409,True,0.3508,,,,,,,,,,,2026-08-21T03:22:00Z
2020-09-17,reconstructed,270.320007,15.145,26.459999,272.8172,253.713501,231.6431,True,-0.915336,6.545378,16.696766,78.373016,1.00849,0.783489,-10.714758,-30.579267,True,0.3471,,,,,,,,,,,2026-08-21T03:22:00Z
2020-09-18,reconstructed,266.869995,14.56,25.83,272.911,254.2672,231.9704,True,-2.213544,4.956516,15.044848,76.984127,1.002313,0.777558,-11.854278,-33.260755,True,0.3492,,,,,,,,,,,2026-08-21T03:22:00Z
2020-09-21,reconstructed,267.51001,14.7325,27.780001,272.981801,254.752301,232.2958,True,-2.004453,5.007888,15.159211,80.753968,0.999538,0.77639,-11.642885,-32.470062,True,0.3502,,,,,,,,,,,2026-08-21T03:22:00Z
2020-09-22,reconstructed,272.480011,15.5375,26.860001,273.260601,255.288001,232.64405,True,-0.285658,6.734359,17.123138,78.571429,1.019809,0.766413,-10.00132,-28.78015,True,0.3432,,,,,,,,,,,2026-08-21T03:22:00Z
2020-09-23,reconstructed,264.160004,14.09875,28.58,273.336401,255.802201,232.93985,True,-3.357181,3.267291,13.402667,82.936508,1.058979,0.790979,-12.749374,-35.375006,True,0.3305,,,,,,,,,,,2026-08-21T03:22:00Z
2020-09-24,reconstructed,265.390015,14.305,28.51,273.426201,256.303901,233.24645,True,-2.93907,3.545055,13.780945,82.738095,1.026558,0.783576,-12.343108,-34.429609,True,0.3409,,,,,,,,,,,2026-08-21T03:22:00Z
2020-09-25,reconstructed,271.559998,15.3075,26.379999,273.675001,256.842901,233.58475,True,-0.772816,5.729999,16.257588,77.18254,1.068691,0.792647,-10.305196,-29.834412,True,0.3275,,,,,,,,,,,2026-08-21T03:22:00Z
2020-09-28,reconstructed,277.200012,16.215,26.190001,274.030601,257.424901,233.94585,True,1.15659,7.681895,18.488963,76.984127,1.093341,0.799887,-8.442329,-25.674668,True,0.3201,,,,,,,,,,,2026-08-21T03:22:00Z
2020-09-29,reconstructed,275.950012,16.045,26.27,274.214001,257.966201,234.29305,True,0.633086,6.971383,17.779854,76.984127,1.087393,0.78764,-8.855198,-26.453904,True,0.3219,,,,,,,,,,,2026-08-21T03:22:00Z
2020-09-30,reconstructed,277.839996,16.362499,26.370001,274.490801,258.496001,234.6463,True,1.220148,7.483286,18.408002,76.984127,1.069317,0.786793,-8.230946,-24.998571,True,0.3273,,,,,,,,,,,2026-08-21T03:22:00Z
2020-10-01,reconstructed,282.25,17.12875,26.700001,274.837202,259.049801,235.0112,True,2.69716,8.955884,20.100659,77.777778,1.080276,0.788529,-6.774346,-21.486278,True,0.324,,,,,,,,,,,2026-08-21T03:22:00Z
2020-10-02,reconstructed,274.309998,15.71625,27.629999,275.163201,259.571701,235.3358,True,-0.310072,5.677929,16.5611,79.761905,0.979516,0.807128,-9.396886,-27.960807,True,0.3573,,,,,,,,,,,2026-08-21T03:22:00Z
2020-10-05,reconstructed,280.160004,16.7075,27.959999,275.655201,260.179901,235.68885,True,1.634216,7.679341,18.868586,80.753968,0.999772,0.815745,-7.46466,-23.417175,True,0.3501,,,,,,,,,,,2026-08-21T03:22:00Z
2020-10-06,reconstructed,275.160004,15.81,29.48,275.956002,260.713201,236.01035,True,-0.288451,5.541262,16.588109,84.126984,0.877487,0.813155,-9.116133,-27.531081,True,0.3989,,,,,,,,,,,2026-08-21T03:22:00Z
2020-10-07,reconstructed,279.920013,16.641251,28.059999,276.418202,261.279701,236.3514,True,1.266853,7.134237,18.433829,81.349206,0.843218,0.818592,-7.543928,-23.720847,True,0.4151,,,,,,,,,,,2026-08-21T03:22:00Z
2020-10-08,reconstructed,281.410004,16.88625,26.360001,276.851002,261.819501,236.6994,True,1.646735,7.482446,18.889192,75.793651,0.814027,0.818883,-7.051792,-22.597836,True,0.43,,,,,,,,,,,2026-08-21T03:22:00Z
2020-10-09,reconstructed,285.709991,17.637501,25.0,277.342602,262.408001,237.06835,True,3.016987,8.880061,20.517982,71.626984,0.818634,0.821202,-5.631529,-19.154296,True,0.4275,,,,,,,,,,,2026-08-21T03:22:00Z
2020-10-12,reconstructed,294.529999,19.282499,25.07,277.917402,263.039401,237.47205,True,5.97753,11.971818,24.027227,71.825397,0.859968,0.840745,-2.718328,-11.614052,True,0.407,,,,,,,,,,,2026-08-21T03:22:00Z
2020-10-13,reconstructed,294.519989,19.285,26.07,278.420201,263.695901,237.8766,True,5.78255,11.689256,23.812089,74.801587,0.852359,0.824816,-2.721634,-11.60259,True,0.4106,,,,,,,,,,,2026-08-21T03:22:00Z
2020-10-14,reconstructed,292.059998,18.80875,26.4,278.853801,264.319901,238.27585,True,4.735885,10.494895,22.572219,76.190476,0.83562,0.823543,-3.534156,-13.785594,True,0.4189,,,,,,,,,,,2026-08-21T03:22:00Z
2020-10-15,reconstructed,290.100006,18.42,26.969999,279.234802,264.930501,238.6633,True,3.891064,9.500418,21.551996,77.579365,0.817764,0.825176,-4.181531,-15.567523,True,0.428,,,,,,,,,,,2026-08-21T03:22:00Z
2020-10-16,reconstructed,288.51001,18.137501,27.41,279.512202,265.512701,239.02505,True,3.219111,8.661472,20.702834,77.777778,0.803024,0.807932,-4.706698,-16.862426,True,0.4359,,,,,,,,,,,2026-08-21T03:22:00Z
2020-10-19,reconstructed,283.799988,17.23625,29.18,279.758801,266.050801,239.37315,True,1.444525,6.671352,18.559658,83.333333,0.832617,0.812753,-6.262393,-20.993525,True,0.4204,,,,,,,,,,,2026-08-21T03:22:00Z
2020-10-20,reconstructed,284.410004,17.3475,29.35,280.040801,266.561301,239.7174,True,1.560202,6.695909,18.643871,83.730159,0.815117,0.806567,-6.060908,-20.483585,True,0.4294,,,,,,,,,,,2026-08-21T03:22:00Z
2020-10-21,reconstructed,284.190002,17.3025,28.65,280.420801,267.062601,240.0607,True,1.344123,6.413253,18.38256,82.738095,0.72747,0.80187,-6.133573,-20.689853,True,0.4811,,,,,,,,,,,2026-08-21T03:22:00Z
2020-10-22,reconstructed,284.179993,17.311251,28.110001,280.667202,267.548101,240.39585,True,1.251586,6.216412,18.213352,80.952381,0.728335,0.799708,-6.13688,-20.649741,True,0.4805,,,,,,,,,,,2026-08-21T03:22:00Z
2020-10-23,reconstructed,284.73999,17.4125,27.549999,280.912401,268.028601,240.7246,True,1.362556,6.234928,18.284542,77.18254,0.693594,0.799363,-5.951915,-20.185639,True,0.5046,,,,,,,,,,,2026-08-21T03:22:00Z
2020-10-26,reconstructed,280.470001,16.61875,32.459999,281.078601,268.483001,241.0348,True,-0.216523,4.464715,16.360791,87.896825,0.689359,0.799219,-7.36227,-23.823986,True,0.5077,,,,,,,,,,,2026-08-21T03:22:00Z
2020-10-27,reconstructed,282.660004,17.01125,33.349998,281.225401,268.912701,241.34335,True,0.510126,5.112181,17.11945,88.690476,0.691711,0.797211,-6.638924,-22.024868,True,0.506,,,,,,,,,,,2026-08-21T03:22:00Z
2020-10-28,reconstructed,271.640015,15.015,40.279999,281.098801,269.213601,241.601151,True,-3.364933,0.901297,12.433245,93.650794,0.810781,0.83403,-10.278767,-31.175154,True,0.4317,,,,,,,,,,,2026-08-21T03:22:00Z
2020-10-29,reconstructed,276.390015,15.77875,37.59,281.104601,269.544501,241.882251,True,-1.677165,2.53966,14.266348,92.261905,0.814193,0.840241,-8.709867,-27.674323,True,0.4299,,,,,,,,,,,2026-08-21T03:22:00Z
2020-10-30,reconstructed,269.380005,14.68125,38.02,280.893602,269.776101,242.117751,True,-4.098917,-0.146824,11.259916,92.460317,0.798587,0.849039,-11.025236,-32.70498,True,0.4383,,,,,,,,,,,2026-08-21T03:22:00Z
2020-11-02,reconstructed,269.980011,14.68625,37.130001,280.655802,270.135701,242.350751,True,-3.803873,-0.057634,11.400526,91.666667,0.76075,0.84637,-10.827057,-32.682061,True,0.4601,,,,,,,,,,,2026-08-21T03:22:00Z
2020-11-03,reconstructed,274.649994,15.425,35.549999,280.476202,270.523401,242.607601,True,-2.077256,1.525411,13.207498,90.47619,0.76258,0.85206,-9.284587,-29.295822,True,0.459,,,,,,,,,,,2026-08-21T03:22:00Z
2020-11-04,reconstructed,286.910004,17.51,29.57,280.497202,271.005001,242.922801,True,2.286227,5.868896,18.107482,83.134921,0.884832,0.886387,-5.235172,-19.738725,True,0.3956,,,,,,,,,,,2026-08-21T03:22:00Z
2020-11-05,reconstructed,294.390015,18.86125,27.58,280.545803,271.520401,243.271801,True,4.934742,8.422797,21.012799,76.388889,0.92185,0.887202,-2.764564,-13.544949,True,0.3797,,,,,,,,,,,2026-08-21T03:22:00Z
2020-11-06,reconstructed,294.609985,18.924999,24.860001,280.617003,272.030301,243.631351,True,4.986506,8.30043,20.924497,67.857143,0.911244,0.887188,-2.691909,-13.252739,True,0.3841,,,,,,,,,,,2026-08-21T03:22:00Z
2020-11-09,reconstructed,288.589996,17.77,25.75,280.538203,272.473401,243.983801,True,2.870124,5.914924,18.282442,70.039683,0.877151,0.89717,-4.680279,-18.546952,True,0.399,,,,,,,,,,,2026-08-21T03:22:00Z
2020-11-10,reconstructed,283.420013,16.811251,24.799999,280.309003,272.865201,244.293651,True,1.10985,3.868142,16.016119,67.261905,0.895701,0.902604,-6.387897,-22.941611,True,0.3908,,,,,,,,,,,2026-08-21T03:22:00Z
2020-11-11,reconstructed,289.76001,17.94125,23.450001,280.105803,273.295401,244.633401,True,3.446629,6.024473,18.446626,64.484127,0.928189,0.910806,-4.29383,-17.761989,True,0.3771,,,,,,,,,,,2026-08-21T03:22:00Z
2020-11-12,reconstructed,288.399994,17.678749,25.35,279.818602,273.691001,244.962401,True,3.06677,5.374306,17.732351,68.253968,0.926716,0.910351,-4.743036,-18.965225,True,0.3777,,,,,,,,,,,2026-08-21T03:22:00Z
2020-11-13,reconstructed,290.929993,18.1425,23.1,279.889002,274.163201,245.321701,True,3.944775,6.115624,18.591218,63.492063,0.929598,0.908172,-3.907391,-16.839512,True,0.3765,,,,,,,,,,,2026-08-21T03:22:00Z
2020-11-16,reconstructed,293.200012,18.559999,22.450001,280.081403,274.634901,245.675801,True,4.683856,6.759924,19.344279,61.706349,0.912013,0.908367,-3.157616,-14.925803,True,0.3838,,,,,,,,,,,2026-08-21T03:22:00Z
2020-11-17,reconstructed,292.269989,18.38875,22.709999,280.527802,275.155401,245.999801,True,4.185748,6.219972,18.809035,62.698413,0.913441,0.908051,-3.464797,-15.710765,True,0.3832,,,,,,,,,,,2026-08-21T03:22:00Z
2020-11-18,reconstructed,290.109985,17.9625,23.84,280.772402,275.628101,246.309251,True,3.325677,5.254139,17.782822,64.484127,0.918466,0.908387,-4.178235,-17.664586,True,0.3811,,,,,,,,,,,2026-08-21T03:22:00Z
2020-11-19,reconstructed,292.380005,18.407499,23.110001,281.173202,276.075901,246.620201,True,3.985729,5.90566,18.554767,63.293651,0.921466,0.900326,-3.42846,-15.624824,True,0.3798,,,,,,,,,,,2026-08-21T03:22:00Z
2020-11-20,reconstructed,290.380005,18.033751,23.700001,281.571802,276.474801,246.926101,True,3.128226,5.029465,17.597939,64.087302,0.92569,0.901134,-4.089049,-17.33799,True,0.3781,,,,,,,,,,,2026-08-21T03:22:00Z
2020-11-23,reconstructed,290.390015,18.0375,22.66,281.876402,276.856801,247.218201,True,3.020335,4.888164,17.46304,61.904762,0.90767,0.900587,-4.085743,-17.320802,True,0.3856,,,,,,,,,,,2026-08-21T03:22:00Z
2020-11-24,reconstructed,294.470001,18.775,21.639999,282.184602,277.217601,247.530501,True,4.353675,6.223414,18.963118,58.928571,0.914249,0.903254,-2.738145,-13.940298,True,0.3828,,,,,,,,,,,2026-08-21T03:22:00Z
2020-11-25,reconstructed,296.279999,19.12875,21.25,282.618002,277.614301,247.840551,True,4.834086,6.723608,19.544602,57.539683,0.788718,0.897724,-2.140313,-12.318799,True,0.4438,,,,,,,,,,,2026-08-21T03:22:00Z
2020-11-27,reconstructed,299.01001,19.651251,20.84,283.191802,278.004501,248.165751,True,5.585687,7.555816,20.488024,56.746032,0.778211,0.897603,-1.238605,-9.923791,True,0.4497,,,,,,,,,,,2026-08-21T03:22:00Z
2020-11-30,reconstructed,299.619995,19.752501,20.57,283.846802,278.378901,248.490651,True,5.556939,7.630281,20.575963,55.952381,0.716953,0.838741,-1.03713,-9.459689,True,0.4882,,,,,,,,,,,2026-08-21T03:22:00Z
2020-12-01,reconstructed,303.459991,20.528749,20.77,284.565802,278.773801,248.834301,True,6.639656,8.855276,21.952637,56.349206,0.719084,0.83704,0.0,-5.901566,True,0.4867,,,,,,,,,,,2026-08-21T03:22:00Z
2020-12-02,reconstructed,303.850006,20.61125,21.17,285.193202,279.226901,249.168651,True,6.541812,8.818314,21.94552,56.944444,0.710076,0.780442,0.0,-5.523405,True,0.4929,,,,,,,,,,,2026-08-21T03:22:00Z
2020-12-03,reconstructed,304.279999,20.695,21.280001,285.995602,279.666001,249.516151,True,6.393244,8.801212,21.948017,57.539683,0.551964,0.762585,0.0,-5.139518,True,0.6341,,,,,,,,,,,2026-08-21T03:22:00Z
2020-12-04,reconstructed,305.519989,20.94875,20.790001,286.798201,280.112201,249.892401,True,6.527861,9.070575,22.260616,55.952381,0.490214,0.751395,0.0,-3.976395,True,0.714,,,,,,,,,,,2026-08-21T03:22:00Z
2020-12-07,reconstructed,307.25,21.303749,21.299999,287.512001,280.593501,250.321701,True,6.865104,9.500041,22.742055,57.539683,0.491719,0.749439,0.0,-2.34917,True,0.7118,,,,,,,,,,,2026-08-21T03:22:00Z
2020-12-08,reconstructed,308.290009,21.498751,20.68,288.133801,281.082201,250.786301,True,6.995433,9.679662,22.929366,55.753968,0.422286,0.743631,0.0,-1.455333,True,0.8288,,,,,,,,,,,2026-08-21T03:22:00Z
2020-12-09,reconstructed,301.309998,20.05875,22.27,288.641001,281.427501,251.210451,True,4.389188,7.064873,19.943257,60.714286,0.450034,0.754458,-2.264105,-8.05592,True,0.7777,,,,,,,,,,,2026-08-21T03:22:00Z
2020-12-10,reconstructed,302.519989,20.305,22.52,289.134601,281.812701,251.694851,True,4.629466,7.34789,20.193158,61.309524,0.395081,0.746708,-1.871621,-6.927174,True,0.8859,,,,,,,,,,,2026-08-21T03:22:00Z
2020-12-11,reconstructed,301.850006,20.1625,23.309999,289.526601,282.181901,252.175101,True,4.256398,6.970009,19.698577,63.690476,0.390577,0.739513,-2.088943,-7.580356,True,0.8961,,,,,,,,,,,2026-08-21T03:22:00Z
2020-12-14,reconstructed,304.040009,20.592501,24.719999,290.121201,282.642201,252.613201,True,4.797584,7.570634,20.357926,66.468254,0.387732,0.734301,-1.378572,-5.609347,True,0.9027,,,,,,,,,,,2026-08-21T03:22:00Z
2020-12-15,reconstructed,307.290009,21.2325,22.889999,290.663801,283.159501,253.102251,True,5.720082,8.521878,21.409433,62.103175,0.393268,0.735916,-0.32437,-2.675757,True,0.89,,,,,,,,,,,2026-08-21T03:22:00Z
2020-12-16,reconstructed,308.980011,21.588751,22.5,291.340201,283.648102,253.556051,True,6.054712,8.930752,21.858662,60.714286,0.389816,0.729547,0.0,-1.042796,True,0.8979,,,,,,,,,,,2026-08-21T03:22:00Z
2020-12-17,reconstructed,311.0,22.03125,21.93,291.961801,284.190002,254.053101,True,6.520784,9.433829,22.415353,58.730159,0.373455,0.700131,0.0,0.0,True,0.9372,,,,,,,,,,,2026-08-21T03:22:00Z
2020-12-18,reconstructed,310.059998,21.79125,21.57,292.534801,284.692902,254.563301,True,5.990807,8.910337,21.800745,58.531746,0.376856,0.701118,-0.302252,-1.089361,True,0.9287,,,,,,,,,,,2026-08-21T03:22:00Z
2020-12-21,reconstructed,308.920013,21.709999,25.16,292.999001,285.170802,255.140051,True,5.433811,8.328066,21.078605,68.650794,0.364293,0.689422,-0.668806,-1.45816,True,0.9608,,,,,,,,,,,2026-08-21T03:22:00Z
2020-12-22,reconstructed,309.76001,21.88125,24.23,293.303602,285.610502,255.668301,True,5.610708,8.455399,21.156987,65.47619,0.36269,0.680691,-0.398711,-0.680849,True,0.965,,,,,,,,,,,2026-08-21T03:22:00Z
2020-12-23,reconstructed,308.200012,21.55125,23.309999,293.577202,285.998702,256.233201,True,4.980908,7.762731,20.281061,64.285714,0.353688,0.681229,-0.900318,-2.178721,True,0.9896,,,,,,,,,,,2026-08-21T03:22:00Z
2020-12-24,reconstructed,309.559998,21.831249,21.530001,293.927202,286.390502,256.894401,True,5.318594,8.090176,20.500874,58.531746,0.35173,0.680777,-0.463023,-0.907805,True,0.9951,,,,,,,,,,,2026-08-21T03:22:00Z
2020-12-28,reconstructed,312.679993,22.48625,21.700001,294.378802,286.806802,257.496101,True,6.216885,9.021122,21.430962,59.126984,0.353925,0.677302,0.0,0.0,True,0.9889,,,,,,,,,,,2026-08-21T03:22:00Z
2020-12-29,reconstructed,312.959991,22.5525,23.08,294.867802,287.190002,258.214401,True,6.135695,8.97315,21.201602,63.690476,0.354164,0.652105,0.0,0.0,True,0.9882,,,,,,,,,,,2026-08-21T03:22:00Z
2020-12-30,reconstructed,312.970001,22.54875,22.77,295.451202,287.605002,258.868551,True,5.929507,8.819388,20.899198,63.095238,0.333362,0.641618,0.0,-0.016627,True,1.0,,,,,,,,,,,2026-08-21T03:22:00Z
2020-12-31,reconstructed,313.73999,22.725,22.75,296.037802,288.039301,259.554251,True,5.979706,8.922633,20.87646,63.095238,0.333499,0.629512,0.0,0.0,True,1.0,,,,,,,,,,,2026-08-21T03:22:00Z
2021-01-04,reconstructed,309.309998,21.731251,26.969999,296.540201,288.480501,260.212501,True,4.306261,7.220417,18.868231,75.793651,0.375934,0.630562,-1.411995,-4.372936,True,0.931,,,,,,,,,,,2026-08-21T03:22:00Z
2021-01-05,reconstructed,311.859985,22.276251,25.34,297.093801,288.880501,260.918301,True,4.970209,7.954668,19.523998,69.84127,0.382937,0.631585,-0.599224,-1.974695,True,0.914,,,,,,,,,,,2026-08-21T03:22:00Z
2021-01-06,reconstructed,307.540009,21.355,25.07,297.549802,289.231101,261.603701,True,3.357491,6.3302,17.559502,69.444444,0.410435,0.633394,-1.976153,-6.028606,True,0.8528,,,,,,,,,,,2026-08-21T03:22:00Z
2021-01-07,reconstructed,314.980011,22.897499,22.370001,298.240002,289.659301,262.260301,True,5.612932,8.741549,20.102055,60.714286,0.482869,0.622094,0.0,0.0,True,0.7248,,,,,,,,,,,2026-08-21T03:22:00Z
2021-01-08,reconstructed,319.029999,23.785,21.559999,298.967402,290.096401,262.943951,True,6.71063,9.973787,21.330039,57.936508,0.419616,0.626192,0.0,0.0,True,0.8341,,,,,,,,,,,2026-08-21T03:22:00Z
2021-01-11,reconstructed,314.420013,22.733749,24.08,299.823002,290.460901,263.556551,True,4.868543,8.248653,19.29888,65.674603,0.459547,0.631299,-1.445001,-4.419804,True,0.7616,,,,,,,,,,,2026-08-21T03:22:00Z
2021-01-12,reconstructed,313.920013,22.635,23.33,300.573602,290.839102,264.199651,True,4.440314,7.935973,18.819239,64.484127,0.458634,0.629465,-1.601726,-4.834978,True,0.7631,,,,,,,,,,,2026-08-21T03:22:00Z
2021-01-13,reconstructed,316.040009,23.075001,22.209999,301.506802,291.200202,264.819651,True,4.820192,8.530148,19.3416,59.52381,0.457856,0.628886,-0.937213,-2.985071,True,0.7644,,,,,,,,,,,2026-08-21T03:22:00Z
2021-01-14,reconstructed,314.350006,22.723749,23.25,302.394202,291.525002,265.439401,True,3.953715,7.829519,18.426279,63.690476,0.453834,0.620037,-1.466944,-4.461849,True,0.7712,,,,,,,,,,,2026-08-21T03:22:00Z
2021-01-15,reconstructed,311.859985,22.171249,24.34,303.138401,291.807302,266.087151,True,2.877096,6.871892,17.202196,66.468254,0.461605,0.623006,-2.247442,-6.78474,True,0.7582,,,,,,,,,,,2026-08-21T03:22:00Z
2021-01-19,reconstructed,316.410004,23.1325,23.24,303.728401,292.112802,266.739151,True,4.17531,8.317746,18.621508,63.293651,0.480668,0.627758,-0.821238,-2.743326,True,0.7282,,,,,,,,,,,2026-08-21T03:22:00Z
2021-01-20,reconstructed,323.769989,24.745001,21.58,304.316001,292.430902,267.441151,True,6.392693,10.71675,21.062143,56.944444,0.532412,0.641225,0.0,0.0,True,0.6574,,,,,,,,,,,2026-08-21T03:22:00Z
2021-01-21,reconstructed,326.359985,25.360001,21.32,304.951001,292.784002,268.090551,True,7.020467,11.467834,21.734983,55.753968,0.534504,0.64229,0.0,0.0,True,0.6548,,,,,,,,,,,2026-08-21T03:22:00Z
2021-01-22,reconstructed,325.420013,25.129999,21.91,305.687601,293.112902,268.735651,True,6.455091,11.022071,21.092982,57.34127,0.538068,0.633803,-0.288017,-0.906946,True,0.6505,,,,,,,,,,,2026-08-21T03:22:00Z
2021-01-25,reconstructed,328.109985,25.827499,23.190001,306.581401,293.445202,269.373351,True,7.022143,11.813035,21.804917,63.095238,0.53572,0.634303,0.0,0.0,True,0.6533,,,,,,,,,,,2026-08-21T03:22:00Z
2021-01-26,reconstructed,328.589996,25.855,23.02,307.358,293.731902,270.012001,True,6.907904,11.867317,21.69459,62.301587,0.536399,0.578509,0.0,0.0,True,0.6525,,,,,,,,,,,2026-08-21T03:22:00Z
2021-01-27,reconstructed,319.429993,23.77,37.209999,307.9786,293.898601,270.594001,True,3.718243,8.687143,18.047699,91.865079,0.616785,0.600924,-2.78767,-8.064201,True,0.5675,,,,,,,,,,,2026-08-21T03:22:00Z
2021-01-28,reconstructed,321.320007,24.120001,30.209999,308.586401,294.237701,271.141301,True,4.126432,9.204227,18.506478,83.928571,0.61806,0.579164,-2.21248,-6.710496,True,0.5663,,,,,,,,,,,2026-08-21T03:22:00Z
2021-01-29,reconstructed,314.559998,22.6175,33.09,309.0136,294.547502,271.666951,True,1.794872,6.794319,15.788835,87.301587,0.661544,0.59709,-4.269758,-12.521753,True,0.5291,,,,,,,,,,,2026-08-21T03:22:00Z
2021-02-01,reconstructed,322.420013,24.280001,30.24,309.616601,295.072202,272.212801,True,4.135247,9.268176,18.444104,83.730159,0.709873,0.605953,-1.877715,-6.091661,True,0.493,,,,,,,,,,,2026-08-21T03:22:00Z
2021-02-02,reconstructed,327.679993,25.455,25.559999,310.368001,295.570201,272.774751,True,5.577892,10.863677,20.128418,69.444444,0.702544,0.552049,-0.276942,-1.547088,True,0.4982,,,,,,,,,,,2026-08-21T03:22:00Z
2021-02-03,reconstructed,326.380005,25.1625,22.91,311.048001,296.110602,273.342951,True,4.929144,10.22233,19.403117,60.714286,0.703347,0.5334,-0.672568,-2.678396,True,0.4976,,,,,,,,,,,2026-08-21T03:22:00Z
2021-02-04,reconstructed,330.23999,26.0525,21.77,311.845201,296.708501,273.969701,True,5.898692,11.301155,20.538873,55.555556,0.685833,0.536906,0.0,0.0,True,0.5103,,,,,,,,,,,2026-08-21T03:22:00Z
2021-02-05,reconstructed,331.359985,26.325001,20.870001,312.6646,297.270501,274.571651,True,5.979374,11.467496,20.682519,52.380952,0.646464,0.518514,0.0,0.0,True,0.5414,,,,,,,,,,,2026-08-21T03:22:00Z
2021-02-08,reconstructed,333.579987,26.84,21.24,313.4468,297.815701,275.186951,True,6.423159,12.008865,21.219406,52.97619,0.6378,0.503205,0.0,0.0,True,0.5488,,,,,,,,,,,2026-08-21T03:22:00Z
2021-02-09,reconstructed,333.51001,26.827499,21.629999,314.1914,298.404701,275.785301,True,6.148675,11.764328,20.931032,54.960317,0.609664,0.488267,-0.020978,-0.046575,True,0.5741,,,,,,,,,,,2026-08-21T03:22:00Z
2021-02-10,reconstructed,332.75,26.637501,21.99,314.8662,299.029001,276.371251,True,5.679809,11.276832,20.399643,55.952381,0.610537,0.487069,-0.248812,-0.754469,True,0.5733,,,,,,,,,,,2026-08-21T03:22:00Z
2021-02-11,reconstructed,334.579987,27.067499,21.25,315.5654,299.706101,276.986651,True,6.025561,11.636028,20.79282,52.777778,0.609892,0.485834,0.0,0.0,True,0.5739,,,,,,,,,,,2026-08-21T03:22:00Z
2021-02-12,reconstructed,336.450012,27.5275,19.969999,316.2252,300.395501,277.573901,True,6.395699,12.002347,21.210968,49.404762,0.603812,0.485151,0.0,0.0,True,0.5797,,,,,,,,,,,2026-08-21T03:22:00Z
2021-02-16,reconstructed,335.540009,27.297501,21.459999,316.859,301.026101,278.157051,True,5.895685,11.46542,20.629697,53.571429,0.594251,0.485029,-0.270472,-0.835526,True,0.589,,,,,,,,,,,2026-08-21T03:22:00Z
2021-02-17,reconstructed,333.929993,26.9175,21.5,317.452,301.723801,278.763001,True,5.190704,10.674064,19.789926,53.571429,0.587792,0.482929,-0.749003,-2.215968,True,0.5954,,,,,,,,,,,2026-08-21T03:22:00Z
2021-02-18,reconstructed,332.470001,26.555,22.49,317.991,302.394601,279.349251,True,4.553274,9.945746,19.015891,58.333333,0.545066,0.483352,-1.182943,-3.53283,True,0.6421,,,,,,,,,,,2026-08-21T03:22:00Z
2021-02-19,reconstructed,331.019989,26.205,22.049999,318.4664,302.989201,279.916051,True,3.941888,9.251415,18.25688,56.150794,0.542575,0.481877,-1.613917,-4.804287,True,0.6451,,,,,,,,,,,2026-08-21T03:22:00Z
2021-02-22,reconstructed,322.440002,24.174999,23.450001,318.7494,303.441601,280.433251,True,1.157838,6.260975,14.979234,63.492063,0.611374,0.511717,-4.164069,-12.178734,True,0.5725,,,,,,,,,,,2026-08-21T03:22:00Z
2021-02-23,reconstructed,321.480011,23.959999,23.110001,319.1528,303.896901,280.931551,True,0.729184,5.78588,14.433573,61.706349,0.602108,0.507125,-4.449398,-12.959771,True,0.5813,,,,,,,,,,,2026-08-21T03:22:00Z
2021-02-24,reconstructed,324.130005,24.5375,21.34,319.585001,304.359801,281.427901,True,1.422158,6.495669,15.173373,52.18254,0.609702,0.507871,-3.661765,-10.861865,True,0.5741,,,,,,,,,,,2026-08-21T03:22:00Z
2021-02-25,reconstructed,312.829987,21.975,28.889999,319.8046,304.665601,281.857701,True,-2.180898,2.679786,10.988625,81.349206,0.654644,0.552579,-7.020367,-20.170737,True,0.5346,,,,,,,,,,,2026-08-21T03:22:00Z
2021-02-26,reconstructed,314.140015,22.305,27.950001,320.0066,305.063901,282.317801,True,-1.83327,2.975152,11.27177,77.97619,0.65475,0.553153,-6.630999,-18.971936,True,0.5346,,,,,,,,,,,2026-08-21T03:22:00Z
2021-03-01,reconstructed,323.589996,24.25,23.35,320.3326,305.498201,282.839051,True,1.016879,5.922063,14.407821,62.698413,0.689533,0.574994,-3.822266,-11.906276,True,0.5076,,,,,,,,,,,2026-08-21T03:22:00Z
2021-03-02,reconstructed,318.399994,23.0875,24.1,320.521,305.930601,283.321901,True,-0.661737,4.07589,12.381003,64.285714,0.66232,0.584548,-5.364844,-16.129327,True,0.5284,,,,,,,,,,,2026-08-21T03:22:00Z
2021-03-03,reconstructed,309.160004,21.084999,26.67,320.4842,306.223,283.751351,True,-3.533465,0.959106,8.954549,73.412698,0.699487,0.612504,-8.111163,-23.403873,True,0.5004,,,,,,,,,,,2026-08-21T03:22:00Z
2021-03-04,reconstructed,304.100006,20.0425,28.57,320.365,306.449901,284.134701,True,-5.07702,-0.766812,7.026704,80.15873,0.714502,0.620681,-9.6151,-27.190993,True,0.4899,,,,,,,,,,,2026-08-21T03:22:00Z
2021-03-05,reconstructed,308.679993,20.940001,24.66,320.3602,306.679601,284.543801,True,-3.645961,0.652274,8.482417,65.674603,0.723211,0.626516,-8.253832,-23.930613,True,0.484,,,,,,,,,,,2026-08-21T03:22:00Z
2021-03-08,reconstructed,299.940002,19.15,25.469999,320.163799,306.733701,284.886551,True,-6.316703,-2.214852,5.284016,68.452381,0.766363,0.650487,-10.851541,-30.433205,True,0.4567,,,,,,,,,,,2026-08-21T03:22:00Z
2021-03-09,reconstructed,311.769989,21.405001,24.030001,320.235199,306.906201,285.301051,True,-2.643435,1.58478,9.277547,62.896825,0.893263,0.680061,-7.335421,-22.241393,True,0.3918,,,,,,,,,,,2026-08-21T03:22:00Z
2021-03-10,reconstructed,310.880005,21.2225,22.559999,320.261599,307.094401,285.707151,True,-2.929353,1.232717,8.810719,56.944444,0.89261,0.680054,-7.599942,-22.904369,True,0.3921,,,,,,,,,,,2026-08-21T03:22:00Z
2021-03-11,reconstructed,318.040009,22.695,21.91,320.368799,307.373801,286.152151,True,-0.726909,3.47011,11.143672,52.777778,0.936291,0.693784,-5.471839,-17.555174,True,0.3738,,,,,,,,,,,2026-08-21T03:22:00Z
2021-03-12,reconstructed,315.459991,22.129999,20.690001,320.418799,307.6433,286.578001,True,-1.547602,2.540829,10.07823,47.222222,0.934562,0.695011,-6.238674,-19.607669,True,0.3745,,,,,,,,,,,2026-08-21T03:22:00Z
2021-03-15,reconstructed,318.829987,22.8375,20.030001,320.535999,307.9936,287.022201,True,-0.532237,3.51838,11.081995,45.634921,0.94144,0.695172,-5.237041,-17.03751,True,0.3718,,,,,,,,,,,2026-08-21T03:22:00Z
2021-03-16,reconstructed,320.579987,23.2125,19.790001,320.672799,308.3553,287.458301,True,-0.028943,3.964481,11.522258,45.039683,0.945285,0.69514,-4.716904,-15.675236,True,0.3703,,,,,,,,,,,2026-08-21T03:22:00Z
2021-03-17,reconstructed,321.899994,23.504999,19.23,320.924599,308.7324,287.897501,True,0.303933,4.265051,11.810625,43.650794,0.947168,0.694438,-4.324571,-14.612664,True,0.3695,,,,,,,,,,,2026-08-21T03:22:00Z
2021-03-18,reconstructed,312.040009,21.3475,21.58,320.928199,309.011,288.279551,True,-2.769526,0.980227,8.242159,51.587302,0.995933,0.720178,-7.255165,-22.450278,True,0.3514,,,,,,,,,,,2026-08-21T03:22:00Z
2021-03-19,reconstructed,313.140015,21.620001,20.950001,321.0402,309.295001,288.661801,True,-2.460809,1.243154,8.479894,47.81746,0.998736,0.72054,-6.92822,-21.460355,True,0.3504,,,,,,,,,,,2026-08-21T03:22:00Z
2021-03-22,reconstructed,318.609985,22.772499,18.879999,321.112799,309.6764,289.079701,True,-0.779419,2.884813,10.215274,42.460317,0.985328,0.728378,-5.30243,-17.273639,True,0.3552,,,,,,,,,,,2026-08-21T03:22:00Z
2021-03-23,reconstructed,317.220001,22.475,20.299999,321.076599,310.022,289.467351,True,-1.201146,2.321771,9.587489,45.634921,0.985874,0.728191,-5.715563,-18.354372,True,0.355,,,,,,,,,,,2026-08-21T03:22:00Z
2021-03-24,reconstructed,311.869995,21.34,21.200001,321.025599,310.4243,289.818951,True,-2.851986,0.465716,7.608559,48.412698,0.995844,0.735589,-7.305697,-22.477522,True,0.3515,,,,,,,,,,,2026-08-21T03:22:00Z
2021-03-25,reconstructed,311.329987,21.225,19.809999,320.973798,310.7737,290.159101,True,-3.004548,0.179001,7.296303,44.246032,0.924275,0.733136,-7.466198,-22.895286,True,0.3787,,,,,,,,,,,2026-08-21T03:22:00Z
2021-03-26,reconstructed,316.0,22.1625,18.860001,320.972998,311.2399,290.508001,True,-1.549351,1.529399,8.774973,41.666667,0.936325,0.738668,-6.078173,-19.4896,True,0.3738,,,,,,,,,,,2026-08-21T03:22:00Z
2021-03-29,reconstructed,315.910004,22.15,20.74,321.004198,311.6992,290.917451,True,-1.586956,1.350919,8.590943,46.626984,0.879684,0.73867,-6.104921,-19.535012,True,0.3979,,,,,,,,,,,2026-08-21T03:22:00Z
2021-03-30,reconstructed,314.320007,21.834999,19.610001,321.053398,312.0959,291.309651,True,-2.097281,0.712636,7.898934,43.452381,0.864886,0.739153,-6.577502,-20.679324,True,0.4047,,,,,,,,,,,2026-08-21T03:22:00Z
2021-03-31,reconstructed,319.130005,22.815001,19.4,321.107798,312.4181,291.711551,True,-0.615928,2.148373,9.399166,43.055556,0.817479,0.738862,-5.147869,-17.119243,True,0.4281,,,,,,,,,,,2026-08-21T03:22:00Z
2021-04-01,reconstructed,324.570007,23.975,17.33,321.123799,312.7199,292.120151,True,1.073171,3.789368,11.108394,37.103175,0.805985,0.744184,-3.530987,-12.905276,True,0.4343,,,,,,,,,,,2026-08-21T03:22:00Z
2021-04-05,reconstructed,331.049988,25.415001,17.91,321.217599,313.0843,292.557301,True,3.060975,5.738291,13.157316,38.888889,0.816434,0.747782,-1.605001,-7.674141,True,0.4287,,,,,,,,,,,2026-08-21T03:22:00Z
2021-04-06,reconstructed,330.820007,25.355,18.120001,321.325599,313.5066,292.990001,True,2.954763,5.522502,12.911706,39.484127,0.735469,0.734215,-1.673356,-7.89211,True,0.4759,,,,,,,,,,,2026-08-21T03:22:00Z
2021-04-07,reconstructed,331.619995,25.5425,17.16,321.395799,313.9886,293.426901,True,3.181185,5.615298,13.016221,35.912698,0.627681,0.730451,-1.435582,-7.210973,True,0.5576,,,,,,,,,,,2026-08-21T03:22:00Z
2021-04-08,reconstructed,335.079987,26.34,16.950001,321.525599,314.4418,293.8686,True,4.215648,6.563436,14.023746,34.920635,0.628293,0.726314,-0.4072,-4.313868,True,0.5571,,,,,,,,,,,2026-08-21T03:22:00Z
2021-04-09,reconstructed,337.109985,26.817499,16.690001,321.879199,314.9289,294.30995,True,4.731833,7.043204,14.542504,34.126984,0.591022,0.726738,0.0,-2.579243,True,0.5922,,,,,,,,,,,2026-08-21T03:22:00Z
2021-04-12,reconstructed,336.670013,26.7125,16.91,322.186199,315.3863,294.77475,True,4.49548,6.748459,14.212636,34.52381,0.579622,0.726177,-0.130513,-2.960678,True,0.6038,,,,,,,,,,,2026-08-21T03:22:00Z
2021-04-13,reconstructed,340.600006,27.627501,16.65,322.706999,315.8603,295.2476,True,5.54466,7.832484,15.360804,33.531746,0.58082,0.727812,0.0,0.0,True,0.6026,,,,,,,,,,,2026-08-21T03:22:00Z
2021-04-14,reconstructed,336.51001,26.657499,16.99,322.988799,316.3027,295.729051,True,4.186279,6.388599,13.789974,35.119048,0.601934,0.729958,-1.200821,-3.510999,True,0.5815,,,,,,,,,,,2026-08-21T03:22:00Z
2021-04-15,reconstructed,341.609985,27.834999,16.57,323.267399,316.8177,296.2229,True,5.674122,7.82541,15.321937,33.134921,0.615663,0.730147,0.0,0.0,True,0.5685,,,,,,,,,,,2026-08-21T03:22:00Z
2021-04-16,reconstructed,342.01001,27.952499,16.25,323.579999,317.314,296.69495,True,5.695658,7.78283,15.273283,31.547619,0.487803,0.717249,0.0,0.0,True,0.7175,,,,,,,,,,,2026-08-21T03:22:00Z
2021-04-19,reconstructed,338.880005,27.190001,17.290001,323.752799,317.799,297.1369,True,4.672456,6.63344,14.048442,36.111111,0.509395,0.718435,-0.915179,-2.727838,True,0.6871,,,,,,,,,,,2026-08-21T03:22:00Z
2021-04-20,reconstructed,336.410004,26.594999,18.68,323.853799,318.2592,297.558,True,3.877121,5.703151,13.056951,40.277778,0.498353,0.719771,-1.637381,-4.856453,True,0.7023,,,,,,,,,,,2026-08-21T03:22:00Z
2021-04-21,reconstructed,339.290009,27.2675,17.5,323.968,318.7074,297.9625,True,4.729482,6.458152,13.870037,36.904762,0.495178,0.719411,-0.795299,-2.450584,True,0.7068,,,,,,,,,,,2026-08-21T03:22:00Z
2021-04-22,reconstructed,335.200012,26.275,18.709999,324.0018,319.0966,298.355451,True,3.456219,5.046563,12.349217,40.47619,0.474354,0.723686,-1.991169,-6.001251,True,0.7378,,,,,,,,,,,2026-08-21T03:22:00Z
2021-04-23,reconstructed,339.420013,27.264999,17.33,324.1352,319.5007,298.752601,True,4.715567,6.234513,13.612405,36.111111,0.479376,0.706894,-0.757287,-2.45953,True,0.7301,,,,,,,,,,,2026-08-21T03:22:00Z
2021-04-26,reconstructed,341.630005,27.805,17.639999,324.276201,319.9208,299.149851,True,5.35155,6.785806,14.200293,37.301587,0.465999,0.707323,-0.111109,-0.527678,True,0.7511,,,,,,,,,,,2026-08-21T03:22:00Z
2021-04-27,reconstructed,340.149994,27.440001,17.559999,324.3502,320.2877,299.530751,True,4.871214,6.201391,13.560959,36.706349,0.472512,0.6949,-0.543848,-1.833463,True,0.7407,,,,,,,,,,,2026-08-21T03:22:00Z
2021-04-28,reconstructed,339.0,27.157499,17.280001,324.4194,320.6392,299.933051,True,4.494367,5.726312,13.025223,34.722222,0.469911,0.680257,-0.880094,-2.844111,True,0.7448,,,,,,,,,,,2026-08-21T03:22:00Z
2021-04-29,reconstructed,340.220001,27.43,17.610001,324.5452,320.9986,300.332301,True,4.829774,5.988002,13.281189,37.103175,0.452932,0.673782,-0.523379,-1.869239,True,0.7727,,,,,,,,,,,2026-08-21T03:22:00Z
2021-04-30,reconstructed,337.98999,26.915001,18.610001,324.6556,321.3233,300.717751,True,4.107242,5.186891,12.394426,39.68254,0.436026,0.674577,-1.17541,-3.711648,True,0.8027,,,,,,,,,,,2026-08-21T03:22:00Z
2021-05-03,reconstructed,336.190002,26.475,18.309999,324.759,321.6127,301.103101,True,3.519842,4.532564,11.652787,39.087302,0.392965,0.671977,-1.701707,-5.285749,True,0.8907,,,,,,,,,,,2026-08-21T03:22:00Z
2021-05-04,reconstructed,330.140015,25.08,19.48,324.913,321.8312,301.456701,True,1.608743,2.581731,9.514903,43.055556,0.438872,0.680649,-3.470657,-10.27636,True,0.7975,,,,,,,,,,,2026-08-21T03:22:00Z
2021-05-05,reconstructed,329.029999,24.7875,19.15,325.064,322.1084,301.767951,True,1.220067,2.148841,9.03411,41.666667,0.439722,0.679844,-3.795214,-11.322776,True,0.796,,,,,,,,,,,2026-08-21T03:22:00Z
2021-05-06,reconstructed,331.51001,25.33,18.389999,325.2116,322.3983,302.105501,True,1.936711,2.826227,9.733192,38.888889,0.431787,0.681378,-3.070086,-9.381986,True,0.8106,,,,,,,,,,,2026-08-21T03:22:00Z
2021-05-07,reconstructed,334.200012,25.950001,16.690001,325.639001,322.721801,302.451851,True,2.628988,3.556689,10.496931,31.349206,0.4362,0.683054,-2.283558,-7.163934,True,0.8024,,,,,,,,,,,2026-08-21T03:22:00Z
2021-05-10,reconstructed,325.76001,24.0,19.66,325.871401,322.939001,302.790601,True,-0.034182,0.873542,7.585906,43.650794,0.509088,0.699535,-4.751323,-14.140057,True,0.6875,,,,,,,,,,,2026-08-21T03:22:00Z
2021-05-11,reconstructed,325.309998,23.879999,21.84,325.905801,323.1192,303.139351,True,-0.182815,0.678015,7.313682,52.380952,0.487723,0.698565,-4.882902,-14.56936,True,0.7176,,,,,,,,,,,2026-08-21T03:22:00Z
2021-05-12,reconstructed,316.890015,22.0625,27.59,325.875601,323.1983,303.423201,True,-2.757367,-1.951831,4.438294,76.190476,0.538363,0.715049,-7.344813,-21.071459,True,0.6501,,,,,,,,,,,2026-08-21T03:22:00Z
2021-05-13,reconstructed,319.339996,22.5275,23.129999,326.079201,323.2817,303.735851,True,-2.066739,-1.219278,5.137407,59.722222,0.513876,0.716265,-6.628465,-19.407922,True,0.6811,,,,,,,,,,,2026-08-21T03:22:00Z
2021-05-14,reconstructed,326.390015,23.9925,18.809999,326.525001,323.445001,304.068951,True,-0.04134,0.910515,7.34079,40.079365,0.5776,0.728831,-4.567116,-14.166887,True,0.606,,,,,,,,,,,2026-08-21T03:22:00Z
2021-05-17,reconstructed,324.410004,23.5875,19.719999,326.839601,323.599901,304.385351,True,-0.743361,0.250341,6.578718,43.253968,0.573919,0.729143,-5.14605,-15.615776,True,0.6098,,,,,,,,,,,2026-08-21T03:22:00Z
2021-05-18,reconstructed,322.220001,23.092501,21.34,327.285201,323.7245,304.667501,True,-1.547641,-0.464747,5.761199,49.206349,0.573608,0.71275,-5.786383,-17.386634,True,0.6102,,,,,,,,,,,2026-08-21T03:22:00Z
2021-05-19,reconstructed,322.589996,23.1775,22.18,327.501602,323.8684,304.933551,True,-1.499719,-0.394729,5.79026,53.968254,0.562799,0.712528,-5.6782,-17.08255,True,0.6219,,,,,,,,,,,2026-08-21T03:22:00Z
2021-05-20,reconstructed,328.829987,24.5175,20.67,327.860601,324.0611,305.225801,True,0.29567,1.471601,7.733352,45.039683,0.596933,0.720612,-3.853695,-12.288702,True,0.5863,,,,,,,,,,,2026-08-21T03:22:00Z
2021-05-21,reconstructed,327.01001,24.112499,20.15,328.040001,324.2044,305.505601,True,-0.313983,0.865383,7.038957,43.650794,0.578947,0.68743,-4.385837,-13.737591,True,0.6045,,,,,,,,,,,2026-08-21T03:22:00Z
2021-05-24,reconstructed,332.51001,25.32,18.4,328.381002,324.399901,305.794951,True,1.257383,2.500034,8.736265,37.5,0.605835,0.693888,-2.777696,-9.417761,True,0.5777,,,,,,,,,,,2026-08-21T03:22:00Z
2021-05-25,reconstructed,332.970001,25.442499,18.84,328.663802,324.599901,306.102451,True,1.310214,2.57859,8.777306,39.285714,0.605591,0.671394,-2.6432,-8.97952,True,0.5779,,,,,,,,,,,2026-08-21T03:22:00Z
2021-05-26,reconstructed,334.130005,25.700001,17.360001,328.934802,324.803801,306.421551,True,1.579402,2.871335,9.042593,33.333333,0.606698,0.663564,-2.304028,-8.058308,True,0.5769,,,,,,,,,,,2026-08-21T03:22:00Z
2021-05-27,reconstructed,332.880005,25.4,16.74,329.154402,325.039501,306.760001,True,1.131871,2.41217,8.514801,29.960317,0.605854,0.637704,-2.669514,-9.131562,True,0.5777,,,,,,,,,,,2026-08-21T03:22:00Z
2021-05-28,reconstructed,333.929993,25.647499,16.76,329.592202,325.260201,307.070351,True,1.316108,2.665494,8.747064,30.15873,0.604548,0.62802,-2.362509,-8.246133,True,0.5789,,,,,,,,,,,2026-08-21T03:22:00Z
2021-06-01,reconstructed,332.820007,25.397499,17.9,329.985802,325.513001,307.372051,True,0.858887,2.244766,8.279203,35.912698,0.60288,0.623149,-2.687057,-9.140508,True,0.5805,,,,,,,,,,,2026-08-21T03:22:00Z
2021-06-02,reconstructed,333.470001,25.530001,17.48,330.283002,325.697901,307.678601,True,0.96493,2.386291,8.382578,33.730159,0.571755,0.594602,-2.497005,-8.666483,True,0.6122,,,,,,,,,,,2026-08-21T03:22:00Z
2021-06-03,reconstructed,330.0,24.727501,18.040001,330.538602,325.807601,307.952001,True,-0.162947,1.286771,7.159557,36.706349,0.582012,0.551326,-3.511596,-11.537424,True,0.6014,,,,,,,,,,,2026-08-21T03:22:00Z
2021-06-04,reconstructed,335.600006,25.995001,16.42,331.013203,326.019401,308.240151,True,1.385686,2.938661,8.876149,28.769841,0.605189,0.559539,-1.874215,-7.002946,True,0.5783,,,,,,,,,,,2026-08-21T03:22:00Z
2021-06-07,reconstructed,336.600006,26.225,16.42,331.518603,326.246201,308.542651,True,1.532766,3.173617,9.093509,28.769841,0.600008,0.54283,-1.581826,-6.180124,True,0.5833,,,,,,,,,,,2026-08-21T03:22:00Z
2021-06-08,reconstructed,336.76001,26.254999,17.07,331.933803,326.453401,308.826801,True,1.453967,3.157146,9.044943,31.547619,0.528038,0.53973,-1.535043,-6.072803,True,0.6628,,,,,,,,,,,2026-08-21T03:22:00Z
2021-06-09,reconstructed,336.839996,26.285,17.889999,332.352403,326.6783,309.101651,True,1.350252,3.110612,8.973859,35.714286,0.52694,0.536454,-1.511656,-5.965476,True,0.6642,,,,,,,,,,,2026-08-21T03:22:00Z
2021-06-10,reconstructed,340.350006,27.09,16.1,332.873003,326.963201,309.385251,True,2.246203,4.094285,10.008478,26.388889,0.436606,0.538767,-0.485367,-3.085589,True,0.8016,,,,,,,,,,,2026-08-21T03:22:00Z
2021-06-11,reconstructed,341.23999,27.305,15.65,333.315203,327.211501,309.662151,True,2.377566,4.287285,10.197513,24.404762,0.43494,0.538502,-0.225145,-2.316426,True,0.8047,,,,,,,,,,,2026-08-21T03:22:00Z
2021-06-14,reconstructed,344.51001,28.07,16.389999,333.714003,327.418901,309.924901,True,3.235108,5.219952,11.15919,27.97619,0.390402,0.503177,0.0,0.0,True,0.8965,,,,,,,,,,,2026-08-21T03:22:00Z
2021-06-15,reconstructed,342.26001,27.549999,17.02,333.938203,327.577901,310.180951,True,2.49202,4.482021,10.342047,30.753968,0.391842,0.505214,-0.653101,-1.852513,True,0.8932,,,,,,,,,,,2026-08-21T03:22:00Z
2021-06-16,reconstructed,341.01001,27.254999,18.15,334.142003,327.733801,310.423351,True,2.055416,4.050912,9.853208,36.904762,0.383337,0.495771,-1.015936,-2.903458,True,0.913,,,,,,,,,,,2026-08-21T03:22:00Z
2021-06-17,reconstructed,345.339996,28.272499,17.75,334.416403,327.906101,310.675651,True,3.266465,5.316734,11.157728,34.722222,0.396019,0.499333,0.0,0.0,True,0.8838,,,,,,,,,,,2026-08-21T03:22:00Z
2021-06-18,reconstructed,342.630005,27.5975,20.700001,334.567404,328.046501,310.889201,True,2.409859,4.44556,10.209684,45.436508,0.371349,0.489737,-0.784731,-2.387476,True,0.9425,,,,,,,,,,,2026-08-21T03:22:00Z
2021-06-21,reconstructed,344.359985,28.102501,17.889999,334.712404,328.295801,311.097201,True,2.88235,4.893204,10.692087,35.31746,0.363593,0.490046,-0.283781,-0.601285,True,0.9626,,,,,,,,,,,2026-08-21T03:22:00Z
2021-06-22,reconstructed,347.570007,28.887501,16.66,334.930403,328.558301,311.398001,True,3.7738,5.786403,11.616005,27.777778,0.337078,0.485635,0.0,0.0,True,1.0,,,,,,,,,,,2026-08-21T03:22:00Z
2021-06-23,reconstructed,347.73999,28.9375,16.32,335.073203,328.890101,311.718801,True,3.780304,5.731364,11.555668,26.388889,0.337501,0.485548,0.0,0.0,True,1.0,,,,,,,,,,,2026-08-21T03:22:00Z
2021-06-24,reconstructed,349.890015,29.469999,15.97,335.340803,329.164801,312.118501,True,4.338634,6.296303,12.101658,24.404762,0.339896,0.484655,0.0,0.0,True,1.0,,,,,,,,,,,2026-08-21T03:22:00Z
2021-06-25,reconstructed,349.459991,29.377501,15.62,335.497803,329.382601,312.476401,True,4.161633,6.095462,11.835643,23.015873,0.334964,0.477921,-0.122902,-0.313874,True,1.0,,,,,,,,,,,2026-08-21T03:22:00Z
2021-06-28,reconstructed,353.709991,30.4175,15.76,335.731803,329.655901,312.883251,True,5.354926,7.296727,13.048554,23.611111,0.349307,0.472566,0.0,0.0,True,1.0,,,,,,,,,,,2026-08-21T03:22:00Z
2021-06-29,reconstructed,354.98999,30.76,16.02,336.054003,329.903401,313.305951,True,5.634805,7.604223,13.304579,24.603175,0.34241,0.45839,0.0,0.0,True,1.0,,,,,,,,,,,2026-08-21T03:22:00Z
2021-06-30,reconstructed,354.429993,30.625,15.83,336.414402,330.134101,313.702301,True,5.355178,7.359401,12.982911,23.611111,0.345812,0.458522,-0.15775,-0.438882,True,1.0,,,,,,,,,,,2026-08-21T03:22:00Z
2021-07-01,reconstructed,354.570007,30.639999,15.48,336.720002,330.344001,314.079851,True,5.301142,7.333569,12.891676,21.825397,0.312857,0.458494,-0.118308,-0.39012,True,1.0,,,,,,,,,,,2026-08-21T03:22:00Z
2021-07-02,reconstructed,358.640015,31.68,15.07,337.188802,330.595301,314.500001,True,6.361781,8.483095,14.03498,20.436508,0.288352,0.459231,0.0,0.0,True,1.0,,,,,,,,,,,2026-08-21T03:22:00Z
2021-07-06,reconstructed,360.190002,32.105,16.440001,337.604202,330.869701,314.949351,True,6.690023,8.861585,14.364421,27.18254,0.288546,0.45869,0.0,0.0,True,1.0,,,,,,,,,,,2026-08-21T03:22:00Z
2021-07-07,reconstructed,360.950012,32.310001,16.200001,337.990602,331.133401,315.419751,True,6.792914,9.00441,14.434816,25.198413,0.28693,0.458473,0.0,0.0,True,1.0,,,,,,,,,,,2026-08-21T03:22:00Z
2021-07-08,reconstructed,358.769989,31.75,19.0,338.363002,331.356601,315.876051,True,6.031093,8.273077,13.579357,39.880952,0.302087,0.455917,-0.603968,-1.733214,True,1.0,,,,,,,,,,,2026-08-21T03:22:00Z
2021-07-09,reconstructed,361.01001,32.287498,16.18,338.803203,331.611301,316.318701,True,6.554486,8.865412,14.12857,24.801587,0.293262,0.449905,0.0,-0.069647,True,1.0,,,,,,,,,,,2026-08-21T03:22:00Z
2021-07-12,reconstructed,362.420013,32.692501,16.17,339.247203,331.896201,316.810001,True,6.830656,9.196795,14.396645,24.603175,0.293502,0.442327,0.0,0.0,True,1.0,,,,,,,,,,,2026-08-21T03:22:00Z
2021-07-13,reconstructed,362.420013,32.674999,17.120001,339.735803,332.195702,317.295151,True,6.677015,9.098345,14.221731,30.555556,0.286649,0.442381,0.0,-0.053535,True,1.0,,,,,,,,,,,2026-08-21T03:22:00Z
2021-07-14,reconstructed,363.070007,32.852501,16.33,340.273403,332.516202,317.752701,True,6.699496,9.188667,14.261816,25.793651,0.2696,0.437878,0.0,0.0,True,1.0,,,,,,,,,,,2026-08-21T03:22:00Z
2021-07-15,reconstructed,360.519989,32.172501,17.01,340.881003,332.897002,318.169301,True,5.761244,8.297758,13.31074,29.365079,0.281351,0.437591,-0.702349,-2.069859,True,1.0,,,,,,,,,,,2026-08-21T03:22:00Z
2021-07-16,reconstructed,357.600006,31.3825,18.450001,341.452403,333.258202,318.577551,True,4.729093,7.304188,12.248966,37.301587,0.282923,0.438938,-1.506597,-4.474549,True,1.0,,,,,,,,,,,2026-08-21T03:22:00Z
2021-07-19,reconstructed,354.670013,30.629999,22.5,341.915603,333.563602,318.961701,True,3.73028,6.327552,11.195172,55.753968,0.283065,0.43493,-2.313602,-6.765092,True,1.0,,,,,,,,,,,2026-08-21T03:22:00Z
2021-07-20,reconstructed,358.790009,31.639999,19.73,342.407403,334.023202,319.344401,True,4.784536,7.414696,12.352059,42.063492,0.296429,0.433429,-1.178836,-3.690743,True,1.0,,,,,,,,,,,2026-08-21T03:22:00Z
2021-07-21,reconstructed,361.559998,32.362499,17.91,343.123403,334.497402,319.780651,True,5.373167,8.090525,13.065001,34.920635,0.291969,0.433979,-0.4159,-1.49152,True,1.0,,,,,,,,,,,2026-08-21T03:22:00Z
2021-07-22,reconstructed,363.950012,33.0425,17.690001,343.896203,334.901002,320.199601,True,5.831355,8.67391,13.663481,33.134921,0.296345,0.434233,0.0,0.0,True,1.0,,,,,,,,,,,2026-08-21T03:22:00Z
2021-07-23,reconstructed,368.200012,34.139999,17.200001,344.922403,335.399002,320.664801,True,6.748651,9.779698,14.823957,29.761905,0.308442,0.437484,0.0,0.0,True,1.0,,,,,,,,,,,2026-08-21T03:22:00Z
2021-07-26,reconstructed,368.48999,34.282501,17.58,345.905403,335.992302,321.107651,True,6.529122,9.672153,14.755905,32.34127,0.306161,0.437315,0.0,0.0,True,1.0,,,,,,,,,,,2026-08-21T03:22:00Z
2021-07-27,reconstructed,364.429993,33.162498,19.360001,346.666202,336.595602,321.522751,True,5.124177,8.269386,13.345009,40.47619,0.320168,0.441328,-1.101793,-3.266981,True,1.0,,,,,,,,,,,2026-08-21T03:22:00Z
2021-07-28,reconstructed,365.829987,33.525002,18.309999,347.494602,337.167102,321.923351,True,5.276452,8.501092,13.638848,36.111111,0.320079,0.439528,-0.721866,-2.209581,True,1.0,,,,,,,,,,,2026-08-21T03:22:00Z
2021-07-29,reconstructed,366.480011,33.689999,17.700001,348.379802,337.832502,322.283101,True,5.195539,8.479797,13.713691,32.738095,0.318349,0.423163,-0.545464,-1.728295,True,1.0,,,,,,,,,,,2026-08-21T03:22:00Z
2021-07-30,reconstructed,364.570007,33.185001,18.24,349.219402,338.360502,322.633351,True,4.395691,7.74603,12.99824,35.714286,0.325891,0.423786,-1.063796,-3.201341,True,1.0,,,,,,,,,,,2026-08-21T03:22:00Z
2021-08-02,reconstructed,364.600006,33.174999,19.459999,349.934803,338.897702,322.996051,True,4.190839,7.584089,12.880639,40.674603,0.306531,0.422498,-1.055655,-3.230517,True,1.0,,,,,,,,,,,2026-08-21T03:22:00Z
2021-08-03,reconstructed,366.809998,33.752499,18.040001,350.730803,339.385402,323.379601,True,4.584483,8.080664,13.43016,34.722222,0.308739,0.421343,-0.455913,-1.545986,True,1.0,,,,,,,,,,,2026-08-21T03:22:00Z
2021-08-04,reconstructed,367.339996,33.919998,17.969999,351.427402,339.904202,323.773751,True,4.527989,8.071626,13.455768,34.52381,0.308554,0.387062,-0.312083,-1.0574,True,1.0,,,,,,,,,,,2026-08-21T03:22:00Z
2021-08-05,reconstructed,369.670013,34.557499,17.280001,352.161403,340.412602,324.203101,True,4.971757,8.594691,14.024206,29.365079,0.304197,0.387226,0.0,0.0,True,1.0,,,,,,,,,,,2026-08-21T03:22:00Z
2021-08-06,reconstructed,368.049988,34.107498,16.15,352.839802,340.887302,324.621301,True,4.310791,7.96823,13.378261,21.825397,0.306432,0.349508,-0.438236,-1.30218,True,1.0,,,,,,,,,,,2026-08-21T03:22:00Z
2021-08-09,reconstructed,368.730011,34.290001,16.719999,353.556802,341.355602,325.044001,True,4.29159,8.019323,13.44003,25.992063,0.304494,0.348387,-0.254281,-0.774066,True,1.0,,,,,,,,,,,2026-08-21T03:22:00Z
2021-08-10,reconstructed,366.839996,33.7775,16.790001,354.215002,341.903602,325.457301,True,3.564218,7.293399,12.715246,26.587302,0.310673,0.329802,-0.765552,-2.257104,True,1.0,,,,,,,,,,,2026-08-21T03:22:00Z
2021-08-11,reconstructed,366.209991,33.595001,16.17,354.882802,342.434302,325.864651,True,3.191811,6.943139,12.381012,22.222222,0.311392,0.327241,-0.935976,-2.785207,True,1.0,,,,,,,,,,,2026-08-21T03:22:00Z
2021-08-12,reconstructed,367.529999,33.945,15.59,355.564002,342.923502,326.299951,True,3.365357,7.175506,12.635628,19.047619,0.301673,0.322425,-0.578899,-1.772406,True,1.0,,,,,,,,,,,2026-08-21T03:22:00Z
2021-08-13,reconstructed,368.820007,34.285,15.45,356.340402,343.439502,326.730751,True,3.502158,7.390095,12.881939,18.055556,0.284478,0.322437,-0.229936,-0.788538,True,1.0,,,,,,,,,,,2026-08-21T03:22:00Z
2021-08-16,reconstructed,368.980011,34.345001,16.120001,357.008002,344.010602,327.217451,True,3.353429,7.258325,12.762938,22.222222,0.264148,0.304483,-0.186654,-0.614911,True,1.0,,,,,,,,,,,2026-08-21T03:22:00Z
2021-08-17,reconstructed,365.730011,33.442501,17.91,357.590602,344.554603,327.664151,True,2.276181,6.145734,11.61734,35.31746,0.26723,0.308175,-1.065816,-3.2265,True,1.0,,,,,,,,,,,2026-08-21T03:22:00Z
2021-08-18,reconstructed,362.209991,32.470001,21.57,358.099602,345.016703,328.128301,True,1.147834,4.983321,10.386696,50.595238,0.27916,0.302072,-2.018022,-6.04065,True,1.0,,,,,,,,,,,2026-08-21T03:22:00Z
2021-08-19,reconstructed,363.959991,32.932499,21.67,358.642002,345.497202,328.598201,True,1.482813,5.343832,10.761407,51.388889,0.27348,0.302753,-1.544627,-4.702308,True,1.0,,,,,,,,,,,2026-08-21T03:22:00Z
2021-08-20,reconstructed,367.730011,33.950001,18.559999,359.189602,346.031302,329.063601,True,2.377688,6.270736,11.750437,37.698413,0.269843,0.307363,-0.524793,-1.757934,True,1.0,,,,,,,,,,,2026-08-21T03:22:00Z
2021-08-23,reconstructed,373.230011,35.462502,17.15,359.829402,346.572303,329.495201,True,3.724156,7.691817,13.273277,29.166667,0.313015,0.315944,0.0,0.0,True,1.0,,,,,,,,,,,2026-08-21T03:22:00Z
2021-08-24,reconstructed,374.369995,35.8125,17.219999,360.426602,347.070302,329.895101,True,3.86858,7.865753,13.481526,29.960317,0.285999,0.315951,0.0,0.0,True,1.0,,,,,,,,,,,2026-08-21T03:22:00Z
2021-08-25,reconstructed,374.799988,35.852501,16.790001,361.077402,347.507802,330.296051,True,3.800456,7.85369,13.473954,27.18254,0.284967,0.314452,0.0,0.0,True,1.0,,,,,,,,,,,2026-08-21T03:22:00Z
2021-08-26,reconstructed,372.420013,35.244999,18.84,361.705602,347.923802,330.715201,True,2.962191,7.040683,12.610491,39.68254,0.293962,0.317935,-0.634999,-1.694448,True,1.0,,,,,,,,,,,2026-08-21T03:22:00Z
2021-08-27,reconstructed,376.040009,36.275002,16.389999,362.319602,348.368003,331.178301,True,3.786824,7.943326,13.546089,24.801587,0.301041,0.312016,0.0,0.0,True,1.0,,,,,,,,,,,2026-08-21T03:22:00Z
2021-08-30,reconstructed,380.26001,37.477501,16.190001,363.072202,348.819803,331.630801,True,4.733992,9.013309,14.663659,23.015873,0.316777,0.303022,0.0,0.0,True,1.0,,,,,,,,,,,2026-08-21T03:22:00Z
2021-08-31,reconstructed,379.950012,37.372501,16.48,363.784003,349.248203,332.088551,True,4.443848,8.790828,14.412259,25.793651,0.315502,0.303543,-0.081523,-0.280167,True,1.0,,,,,,,,,,,2026-08-21T03:22:00Z
2021-09-01,reconstructed,380.579987,37.577499,16.110001,364.444202,349.687303,332.536801,True,4.427505,8.834374,14.447479,22.02381,0.3155,0.30337,0.0,0.0,True,1.0,,,,,,,,,,,2026-08-21T03:22:00Z
2021-09-02,reconstructed,380.399994,37.525002,16.41,365.097402,350.085303,332.972801,True,4.191372,8.65923,14.243564,25.396825,0.312186,0.303595,-0.047294,-0.139706,True,1.0,,,,,,,,,,,2026-08-21T03:22:00Z
2021-09-03,reconstructed,381.570007,37.862499,16.41,365.731002,350.535903,333.419301,True,4.33078,8.853331,14.441487,25.396825,0.305688,0.299347,0.0,0.0,True,1.0,,,,,,,,,,,2026-08-21T03:22:00Z
2021-09-07,reconstructed,382.109985,38.017502,18.139999,366.384002,350.940903,333.879301,True,4.292213,8.881576,14.445545,36.706349,0.305724,0.299332,0.0,0.0,True,1.0,,,,,,,,,,,2026-08-21T03:22:00Z
2021-09-08,reconstructed,380.779999,37.627499,17.959999,366.925402,351.328603,334.321301,True,3.775862,8.382863,13.896422,35.515873,0.302028,0.297418,-0.348064,-1.025852,True,1.0,,,,,,,,,,,2026-08-21T03:22:00Z
2021-09-09,reconstructed,379.470001,37.224998,18.799999,367.415002,351.734503,334.766751,True,3.281031,7.885351,13.353551,39.484127,0.30515,0.29519,-0.690896,-2.084575,True,1.0,,,,,,,,,,,2026-08-21T03:22:00Z
2021-09-10,reconstructed,376.589996,36.387501,20.950001,367.858203,352.136302,335.197751,True,2.373685,6.944383,12.348605,46.825397,0.319867,0.29887,-1.444607,-4.287502,True,1.0,,,,,,,,,,,2026-08-21T03:22:00Z
2021-09-13,reconstructed,376.329987,36.305,19.370001,368.293402,352.506702,335.607051,True,2.182115,6.75825,12.134112,41.468254,0.319607,0.291501,-1.512653,-4.504508,True,1.0,,,,,,,,,,,2026-08-21T03:22:00Z
2021-09-14,reconstructed,375.26001,35.9925,19.459999,368.625802,352.907302,336.001951,True,1.799713,6.333875,11.683878,41.865079,0.322273,0.28683,-1.792671,-5.326498,True,1.0,,,,,,,,,,,2026-08-21T03:22:00Z
2021-09-15,reconstructed,378.049988,36.790001,18.18,368.983002,353.293602,336.397151,True,2.457291,7.007312,12.382042,36.111111,0.310474,0.287725,-1.062521,-3.228778,True,1.0,,,,,,,,,,,2026-08-21T03:22:00Z
2021-09-16,reconstructed,378.309998,36.862499,18.690001,369.330201,353.660402,336.790601,True,2.431373,6.969849,12.327956,38.492063,0.283733,0.283647,-0.994475,-3.038081,True,1.0,,,,,,,,,,,2026-08-21T03:22:00Z
2021-09-17,reconstructed,373.829987,35.560001,20.809999,369.631401,353.997202,337.142451,True,1.135884,5.602526,10.881909,46.031746,0.318291,0.294985,-2.166915,-6.464129,True,1.0,,,,,,,,,,,2026-08-21T03:22:00Z
2021-09-20,reconstructed,365.700012,33.372501,25.709999,369.725201,354.264202,337.451701,True,-1.088698,3.228046,8.371068,69.047619,0.378241,0.32209,-4.294568,-12.218058,True,0.9253,,,,,,,,,,,2026-08-21T03:22:00Z
2021-09-21,reconstructed,366.149994,33.415001,24.360001,369.799801,354.523502,337.761051,True,-0.986968,3.27947,8.405037,64.087302,0.338894,0.3219,-4.176806,-12.106269,True,1.0,,,,,,,,,,,2026-08-21T03:22:00Z
2021-09-22,reconstructed,369.570007,34.392502,20.870001,369.942801,354.839302,338.081301,True,-0.100771,4.151374,9.313945,46.031746,0.355066,0.319442,-3.281772,-9.535082,True,0.9857,,,,,,,,,,,2026-08-21T03:22:00Z
2021-09-23,reconstructed,372.980011,35.3475,18.629999,370.141001,355.207202,338.409951,True,0.767008,5.003505,10.215438,37.103175,0.370229,0.3232,-2.389358,-7.023086,True,0.9454,,,,,,,,,,,2026-08-21T03:22:00Z
2021-09-24,reconstructed,373.329987,35.447498,17.75,370.397201,355.639102,338.735151,True,0.791795,4.974392,10.212945,31.746032,0.365161,0.322879,-2.297767,-6.760054,True,0.9585,,,,,,,,,,,2026-08-21T03:22:00Z
2021-09-27,reconstructed,370.350006,34.592499,18.76,370.652201,356.052302,339.080351,True,-0.081531,4.015619,9.221901,37.896825,0.358623,0.327486,-3.077642,-9.009017,True,0.976,,,,,,,,,,,2026-08-21T03:22:00Z
2021-09-28,reconstructed,359.869995,31.7075,23.25,370.756201,356.335902,339.367101,True,-2.936217,0.991787,6.041509,60.119048,0.436699,0.365095,-5.820311,-16.597622,True,0.8015,,,,,,,,,,,2026-08-21T03:22:00Z
2021-09-29,reconstructed,359.279999,31.497499,22.559999,370.766,356.586702,339.654251,True,-3.097911,0.755299,5.778155,56.150794,0.436311,0.364324,-5.974716,-17.150002,True,0.8022,,,,,,,,,,,2026-08-21T03:22:00Z
2021-09-30,reconstructed,357.959991,31.1425,23.139999,370.694,356.908701,339.923851,True,-3.435181,0.294554,5.305936,59.325397,0.433413,0.364787,-6.320168,-18.083781,True,0.8075,,,,,,,,,,,2026-08-21T03:22:00Z
2021-10-01,reconstructed,360.179993,31.709999,21.1,370.6186,357.257401,340.188301,True,-2.816536,0.818063,5.876655,45.833333,0.443447,0.364995,-5.739183,-16.59105,True,0.7893,,,,,,,,,,,2026-08-21T03:22:00Z
2021-10-04,reconstructed,352.619995,29.76,22.959999,370.307,357.614701,340.406501,True,-4.776308,-1.396672,3.587915,57.738095,0.47694,0.384544,-7.717671,-21.720264,True,0.7338,,,,,,,,,,,2026-08-21T03:22:00Z
2021-10-05,reconstructed,357.380005,30.905001,21.299999,370.0848,357.995101,340.638401,True,-3.432942,-0.171817,4.914773,47.02381,0.506567,0.392062,-6.471953,-18.708492,True,0.6909,,,,,,,,,,,2026-08-21T03:22:00Z
2021-10-06,reconstructed,359.670013,31.514999,21.0,369.9896,358.327901,340.886451,True,-2.789156,0.374549,5.510211,45.238095,0.517289,0.394278,-5.872647,-17.103971,True,0.6766,,,,,,,,,,,2026-08-21T03:22:00Z
2021-10-07,reconstructed,362.970001,32.3675,19.540001,369.932401,358.713501,341.156701,True,-1.882073,1.186602,6.393924,40.277778,0.532117,0.39809,-5.009025,-14.86158,True,0.6577,,,,,,,,,,,2026-08-21T03:22:00Z
2021-10-08,reconstructed,361.160004,31.870001,18.77,369.826,359.102901,341.413701,True,-2.343263,0.572845,5.783688,36.904762,0.529857,0.397051,-5.48271,-16.170187,True,0.6606,,,,,,,,,,,2026-08-21T03:22:00Z
2021-10-11,reconstructed,358.390015,31.1625,20.0,369.702401,359.460901,341.664651,True,-3.059863,-0.297915,4.895257,41.666667,0.53268,0.396454,-6.207629,-18.031173,True,0.6571,,,,,,,,,,,2026-08-21T03:22:00Z
2021-10-12,reconstructed,357.140015,30.844999,19.85,369.553201,359.744002,341.902551,True,-3.358971,-0.723844,4.456669,41.269841,0.53277,0.393862,-6.53476,-18.866317,True,0.6569,,,,,,,,,,,2026-08-21T03:22:00Z
2021-10-13,reconstructed,360.0,31.567499,18.639999,369.417001,360.073902,342.139151,True,-2.549152,-0.020524,5.220346,35.515873,0.533712,0.390966,-5.786288,-16.965877,True,0.6558,,,,,,,,,,,2026-08-21T03:22:00Z
2021-10-14,reconstructed,366.630005,33.310001,16.860001,369.402801,360.415102,342.407501,True,-0.750616,1.724374,7.074174,24.801587,0.577339,0.404344,-4.051184,-12.382456,True,0.6062,,,,,,,,,,,2026-08-21T03:22:00Z
2021-10-15,reconstructed,368.940002,33.927502,16.299999,369.388201,360.774802,342.687351,True,-0.121335,2.26324,7.660817,20.436508,0.570704,0.403847,-3.446647,-10.758203,True,0.6133,,,,,,,,,,,2026-08-21T03:22:00Z
2021-10-18,reconstructed,372.649994,34.945,16.309999,369.480201,361.160002,342.981901,True,0.857906,3.181413,8.650046,20.436508,0.534851,0.402793,-2.475725,-8.08181,True,0.6544,,,,,,,,,,,2026-08-21T03:22:00Z
2021-10-19,reconstructed,375.470001,35.712502,15.7,369.615001,361.585901,343.312701,True,1.584081,3.839779,9.366767,16.468254,0.539065,0.40509,-1.737715,-6.062998,True,0.6493,,,,,,,,,,,2026-08-21T03:22:00Z
2021-10-20,reconstructed,374.980011,35.599998,15.49,369.777801,361.996402,343.628301,True,1.406848,3.586668,9.123727,15.277778,0.531055,0.399081,-1.865948,-6.358922,True,0.6591,,,,,,,,,,,2026-08-21T03:22:00Z
2021-10-21,reconstructed,377.269989,36.237499,15.01,369.999001,362.440901,343.976951,True,1.965137,4.09145,9.678857,13.492063,0.525904,0.40004,-1.26665,-4.682061,True,0.6655,,,,,,,,,,,2026-08-21T03:22:00Z
2021-10-22,reconstructed,374.100006,35.32,15.43,370.130401,362.847202,344.272551,True,1.072488,3.101252,8.663907,14.285714,0.534577,0.403756,-2.09625,-7.095422,True,0.6547,,,,,,,,,,,2026-08-21T03:22:00Z
2021-10-25,reconstructed,377.929993,36.380001,15.24,370.312601,363.326501,344.567051,True,2.057017,4.019385,9.682569,14.087302,0.536218,0.406614,-1.093924,-4.307229,True,0.6527,,,,,,,,,,,2026-08-21T03:22:00Z
2021-10-26,reconstructed,379.119995,36.720001,15.98,370.5154,363.761701,344.890551,True,2.322331,4.222076,9.924727,17.460317,0.42798,0.406876,-0.782495,-3.412903,True,0.8178,,,,,,,,,,,2026-08-21T03:22:00Z
2021-10-27,reconstructed,380.0,37.009998,16.98,370.8008,364.195701,345.220951,True,2.480901,4.339507,10.074432,25.198413,0.424619,0.405805,-0.552193,-2.650104,True,0.8243,,,,,,,,,,,2026-08-21T03:22:00Z
2021-10-28,reconstructed,384.220001,38.224998,16.530001,371.241,364.670301,345.561851,True,3.496112,5.360925,11.187042,22.420635,0.426321,0.410703,0.0,0.0,True,0.821,,,,,,,,,,,2026-08-21T03:22:00Z
2021-10-29,reconstructed,386.109985,38.790001,16.26,371.684,365.163001,345.920651,True,3.88125,5.736338,11.618079,19.444444,0.425685,0.410098,0.0,0.0,True,0.8222,,,,,,,,,,,2026-08-21T03:22:00Z
2021-11-01,reconstructed,387.429993,39.172501,16.41,372.078,365.633801,346.298501,True,4.126015,5.961208,11.877467,21.428571,0.33037,0.409136,0.0,0.0,True,1.0,,,,,,,,,,,2026-08-21T03:22:00Z
2021-11-02,reconstructed,389.049988,39.695,16.030001,372.394399,366.111901,346.661701,True,4.472567,6.265321,12.227566,16.865079,0.31751,0.409689,0.0,0.0,True,1.0,,,,,,,,,,,2026-08-21T03:22:00Z
2021-11-03,reconstructed,393.179993,40.955002,15.1,372.770599,366.598601,347.008751,True,5.475054,7.250817,13.305498,12.301587,0.323795,0.412229,0.0,0.0,True,1.0,,,,,,,,,,,2026-08-21T03:22:00Z
2021-11-04,reconstructed,398.220001,42.482498,15.44,373.239,367.158201,347.368051,True,6.693031,8.460059,14.639213,13.095238,0.331483,0.417521,0.0,0.0,True,1.0,,,,,,,,,,,2026-08-21T03:22:00Z
2021-11-05,reconstructed,398.600006,42.639999,16.48,373.762599,367.734101,347.733951,True,6.645236,8.393539,14.627866,22.222222,0.315684,0.417325,0.0,0.0,True,1.0,,,,,,,,,,,2026-08-21T03:22:00Z
2021-11-08,reconstructed,398.059998,42.465,17.219999,374.202999,368.261301,348.083701,True,6.375416,8.091726,14.357552,27.18254,0.293256,0.417481,-0.135476,-0.410411,True,1.0,,,,,,,,,,,2026-08-21T03:22:00Z
2021-11-09,reconstructed,395.320007,41.59,17.780001,374.504199,368.788201,348.417351,True,5.558231,7.194321,13.461631,30.357143,0.307465,0.42048,-0.82288,-2.462475,True,1.0,,,,,,,,,,,2026-08-21T03:22:00Z
2021-11-10,reconstructed,389.51001,39.767502,18.73,374.695399,369.239701,348.767751,True,3.953774,5.489743,11.681774,36.111111,0.369998,0.427276,-2.280481,-6.736627,True,0.946,,,,,,,,,,,2026-08-21T03:22:00Z
2021-11-11,reconstructed,390.589996,40.09,17.66,374.895599,369.669901,349.114101,True,4.186338,5.659129,11.880327,29.166667,0.332739,0.422022,-2.009536,-5.980298,True,1.0,,,,,,,,,,,2026-08-21T03:22:00Z
2021-11-12,reconstructed,394.700012,41.362499,16.290001,375.1816,370.139501,349.514801,True,5.202391,6.635474,12.927982,18.452381,0.340693,0.425369,-0.978423,-2.996014,True,1.0,,,,,,,,,,,2026-08-21T03:22:00Z
2021-11-15,reconstructed,394.609985,41.349998,16.49,375.442399,370.586701,349.875751,True,5.105333,6.4825,12.785749,21.428571,0.334234,0.421784,-1.001009,-3.025331,True,1.0,,,,,,,,,,,2026-08-21T03:22:00Z
2021-11-16,reconstructed,397.420013,42.205002,16.370001,375.7486,371.066301,350.224451,True,5.76753,7.102157,13.475805,19.047619,0.333586,0.414673,-0.296034,-1.020163,True,1.0,,,,,,,,,,,2026-08-21T03:22:00Z
2021-11-17,reconstructed,397.630005,42.255001,17.110001,376.0856,371.505501,350.580701,True,5.728591,7.032064,13.420392,25.396825,0.331911,0.414462,-0.243352,-0.902904,True,1.0,,,,,,,,,,,2026-08-21T03:22:00Z
2021-11-18,reconstructed,401.75,43.547501,17.59,376.5312,371.973101,350.938251,True,6.697665,8.005122,14.478829,28.571429,0.339485,0.418243,0.0,0.0,True,1.0,,,,,,,,,,,2026-08-21T03:22:00Z
2021-11-19,reconstructed,403.98999,44.285,17.91,377.0792,372.468701,351.301401,True,7.136641,8.462802,14.998115,31.349206,0.314289,0.416899,0.0,0.0,True,1.0,,,,,,,,,,,2026-08-21T03:22:00Z
2021-11-22,reconstructed,399.299988,42.75,19.17,377.5386,372.916001,351.630001,True,5.764017,7.075048,13.55686,38.293651,0.346159,0.42103,-1.16092,-3.466185,True,1.0,,,,,,,,,,,2026-08-21T03:22:00Z
2021-11-23,reconstructed,397.480011,42.1675,19.379999,377.983,373.304401,351.949851,True,5.158171,6.476112,12.936548,38.888889,0.354759,0.417667,-1.611421,-4.781529,True,0.9866,,,,,,,,,,,2026-08-21T03:22:00Z
2021-11-24,reconstructed,398.76001,42.557499,18.58,378.3972,373.690101,352.279901,True,5.381332,6.708743,13.194085,34.325397,0.354828,0.417767,-1.294582,-3.900871,True,0.9864,,,,,,,,,,,2026-08-21T03:22:00Z
2021-11-26,reconstructed,391.200012,40.209999,28.620001,378.655001,373.992601,352.563001,True,3.313045,4.601003,10.958896,80.753968,0.404651,0.434093,-3.165915,-9.201763,True,0.8649,,,,,,,,,,,2026-08-21T03:22:00Z
2021-11-29,reconstructed,399.690002,42.7075,22.959999,379.172201,374.401801,352.879201,True,5.411209,6.754295,13.26539,57.539683,0.454921,0.451446,-1.06438,-3.562153,True,0.7694,,,,,,,,,,,2026-08-21T03:22:00Z
2021-11-30,reconstructed,393.820007,40.872501,27.190001,379.734601,374.729901,353.170601,True,3.709277,5.094364,11.50985,74.007937,0.48539,0.460747,-2.517385,-7.705766,True,0.7211,,,,,,,,,,,2026-08-21T03:22:00Z
2021-12-01,reconstructed,387.119995,38.775002,31.120001,380.154001,374.976901,353.436551,True,1.832414,3.238358,9.530266,84.325397,0.519433,0.473337,-4.175845,-12.442132,True,0.6738,,,,,,,,,,,2026-08-21T03:22:00Z
2021-12-02,reconstructed,389.910004,39.505001,27.950001,380.560801,375.251801,353.723751,True,2.456691,3.906231,10.230088,77.380952,0.510697,0.474195,-3.485232,-10.79372,True,0.6853,,,,,,,,,,,2026-08-21T03:22:00Z
2021-12-03,reconstructed,383.130005,37.52,30.67,380.763801,375.452401,353.984301,True,0.621436,2.044894,8.233615,83.928571,0.517427,0.485251,-5.163491,-15.276052,True,0.6764,,,,,,,,,,,2026-08-21T03:22:00Z
2021-12-06,reconstructed,386.200012,38.397499,27.18,381.021201,375.709201,354.303101,True,1.359192,2.792269,9.002719,73.214286,0.526795,0.485035,-4.403569,-13.294571,True,0.6644,,,,,,,,,,,2026-08-21T03:22:00Z
2021-12-07,reconstructed,397.829987,41.860001,21.889999,381.570801,376.111501,354.684851,True,4.261119,5.774481,12.164358,49.404762,0.6253,0.517962,-1.524791,-5.475893,True,0.5597,,,,,,,,,,,2026-08-21T03:22:00Z
2021-12-08,reconstructed,399.609985,42.442501,19.9,382.365601,376.560901,355.062251,True,4.509921,6.120945,12.546457,39.68254,0.622201,0.517881,-1.084186,-4.160548,True,0.5625,,,,,,,,,,,2026-08-21T03:22:00Z
2021-12-09,reconstructed,393.730011,40.610001,21.58,383.054601,376.910301,355.466751,True,2.786916,4.462523,10.76423,48.015873,0.621579,0.524968,-2.539662,-8.298519,True,0.5631,,,,,,,,,,,2026-08-21T03:22:00Z
2021-12-10,reconstructed,398.01001,41.8675,18.690001,383.855601,377.274801,355.886101,True,3.687431,5.496049,11.836346,33.333333,0.629908,0.528269,-1.48023,-5.458958,True,0.5556,,,,,,,,,,,2026-08-21T03:22:00Z
2021-12-13,reconstructed,392.26001,40.067501,20.309999,384.497202,377.557901,356.229451,True,2.018951,3.894001,10.114424,40.47619,0.640322,0.53085,-2.903532,-9.523538,True,0.5466,,,,,,,,,,,2026-08-21T03:22:00Z
2021-12-14,reconstructed,388.200012,38.875,21.889999,385.208802,377.757901,356.578451,True,0.776517,2.764234,8.868052,49.404762,0.648492,0.518324,-3.908507,-12.216326,True,0.5397,,,,,,,,,,,2026-08-21T03:22:00Z
2021-12-15,reconstructed,397.049988,41.447498,19.290001,386.002202,378.043501,357.017901,True,2.862104,5.027593,11.212907,35.912698,0.688728,0.534184,-1.717865,-6.407365,True,0.5082,,,,,,,,,,,2026-08-21T03:22:00Z
2021-12-16,reconstructed,386.839996,38.285,20.57,386.545601,378.267601,357.431601,True,0.076161,2.266225,8.227699,40.47619,0.739947,0.556343,-4.245153,-13.548606,True,0.473,,,,,,,,,,,2026-08-21T03:22:00Z
2021-12-17,reconstructed,384.910004,37.700001,21.57,386.984401,378.458401,357.812751,True,-0.536042,1.704706,7.573026,47.222222,0.729435,0.554951,-4.722886,-14.869593,True,0.4798,,,,,,,,,,,2026-08-21T03:22:00Z
2021-12-20,reconstructed,380.690002,36.572498,22.870001,387.375001,378.600501,358.216501,True,-1.725718,0.551901,6.27372,55.555556,0.728691,0.558704,-5.767467,-17.415607,True,0.4803,,,,,,,,,,,2026-08-21T03:22:00Z
2021-12-21,reconstructed,389.209991,39.017502,21.01,387.991401,378.846901,358.603701,True,0.314077,2.73543,8.534851,42.857143,0.76842,0.572088,-3.658506,-11.894542,True,0.4555,,,,,,,,,,,2026-08-21T03:22:00Z
2021-12-22,reconstructed,393.950012,40.41,18.629999,388.727601,379.140401,359.019051,True,1.343463,3.906102,9.729556,31.150794,0.779619,0.547094,-2.485205,-8.750141,True,0.4489,,,,,,,,,,,2026-08-21T03:22:00Z
2021-12-23,reconstructed,396.920013,41.369999,17.959999,389.466001,379.441501,359.413451,True,1.913906,4.606379,10.435492,27.18254,0.783835,0.547966,-1.750038,-6.582366,True,0.4465,,,,,,,,,,,2026-08-21T03:22:00Z
2021-12-27,reconstructed,403.480011,43.3475,17.68,390.203001,379.802901,359.853551,True,3.40259,6.234052,12.123393,24.404762,0.773327,0.553752,-0.126236,-2.11697,True,0.4526,,,,,,,,,,,2026-08-21T03:22:00Z
2021-12-28,reconstructed,401.609985,42.837502,17.540001,390.856401,380.122301,360.267451,True,2.751288,5.652835,11.475512,23.015873,0.744753,0.554364,-0.589125,-3.268597,True,0.47,,,,,,,,,,,2026-08-21T03:22:00Z
2021-12-29,reconstructed,401.549988,42.77,16.950001,391.434401,380.457301,360.672301,True,2.584236,5.544035,11.333747,18.650794,0.726471,0.536696,-0.603976,-3.421022,True,0.4818,,,,,,,,,,,2026-08-21T03:22:00Z
2021-12-30,reconstructed,400.350006,42.369999,17.33,391.932001,380.773501,361.064552,True,2.147823,5.141247,10.880452,22.222222,0.699424,0.533514,-0.901008,-4.324265,True,0.5004,,,,,,,,,,,2026-08-21T03:22:00Z
2021-12-31,reconstructed,397.850006,41.5825,17.219999,392.389401,381.083601,361.493602,True,1.391629,4.399666,10.057275,21.031746,0.70247,0.535025,-1.519836,-6.102516,True,0.4982,,,,,,,,,,,2026-08-21T03:22:00Z
2022-01-03,reconstructed,401.679993,42.782501,16.6,392.877601,381.438301,361.936301,True,2.240492,5.306675,10.980852,15.674603,0.677904,0.535353,-0.571796,-3.392794,True,0.5163,,,,,,,,,,,2026-08-21T03:22:00Z
2022-01-04,reconstructed,396.470001,41.119999,16.91,393.325001,381.727701,362.325602,True,0.799593,3.861994,9.423678,17.857143,0.694297,0.541342,-1.86143,-7.146892,True,0.5041,,,,,,,,,,,2026-08-21T03:22:00Z
2022-01-05,reconstructed,384.290009,37.337502,19.73,393.452201,381.882401,362.660952,True,-2.328667,0.630458,5.963988,37.5,0.696671,0.574124,-4.876354,-15.688153,True,0.5024,,,,,,,,,,,2026-08-21T03:22:00Z
2022-01-06,reconstructed,384.019989,37.235001,19.610001,393.550201,382.032801,363.021702,True,-2.4216,0.520162,5.784306,36.706349,0.693244,0.573559,-4.943192,-15.91961,True,0.5049,,,,,,,,,,,2026-08-21T03:22:00Z
2022-01-07,reconstructed,379.859985,36.017502,18.76,393.547401,382.1741,363.364352,True,-3.477958,-0.605513,4.539695,32.142857,0.686679,0.576875,-5.972921,-18.668845,True,0.5097,,,,,,,,,,,2026-08-21T03:22:00Z
2022-01-10,reconstructed,380.109985,36.150002,19.4,393.4652,382.3531,363.684901,True,-3.394256,-0.586661,4.516295,35.515873,0.6744,0.566476,-5.911039,-18.369647,True,0.519,,,,,,,,,,,2026-08-21T03:22:00Z
2022-01-11,reconstructed,385.820007,37.740002,18.41,393.459401,382.5717,364.034451,True,-1.941596,0.849071,5.984476,29.166667,0.682513,0.572023,-4.497632,-14.779267,True,0.5128,,,,,,,,,,,2026-08-21T03:22:00Z
2022-01-12,reconstructed,387.350006,38.169998,17.620001,393.457801,382.7679,364.399601,True,-1.552338,1.197098,6.298142,22.81746,0.675994,0.569458,-4.11891,-13.808291,True,0.5178,,,,,,,,,,,2026-08-21T03:22:00Z
2022-01-13,reconstructed,377.660004,35.400002,20.309999,393.230001,382.8122,364.692251,True,-3.959514,-1.345881,3.555807,39.484127,0.675139,0.588032,-6.517485,-20.063223,True,0.5184,,,,,,,,,,,2026-08-21T03:22:00Z
2022-01-14,reconstructed,380.01001,35.935001,19.190001,392.966602,382.8686,364.969451,True,-3.297123,-0.746624,4.121046,33.928571,0.626905,0.588735,-5.935786,-18.855139,True,0.5583,,,,,,,,,,,2026-08-21T03:22:00Z
2022-01-18,reconstructed,370.549988,33.345001,22.790001,392.413201,382.8261,365.166951,True,-5.571478,-3.206707,1.47413,55.357143,0.673084,0.606212,-8.277433,-24.703621,True,0.52,,,,,,,,,,,2026-08-21T03:22:00Z
2022-01-19,reconstructed,366.480011,32.185001,23.85,391.770801,382.7667,365.345251,True,-6.455507,-4.254991,0.310599,60.912698,0.675674,0.608165,-9.284878,-27.323018,True,0.518,,,,,,,,,,,2026-08-21T03:22:00Z
2022-01-20,reconstructed,361.720001,30.940001,25.59,391.044001,382.6235,365.495751,True,-7.4989,-5.463203,-1.033049,67.261905,0.627963,0.609582,-10.463128,-30.134356,False,0.0,,,,,,,,,,,2026-08-21T03:22:00Z
2022-01-21,reconstructed,351.690002,28.334999,28.85,390.171401,382.3378,365.578802,True,-9.862691,-8.015895,-3.799126,80.753968,0.653974,0.631903,-12.945862,-36.016712,False,0.0,,,,,,,,,,,2026-08-21T03:22:00Z
2022-01-24,reconstructed,353.299988,28.745001,29.9,389.447201,382.0713,365.659752,True,-9.281672,-7.530352,-3.380127,82.936508,0.647137,0.632554,-12.547341,-35.090886,False,0.0,,,,,,,,,,,2026-08-21T03:22:00Z
2022-01-25,reconstructed,345.109985,26.625,31.16,388.537601,381.7166,365.701951,True,-11.177198,-9.589998,-5.630806,84.325397,0.628708,0.644077,-14.57462,-39.878062,False,0.0,,,,,,,,,,,2026-08-21T03:22:00Z
2022-01-26,reconstructed,344.570007,26.575001,31.959999,387.535001,381.3583,365.721801,True,-11.086739,-9.646648,-5.783575,85.714286,0.632086,0.642774,-14.708281,-39.990966,False,0.0,,,,,,,,,,,2026-08-21T03:22:00Z
2022-01-27,reconstructed,341.100006,25.780001,30.49,386.464801,380.9536,365.744751,True,-11.738403,-10.461535,-6.738236,83.134921,0.627446,0.643891,-15.567213,-41.786156,False,0.0,,,,,,,,,,,2026-08-21T03:22:00Z
2022-01-28,reconstructed,351.799988,28.184999,27.66,385.552401,380.6505,365.795701,True,-8.7543,-7.579266,-3.826101,74.801587,0.752953,0.674344,-12.918638,-36.355426,False,0.0,,,,,,,,,,,2026-08-21T03:22:00Z
2022-01-31,reconstructed,363.049988,30.915001,24.83,384.8608,380.4732,365.900901,True,-5.667195,-4.579353,-0.779149,63.293651,0.858158,0.702051,-10.133915,-30.190807,False,0.0,,,,,,,,,,,2026-08-21T03:22:00Z
2022-02-01,reconstructed,365.519989,31.504999,21.959999,384.1362,380.3337,366.034101,True,-4.846253,-3.894925,-0.140455,47.81746,0.852468,0.69849,-9.522513,-28.858532,False,0.0,,,,,,,,,,,2026-08-21T03:22:00Z
2022-02-02,reconstructed,368.48999,32.25,22.09,383.4262,380.2527,366.194501,True,-3.895459,-3.093393,0.62685,48.611111,0.856973,0.700624,-8.787346,-27.176245,True,0.4084,,,,,,,,,,,2026-08-21T03:22:00Z
2022-02-03,reconstructed,353.549988,28.370001,24.35,382.5112,380.0249,366.265801,True,-7.571337,-6.966626,-3.471745,61.111111,0.897547,0.740274,-12.485458,-35.937674,False,0.0,,,,,,,,,,,2026-08-21T03:22:00Z
2022-02-04,reconstructed,358.01001,29.35,23.219999,381.7218,379.8524,366.379851,True,-6.211799,-5.750231,-2.284471,56.349206,0.912342,0.744125,-11.381465,-33.724736,False,0.0,,,,,,,,,,,2026-08-21T03:22:00Z
2022-02-07,reconstructed,355.130005,28.684999,22.860001,380.8492,379.6232,366.458401,True,-6.753118,-6.451975,-3.091318,53.174603,0.909757,0.740629,-12.094355,-35.226376,False,0.0,,,,,,,,,,,2026-08-21T03:22:00Z
2022-02-08,reconstructed,359.119995,29.66,21.440001,380.207599,379.4313,366.545851,True,-5.54634,-5.353092,-2.025901,42.460317,0.921966,0.744378,-11.10671,-33.024726,False,0.0,,,,,,,,,,,2026-08-21T03:22:00Z
2022-02-09,reconstructed,366.730011,31.5,19.959999,379.5484,379.3603,366.678751,True,-3.377274,-3.329365,0.01398,34.920635,0.937618,0.753115,-9.222996,-28.86982,True,0.3733,,,,,,,,,,,2026-08-21T03:22:00Z
2022-02-10,reconstructed,358.429993,29.41,23.91,378.840599,379.2876,366.775901,True,-5.38765,-5.499154,-2.275479,59.126984,0.95744,0.764034,-11.277507,-33.589252,False,0.0,,,,,,,,,,,2026-08-21T03:22:00Z
2022-02-11,reconstructed,347.059998,26.639999,27.360001,378.039399,379.0967,366.810101,True,-8.194755,-8.4508,-5.384286,72.420635,0.978653,0.783863,-14.091931,-39.844192,False,0.0,,,,,,,,,,,2026-08-21T03:22:00Z
2022-02-14,reconstructed,347.48999,26.715,28.33,377.190999,378.8759,366.857601,True,-7.874262,-8.283955,-5.279327,78.174603,0.975054,0.783938,-13.985495,-39.674833,False,0.0,,,,,,,,,,,2026-08-21T03:22:00Z
2022-02-15,reconstructed,356.130005,28.65,25.700001,376.650999,378.7074,366.957301,True,-5.448278,-5.961699,-2.95056,66.071429,0.99349,0.796953,-11.846825,-35.305409,False,0.0,,,,,,,,,,,2026-08-21T03:22:00Z
2022-02-16,reconstructed,356.040009,28.645,24.290001,376.047799,378.5345,367.086801,True,-5.320545,-5.942521,-3.009313,59.920635,0.987619,0.795647,-11.869101,-35.316697,False,0.0,,,,,,,,,,,2026-08-21T03:22:00Z
2022-02-17,reconstructed,345.450012,26.105,28.110001,375.0002,378.2855,367.168901,True,-7.880046,-8.680081,-5.915231,77.579365,1.026128,0.811501,-14.490453,-41.052276,False,0.0,,,,,,,,,,,2026-08-21T03:22:00Z
2022-02-18,reconstructed,341.51001,25.219999,27.75,373.8382,378.1019,367.218901,True,-8.647642,-9.677785,-7.000972,74.603175,0.990497,0.813282,-15.465725,-43.050696,False,0.0,,,,,,,,,,,2026-08-21T03:22:00Z
2022-02-22,reconstructed,338.079987,24.440001,28.809999,372.7252,377.8899,367.238301,True,-9.295109,-10.534792,-7.939889,79.761905,0.992417,0.813973,-16.314762,-44.812012,False,0.0,,,,,,,,,,,2026-08-21T03:22:00Z
2022-02-23,reconstructed,329.420013,22.57,31.02,371.3534,377.6045,367.256601,True,-11.292043,-12.76057,-10.302494,83.730159,0.994956,0.82042,-18.458372,-49.034662,False,0.0,,,,,,,,,,,2026-08-21T03:22:00Z
2022-02-24,reconstructed,340.48999,24.780001,30.32,370.317999,377.4076,367.332501,True,-8.054701,-9.781894,-7.307415,82.539683,1.061712,0.836658,-15.718211,-44.044257,False,0.0,,,,,,,,,,,2026-08-21T03:22:00Z
2022-02-25,reconstructed,345.769989,25.955,27.59,369.469399,377.3391,367.476901,True,-6.414445,-8.366244,-5.907014,73.412698,1.069573,0.840859,-14.411248,-41.39099,False,0.0,,,,,,,,,,,2026-08-21T03:22:00Z
2022-02-28,reconstructed,346.799988,26.23,30.15,368.464399,377.2333,367.614201,True,-5.879648,-8.067504,-5.661972,82.34127,1.015399,0.836215,-14.156292,-40.770013,False,0.0,,,,,,,,,,,2026-08-21T03:22:00Z
2022-03-01,reconstructed,341.48999,25.02,33.32,367.557399,377.0515,367.689701,True,-7.092065,-9.431473,-7.125495,88.095238,0.956624,0.838862,-15.47068,-43.502313,False,0.0,,,,,,,,,,,2026-08-21T03:22:00Z
2022-03-02,reconstructed,347.220001,26.215,30.74,366.803599,376.894,367.803751,True,-5.338987,-7.873301,-5.596395,83.928571,0.972974,0.840927,-14.052326,-40.803883,False,0.0,,,,,,,,,,,2026-08-21T03:22:00Z
2022-03-03,reconstructed,342.26001,25.120001,30.48,366.034999,376.705,367.903951,True,-6.495278,-9.143757,-6.970281,83.333333,0.973057,0.842276,-15.280077,-43.276502,False,0.0,,,,,,,,,,,2026-08-21T03:22:00Z
2022-03-04,reconstructed,337.299988,24.045,31.98,364.996799,376.4941,367.977501,True,-7.588234,-10.410286,-8.33679,86.706349,0.892733,0.821486,-16.507835,-45.703963,False,0.0,,,,,,,,,,,2026-08-21T03:22:00Z
2022-03-07,reconstructed,324.859985,21.360001,36.450001,363.614998,376.171299,367.957651,True,-10.658255,-13.640412,-11.71267,92.063492,0.951974,0.847175,-19.58712,-51.766962,False,0.0,,,,,,,,,,,2026-08-21T03:22:00Z
2022-03-08,reconstructed,323.350006,21.065001,35.130001,362.143598,375.804799,367.939351,True,-10.712213,-13.957989,-12.118667,91.071429,0.951429,0.844391,-19.960887,-52.433102,False,0.0,,,,,,,,,,,2026-08-21T03:22:00Z
2022-03-09,reconstructed,334.98999,23.32,32.450001,360.773798,375.488399,367.95175,True,-7.146807,-10.785529,-8.958175,87.301587,1.031841,0.873837,-17.079631,-47.341087,False,0.0,,,,,,,,,,,2026-08-21T03:22:00Z
2022-03-10,reconstructed,331.269989,22.57,30.23,359.366998,375.111699,367.94325,True,-7.818472,-11.687641,-9.967097,82.738095,0.998319,0.872276,-18.000446,-49.034662,False,0.0,,,,,,,,,,,2026-08-21T03:22:00Z
2022-03-11,reconstructed,324.399994,21.17,30.75,357.823998,374.629199,367.8946,True,-9.340906,-13.407712,-11.822573,84.722222,0.995466,0.878197,-19.700982,-52.196003,False,0.0,,,,,,,,,,,2026-08-21T03:22:00Z
2022-03-14,reconstructed,318.170013,19.93,31.77,356.180398,374.056199,367.82105,True,-10.671667,-14.940585,-13.498694,86.507937,0.965192,0.870027,-21.243095,-54.996047,False,0.0,,,,,,,,,,,2026-08-21T03:22:00Z
2022-03-15,reconstructed,328.149994,21.775,29.83,354.786398,373.587899,367.79215,True,-7.50773,-12.162574,-10.778413,82.142857,1.034383,0.884312,-18.772741,-50.829853,False,0.0,,,,,,,,,,,2026-08-21T03:22:00Z
2022-03-16,reconstructed,340.320007,24.219999,26.67,353.559198,373.218399,367.82965,True,-3.744547,-8.814783,-7.478909,69.84127,1.084052,0.917731,-15.760287,-45.308797,False,0.0,,,,,,,,,,,2026-08-21T03:22:00Z
2022-03-17,reconstructed,344.440002,25.030001,25.67,352.518598,372.921799,367.8845,True,-2.291679,-7.637472,-6.372788,65.277778,1.093051,0.919776,-14.740461,-43.479732,False,0.0,,,,,,,,,,,2026-08-21T03:22:00Z
2022-03-18,reconstructed,351.48999,26.584999,23.870001,351.862598,372.657399,367.99195,True,-0.105896,-5.680126,-4.484326,57.936508,1.069845,0.918256,-12.995371,-39.968388,False,0.0,,,,,,,,,,,2026-08-21T03:22:00Z
2022-03-21,reconstructed,350.079987,26.395,23.530001,351.183798,372.366999,368.06435,True,-0.314311,-5.985228,-4.886201,57.142857,1.061776,0.914392,-13.344391,-40.397425,False,0.0,,,,,,,,,,,2026-08-21T03:22:00Z
2022-03-22,reconstructed,356.959991,27.955,22.940001,350.725798,372.136599,368.16615,True,1.777512,-4.078236,-3.043778,52.579365,1.070126,0.922049,-11.641377,-36.874788,False,0.0,,,,,,,,,,,2026-08-21T03:22:00Z
2022-03-23,reconstructed,351.829987,26.775,23.57,350.160198,371.812699,368.2415,True,0.476864,-5.374403,-4.456726,57.539683,1.040331,0.918542,-12.911212,-39.539348,False,0.0,,,,,,,,,,,2026-08-21T03:22:00Z
2022-03-24,reconstructed,359.649994,28.51,21.67,349.636797,371.548099,368.35555,True,2.863885,-3.202305,-2.363357,44.047619,1.009653,0.929945,-10.975519,-35.621542,False,0.0,,,,,,,,,,,2026-08-21T03:22:00Z
2022-03-25,reconstructed,359.350006,28.465,20.809999,349.076797,371.267299,368.45055,True,2.942965,-3.209896,-2.46995,37.103175,0.999821,0.929945,-11.049775,-35.723156,False,0.0,,,,,,,,,,,2026-08-21T03:22:00Z
2022-03-28,reconstructed,364.910004,29.76,19.629999,348.821797,371.025899,368.5689,True,4.612156,-1.648374,-0.992731,31.944444,1.009349,0.935643,-9.673504,-32.798915,False,0.0,,,,,,,,,,,2026-08-21T03:22:00Z
2022-03-29,reconstructed,371.190002,31.285,18.9,348.645397,370.805999,368.7023,True,6.466342,0.103559,0.674718,28.571429,0.998911,0.941967,-8.11901,-29.355312,True,0.3504,,,,,,,,,,,2026-08-21T03:22:00Z
2022-03-30,reconstructed,367.089996,30.344999,19.33,348.576198,370.494699,368.82645,True,5.311263,-0.918961,-0.470805,29.960317,1.001288,0.941194,-9.133888,-31.477928,False,0.0,,,,,,,,,,,2026-08-21T03:22:00Z
2022-03-31,reconstructed,362.540009,29.09,20.559999,348.497397,370.134099,368.9341,True,4.029474,-2.051713,-1.733126,35.714286,1.001011,0.941603,-10.260151,-34.311843,False,0.0,,,,,,,,,,,2026-08-21T03:22:00Z
2022-04-01,reconstructed,361.850006,28.965,19.629999,348.499998,369.772,369.01665,True,3.830705,-2.142399,-1.942092,32.539683,0.983647,0.92359,-10.430948,-34.594106,False,0.0,,,,,,,,,,,2026-08-21T03:22:00Z
2022-04-04,reconstructed,369.299988,30.775,18.57,348.852197,369.511799,369.15,True,5.861448,-0.057322,0.040631,24.801587,0.884474,0.933159,-8.586847,-30.506944,True,0.3957,,,,,,,,,,,2026-08-21T03:22:00Z
2022-04-05,reconstructed,361.100006,28.74,21.030001,349.008198,369.227699,369.2337,True,3.46462,-2.201269,-2.202858,39.880952,0.929255,0.940423,-10.616596,-35.102179,False,0.0,,,,,,,,,,,2026-08-21T03:22:00Z
2022-04-06,reconstructed,353.26001,26.85,22.1,349.171198,368.854399,369.26215,True,1.171005,-4.22779,-4.333545,48.611111,0.91004,0.949349,-12.557237,-39.369989,False,0.0,,,,,,,,,,,2026-08-21T03:22:00Z
2022-04-07,reconstructed,354.100006,27.025,21.549999,349.361798,368.448399,369.29395,True,1.356247,-3.894275,-4.114323,43.650794,0.897322,0.944491,-12.349312,-38.974823,False,0.0,,,,,,,,,,,2026-08-21T03:22:00Z
2022-04-08,reconstructed,349.149994,25.92,21.16,349.522798,367.993799,369.29025,True,-0.106661,-5.120686,-5.453774,40.277778,0.877564,0.946971,-13.574593,-41.470023,False,0.0,,,,,,,,,,,2026-08-21T03:22:00Z
2022-04-11,reconstructed,340.890015,24.08,24.370001,349.304598,367.428499,369.2474,True,-2.408953,-7.222762,-7.679779,63.690476,0.891723,0.946492,-15.619193,-45.624929,False,0.0,,,,,,,,,,,2026-08-21T03:22:00Z
2022-04-12,reconstructed,339.450012,23.77,24.26,348.832599,366.8467,369.1761,True,-2.68971,-7.468157,-8.052008,62.5,0.840864,0.945733,-15.975638,-46.32494,False,0.0,,,,,,,,,,,2026-08-21T03:22:00Z
2022-04-13,reconstructed,346.350006,25.195,21.82,348.449199,366.2927,369.1329,True,-0.602439,-5.444469,-6.172003,46.626984,0.770462,0.944515,-14.267676,-43.107147,False,0.0,,,,,,,,,,,2026-08-21T03:22:00Z
2022-04-14,reconstructed,338.429993,23.5,22.700001,347.847999,365.6371,369.0529,True,-2.707506,-7.441014,-8.297701,53.373016,0.800216,0.951517,-16.228124,-46.934628,False,0.0,,,,,,,,,,,2026-08-21T03:22:00Z
2022-04-18,reconstructed,338.690002,23.565001,22.17,347.5508,365.031,368.9735,True,-2.549497,-7.216099,-8.207499,49.801587,0.76411,0.948751,-16.163764,-46.78785,False,0.0,,,,,,,,,,,2026-08-21T03:22:00Z
2022-04-19,reconstructed,346.26001,25.08,21.370001,347.3158,364.5188,368.9116,True,-0.303986,-5.009012,-6.140113,42.857143,0.80245,0.943106,-14.289953,-43.366828,False,0.0,,,,,,,,,,,2026-08-21T03:22:00Z
2022-04-20,reconstructed,341.209991,23.950001,20.32,347.037399,363.9433,368.8167,True,-1.679187,-6.246387,-7.485211,36.111111,0.783346,0.947008,-15.539989,-45.918481,False,0.0,,,,,,,,,,,2026-08-21T03:22:00Z
2022-04-21,reconstructed,334.149994,22.545,22.68,346.537999,363.372799,368.6827,True,-3.57479,-8.0421,-9.366511,53.968254,0.795366,0.942571,-17.287556,-49.091114,False,0.0,,,,,,,,,,,2026-08-21T03:22:00Z
2022-04-22,reconstructed,325.399994,20.754999,28.209999,345.711399,362.629899,368.51585,True,-5.875249,-10.26664,-11.699865,82.738095,0.786482,0.956157,-19.453451,-53.133117,False,0.0,,,,,,,,,,,2026-08-21T03:22:00Z
2022-04-25,reconstructed,329.579987,21.525,27.02,345.134399,361.987499,368.3587,False,-4.50677,-8.952661,-10.527433,76.190476,0.806685,0.957761,-18.418774,-51.394378,False,0.0,,,,,,,,,,,2026-08-21T03:22:00Z
2022-04-26,reconstructed,317.140015,19.105,33.52,344.535999,361.287699,368.1323,False,-7.951559,-12.219537,-13.851619,95.436508,0.84937,0.963836,-21.498051,-56.858982,False,0.0,,,,,,,,,,,2026-08-21T03:22:00Z
2022-04-27,reconstructed,316.76001,19.02,31.6,343.9214,360.556199,367.904,False,-7.897557,-12.146841,-13.90145,92.063492,0.808989,0.940344,-21.592114,-57.050919,False,0.0,,,,,,,,,,,2026-08-21T03:22:00Z
2022-04-28,reconstructed,328.01001,21.030001,29.99,343.359,360.004999,367.7287,False,-4.470245,-8.887374,-10.801085,88.095238,0.928639,0.966715,-18.807392,-52.512136,False,0.0,,,,,,,,,,,2026-08-21T03:22:00Z
2022-04-29,reconstructed,313.25,18.264999,33.400002,342.503199,359.275499,367.49235,False,-8.541,-12.810642,-14.76013,95.436508,1.011947,0.998899,-22.46095,-58.755788,False,0.0,,,,,,,,,,,2026-08-21T03:22:00Z
2022-05-02,reconstructed,318.480011,19.125,32.34,341.963799,358.482,367.29675,False,-6.867332,-11.158716,-13.290817,93.849206,1.039292,0.976797,-21.166361,-56.813819,False,0.0,,,,,,,,,,,2026-08-21T03:22:00Z
2022-05-03,reconstructed,318.820007,19.17,29.25,341.509999,357.6741,367.1175,False,-6.64402,-10.862987,-13.155868,85.912698,0.998269,0.973498,-21.082201,-56.712205,False,0.0,,,,,,,,,,,2026-08-21T03:22:00Z
2022-05-04,reconstructed,329.600006,21.07,25.42,341.3404,357.0328,366.97155,False,-3.439497,-7.68355,-10.183771,68.849206,1.069996,0.995909,-18.413819,-52.421814,False,0.0,,,,,,,,,,,2026-08-21T03:22:00Z
2022-05-05,reconstructed,313.0,17.93,31.200001,341.012,356.1827,366.72875,False,-8.214374,-12.12375,-14.650815,91.865079,1.161162,1.036528,-22.522833,-59.512249,False,0.0,,,,,,,,,,,2026-08-21T03:22:00Z
2022-05-06,reconstructed,309.25,17.305,30.190001,340.3872,355.352599,366.45525,False,-9.147582,-12.973762,-15.610433,88.888889,1.159152,1.028257,-23.451074,-60.923562,False,0.0,,,,,,,,,,,2026-08-21T03:22:00Z
2022-05-09,reconstructed,297.149994,15.26,34.75,339.4148,354.442099,366.1,False,-12.452258,-16.164024,-18.833654,97.619048,1.20948,1.046178,-26.446199,-65.541379,False,0.0,,,,,,,,,,,2026-08-21T03:22:00Z
2022-05-10,reconstructed,300.76001,15.785,32.990002,338.494,353.4792,365.76135,False,-11.14761,-14.914368,-17.771517,95.039683,1.212239,1.034433,-25.552608,-64.355877,False,0.0,,,,,,,,,,,2026-08-21T03:22:00Z
2022-05-11,reconstructed,291.839996,14.38,32.560001,337.501,352.5292,365.3984,False,-13.529146,-17.215369,-20.131014,94.642857,1.237784,1.047903,-27.760587,-67.528508,False,0.0,,,,,,,,,,,2026-08-21T03:22:00Z
2022-05-12,reconstructed,291.149994,14.265,31.77,336.3796,351.591599,365.025,False,-13.446002,-17.190856,-20.238342,92.857143,1.201183,1.034378,-27.931384,-67.788189,False,0.0,,,,,,,,,,,2026-08-21T03:22:00Z
2022-05-13,reconstructed,301.940002,15.815,28.870001,335.5732,350.804099,364.7023,False,-10.022611,-13.929169,-17.209186,85.31746,1.279344,1.062216,-25.260524,-64.288135,False,0.0,,,,,,,,,,,2026-08-21T03:22:00Z
2022-05-16,reconstructed,298.440002,15.325,27.469999,334.796,349.8964,364.37165,False,-10.859149,-14.706181,-18.094615,77.579365,1.278227,1.049925,-26.126882,-65.394603,False,0.0,,,,,,,,,,,2026-08-21T03:22:00Z
2022-05-17,reconstructed,306.170013,16.48,26.1,334.422201,349.0186,364.0795,False,-8.44806,-12.276878,-15.905726,72.81746,1.288267,1.061635,-24.213465,-62.786497,False,0.0,,,,,,,,,,,2026-08-21T03:22:00Z
2022-05-18,reconstructed,291.140015,14.075,30.959999,333.778001,347.9608,363.70115,False,-12.774355,-16.329651,-19.950758,91.269841,1.364316,1.099201,-27.933854,-68.21723,False,0.0,,,,,,,,,,,2026-08-21T03:22:00Z
2022-05-19,reconstructed,289.579987,13.79,29.35,332.869801,346.821799,363.31235,False,-13.005029,-16.504676,-20.294483,86.706349,1.357658,1.089961,-28.32001,-68.860788,False,0.0,,,,,,,,,,,2026-08-21T03:22:00Z
2022-05-20,reconstructed,288.679993,13.67,29.43,332.018001,345.692499,362.9074,False,-13.052909,-16.49226,-20.453539,87.103175,1.340207,1.068303,-28.542786,-69.13176,False,0.0,,,,,,,,,,,2026-08-21T03:22:00Z
2022-05-23,reconstructed,293.480011,14.345,28.48,331.399601,344.6118,362.53455,False,-11.442256,-14.837504,-19.047713,83.333333,1.347491,1.068742,-27.354633,-67.607541,False,0.0,,,,,,,,,,,2026-08-21T03:22:00Z
2022-05-24,reconstructed,287.23999,13.45,29.450001,330.781001,343.480699,362.1271,False,-13.163093,-16.373761,-20.679786,87.103175,1.311503,1.073897,-28.899231,-69.628543,False,0.0,,,,,,,,,,,2026-08-21T03:22:00Z
2022-05-25,reconstructed,291.26001,13.99,28.370001,330.043201,342.414799,361.7492,False,-11.750944,-14.939421,-19.485652,82.936508,1.325319,1.075638,-27.904152,-68.409168,False,0.0,,,,,,,,,,,2026-08-21T03:22:00Z
2022-05-26,reconstructed,299.329987,15.16,27.5,329.223401,341.391299,361.4148,False,-9.079979,-12.320558,-17.178271,77.97619,1.301489,1.085951,-25.906583,-65.76719,False,0.0,,,,,,,,,,,2026-08-21T03:22:00Z
2022-05-27,reconstructed,309.100006,16.645,25.719999,328.516601,340.517599,361.12265,False,-5.910385,-9.226423,-14.40581,71.031746,1.278931,1.104305,-23.488202,-62.413909,False,0.0,,,,,,,,,,,2026-08-21T03:22:00Z
2022-05-31,reconstructed,308.279999,16.525,26.190001,327.652401,339.757499,360.81995,False,-5.912486,-9.264696,-14.561266,73.611111,1.266053,1.101428,-23.691179,-62.684883,False,0.0,,,,,,,,,,,2026-08-21T03:22:00Z
2022-06-01,reconstructed,306.0,16.139999,25.690001,326.770801,338.977299,360.50505,False,-6.356382,-9.728468,-15.119081,70.634921,1.267571,1.079138,-24.255549,-63.554252,False,0.0,,,,,,,,,,,2026-08-21T03:22:00Z
2022-06-02,reconstructed,314.380005,17.450001,24.719999,325.919202,338.3225,360.2483,False,-3.540508,-7.076826,-12.732411,66.468254,1.249403,1.092305,-22.181239,-60.596137,False,0.0,,,,,,,,,,,2026-08-21T03:22:00Z
2022-06-03,reconstructed,306.200012,16.07,24.790001,325.006602,337.5834,359.96825,False,-5.786526,-9.296484,-14.936939,67.063492,1.165309,1.08037,-24.20604,-63.712319,False,0.0,,,,,,,,,,,2026-08-21T03:22:00Z
2022-06-06,reconstructed,307.220001,16.27,25.07,323.958002,336.7974,359.68455,False,-5.166719,-8.781956,-14.586267,68.452381,1.160167,1.079249,-23.953561,-63.260697,False,0.0,,,,,,,,,,,2026-08-21T03:22:00Z
2022-06-07,reconstructed,309.869995,16.665001,24.02,322.968402,336.0226,359.39525,False,-4.055631,-7.78299,-13.780164,62.5,1.075636,1.073612,-23.297606,-62.368746,False,0.0,,,,,,,,,,,2026-08-21T03:22:00Z
2022-06-08,reconstructed,307.640015,16.325001,23.959999,321.823002,335.3224,359.0673,False,-4.407077,-8.255454,-14.322464,62.5,1.074458,1.067809,-23.849595,-63.1365,False,0.0,,,,,,,,,,,2026-08-21T03:22:00Z
2022-06-09,reconstructed,299.399994,14.995,26.09,320.387202,334.5163,358.69245,False,-6.550576,-10.497637,-16.530166,73.412698,1.066115,1.062182,-25.889254,-66.139777,False,0.0,,,,,,,,,,,2026-08-21T03:22:00Z
2022-06-10,reconstructed,288.839996,13.395,27.75,318.822202,333.6992,358.26265,False,-9.404052,-13.443006,-19.377586,80.555556,1.136426,1.054604,-28.50318,-69.752737,False,0.0,,,,,,,,,,,2026-08-21T03:22:00Z
2022-06-13,reconstructed,275.410004,11.54,34.02,317.079602,332.7885,357.7776,False,-13.141684,-17.24173,-23.02201,97.619048,1.159456,1.084457,-31.827518,-73.941515,False,0.0,,,,,,,,,,,2026-08-21T03:22:00Z
2022-06-14,reconstructed,275.910004,11.615,32.689999,315.360802,331.9304,357.27695,False,-12.509734,-16.877151,-22.774194,95.436508,1.15939,1.074497,-31.703752,-73.772158,False,0.0,,,,,,,,,,,2026-08-21T03:22:00Z
2022-06-15,reconstructed,282.799988,12.45,29.620001,313.630802,331.2415,356.78965,False,-9.830289,-14.624228,-20.737614,88.095238,1.15601,1.087958,-29.998269,-71.886644,False,0.0,,,,,,,,,,,2026-08-21T03:22:00Z
2022-06-16,reconstructed,271.390015,10.93,32.950001,311.836602,330.4224,356.24685,False,-12.970443,-17.865733,-23.819673,96.031746,1.121774,1.102022,-32.822589,-75.318956,False,0.0,,,,,,,,,,,2026-08-21T03:22:00Z
2022-06-17,reconstructed,274.690002,11.335,31.129999,310.265202,329.7182,355.7174,False,-11.466062,-16.689463,-22.778587,92.261905,1.133303,1.105049,-32.00574,-74.404426,False,0.0,,,,,,,,,,,2026-08-21T03:22:00Z
2022-06-21,reconstructed,281.079987,12.19,30.190001,308.804802,329.0833,355.2208,False,-8.978104,-14.586979,-20.871755,89.484127,1.170626,1.108405,-30.424022,-72.47375,False,0.0,,,,,,,,,,,2026-08-21T03:22:00Z
2022-06-22,reconstructed,280.670013,12.145,28.950001,307.435202,328.479,354.7163,False,-8.705961,-14.554655,-20.874791,85.912698,1.154135,1.108332,-30.525503,-72.575363,False,0.0,,,,,,,,,,,2026-08-21T03:22:00Z
2022-06-23,reconstructed,284.850006,12.665,29.049999,306.314402,327.8095,354.23,False,-7.007309,-13.105018,-19.586143,86.111111,1.146004,1.107756,-29.490826,-71.401152,False,0.0,,,,,,,,,,,2026-08-21T03:22:00Z
2022-06-24,reconstructed,294.609985,13.99,27.23,305.417601,327.1251,353.79915,False,-3.538636,-9.939658,-16.729595,77.97619,1.197972,1.125958,-27.074929,-68.409168,False,0.0,,,,,,,,,,,2026-08-21T03:22:00Z
2022-06-27,reconstructed,292.450012,13.66,26.950001,304.339601,326.3944,353.36405,False,-3.906685,-10.399807,-17.238323,76.984127,1.161895,1.125564,-27.60959,-69.154341,False,0.0,,,,,,,,,,,2026-08-21T03:22:00Z
2022-06-28,reconstructed,283.540009,12.415,28.360001,303.241802,325.544901,352.8988,False,-6.497057,-12.902949,-19.654017,83.730159,1.138503,1.135934,-29.815091,-71.965677,False,0.0,,,,,,,,,,,2026-08-21T03:22:00Z
2022-06-29,reconstructed,283.799988,12.44,28.16,302.144001,324.847401,352.43615,False,-6.071282,-12.635906,-19.474779,83.333333,1.139494,1.136179,-29.750738,-71.909225,False,0.0,,,,,,,,,,,2026-08-21T03:22:00Z
2022-06-30,reconstructed,280.279999,12.0,28.709999,300.824401,324.0701,351.96125,False,-6.829367,-13.51254,-20.366234,85.714286,1.141942,1.126652,-30.622044,-72.902789,False,0.0,,,,,,,,,,,2026-08-21T03:22:00Z
2022-07-01,reconstructed,282.130005,12.195,26.700001,299.642802,323.3401,351.48165,False,-5.844558,-12.745124,-19.731228,76.587302,1.093789,1.122717,-30.16411,-72.46246,False,0.0,,,,,,,,,,,2026-08-21T03:22:00Z
2022-07-05,reconstructed,286.959991,12.825,27.540001,298.699001,322.6185,351.0249,False,-3.930047,-11.052841,-18.250816,79.563492,1.091339,1.124343,-28.968539,-71.039856,False,0.0,,,,,,,,,,,2026-08-21T03:22:00Z
2022-07-06,reconstructed,288.799988,13.07,26.73,297.967001,321.8392,350.59975,False,-3.07652,-10.265751,-17.62687,76.785714,1.09332,1.125414,-28.513083,-70.486621,False,0.0,,,,,,,,,,,2026-08-21T03:22:00Z
2022-07-07,reconstructed,294.980011,13.88,26.08,297.275002,321.2047,350.24615,False,-0.772009,-8.164479,-15.779228,73.412698,1.116287,1.132881,-26.983337,-68.657559,False,0.0,,,,,,,,,,,2026-08-21T03:22:00Z
2022-07-08,reconstructed,295.350006,13.945,24.639999,296.839202,320.6876,349.89215,False,-0.501684,-7.901021,-15.588273,66.269841,1.115748,1.125441,-26.891751,-68.510783,False,0.0,,,,,,,,,,,2026-08-21T03:22:00Z
2022-07-11,reconstructed,289.040009,13.055,26.17,296.284802,320.103101,349.4895,False,-2.445213,-9.70409,-17.296512,74.404762,1.101463,1.131495,-28.453671,-70.520491,False,0.0,,,,,,,,,,,2026-08-21T03:22:00Z
2022-07-12,reconstructed,286.23999,12.675,27.290001,295.449401,319.4042,349.0558,False,-3.117086,-10.383148,-17.995922,79.365079,1.038659,1.123553,-29.146762,-71.37857,False,0.0,,,,,,,,,,,2026-08-21T03:22:00Z
2022-07-13,reconstructed,285.649994,12.595,26.82,294.897401,318.7003,348.6174,False,-3.135805,-10.370341,-18.062038,77.579365,0.903177,1.116943,-29.292804,-71.559218,False,0.0,,,,,,,,,,,2026-08-21T03:22:00Z
2022-07-14,reconstructed,286.670013,12.725,26.4,294.261201,318.1125,348.199,False,-2.579745,-9.884078,-17.670639,75.992063,0.90331,1.117356,-29.040318,-71.265665,False,0.0,,,,,,,,,,,2026-08-21T03:22:00Z
2022-07-15,reconstructed,291.869995,13.395,24.23,293.722201,317.6161,347.859,False,-0.630598,-8.106045,-16.095316,64.087302,0.887173,1.114404,-27.753162,-69.752737,False,0.0,,,,,,,,,,,2026-08-21T03:22:00Z
2022-07-18,reconstructed,289.399994,13.085,25.299999,292.918201,317.1293,347.5096,False,-1.201088,-8.743849,-16.721727,69.642857,0.759221,1.112187,-28.364563,-70.452749,False,0.0,,,,,,,,,,,2026-08-21T03:22:00Z
2022-07-19,reconstructed,298.299988,14.23,24.5,292.6242,316.8181,347.2113,False,1.939617,-5.84503,-14.086901,66.468254,0.802827,1.123775,-26.16154,-67.867225,False,0.0,,,,,,,,,,,2026-08-21T03:22:00Z
2022-07-20,reconstructed,303.029999,14.945,23.879999,292.4998,316.4435,346.92555,False,3.60007,-4.23883,-12.65273,62.301587,0.781395,1.118568,-24.990716,-66.252682,False,0.0,,,,,,,,,,,2026-08-21T03:22:00Z
2022-07-21,reconstructed,307.380005,15.58,23.110001,292.704401,316.0596,346.69935,False,5.013797,-2.746189,-11.34105,58.134921,0.786755,1.119446,-23.913955,-64.818787,False,0.0,,,,,,,,,,,2026-08-21T03:22:00Z
2022-07-22,reconstructed,301.98999,14.765,23.030001,292.729,315.6115,346.4224,False,3.163674,-4.315911,-12.826079,57.34127,0.812104,1.100942,-25.24815,-66.659139,False,0.0,,,,,,,,,,,2026-08-21T03:22:00Z
2022-07-25,reconstructed,300.269989,14.545,23.360001,292.8976,315.1993,346.1254,False,2.517053,-4.736467,-13.248207,60.912698,0.732221,1.101255,-25.673904,-67.155922,False,0.0,,,,,,,,,,,2026-08-21T03:22:00Z
2022-07-26,reconstructed,294.369995,13.665,24.690001,292.962,314.6708,345.7824,False,0.480607,-6.451442,-14.868427,67.460317,0.761126,1.084363,-27.134334,-69.143051,False,0.0,,,,,,,,,,,2026-08-21T03:22:00Z
2022-07-27,reconstructed,306.809998,15.37,23.24,293.0594,314.3163,345.51065,False,4.692085,-2.388137,-11.201001,59.52381,0.798948,1.083671,-24.05505,-65.292989,False,0.0,,,,,,,,,,,2026-08-21T03:22:00Z
2022-07-28,reconstructed,309.809998,15.81,22.33,293.2868,314.0414,345.26775,False,5.633802,-1.347403,-10.269639,51.388889,0.80016,1.080864,-23.312457,-64.299423,False,0.0,,,,,,,,,,,2026-08-21T03:22:00Z
2022-07-29,reconstructed,315.459991,16.68,21.33,293.472599,313.9474,345.05935,False,7.492145,0.481798,-8.578048,42.460317,0.791616,1.086903,-21.913909,-62.334876,False,0.0,,,,,,,,,,,2026-08-21T03:22:00Z
2022-08-01,reconstructed,315.269989,16.655001,22.84,293.955199,313.8666,344.8357,False,7.251034,0.447129,-8.573854,55.753968,0.794567,1.067108,-21.96094,-62.391327,False,0.0,,,,,,,,,,,2026-08-21T03:22:00Z
2022-08-02,reconstructed,314.329987,16.5,23.93,294.450199,313.66,344.5742,False,6.751494,0.213603,-8.777272,64.087302,0.788614,1.022154,-22.19362,-62.741334,False,0.0,,,,,,,,,,,2026-08-21T03:22:00Z
2022-08-03,reconstructed,322.890015,17.82,21.950001,295.134399,313.5762,344.34395,False,9.404399,2.970192,-6.23038,48.611111,0.8229,1.032148,-20.074749,-59.760642,False,0.0,,,,,,,,,,,2026-08-21T03:22:00Z
2022-08-04,reconstructed,324.399994,18.075001,21.440001,295.752799,313.5762,344.1027,False,9.686196,3.451727,-5.725821,43.650794,0.805458,1.00118,-19.700982,-59.184824,False,0.0,,,,,,,,,,,2026-08-21T03:22:00Z
2022-08-05,reconstructed,321.75,17.645,21.15,296.442999,313.612,343.8341,False,8.536886,2.594926,-6.422894,40.47619,0.816322,1.000936,-20.356938,-60.155808,False,0.0,,,,,,,,,,,2026-08-21T03:22:00Z
2022-08-08,reconstructed,320.709991,17.465,21.290001,297.031999,313.5376,343.56275,False,7.971529,2.28757,-6.651698,42.063492,0.770227,0.982574,-20.614372,-60.562267,False,0.0,,,,,,,,,,,2026-08-21T03:22:00Z
2022-08-09,reconstructed,317.079987,16.865,21.77,297.386999,313.3052,343.2618,False,6.622007,1.204827,-7.62736,47.81746,0.774493,0.985561,-21.51291,-61.917128,False,0.0,,,,,,,,,,,2026-08-21T03:22:00Z
2022-08-10,reconstructed,325.929993,18.25,19.74,297.723599,313.1201,343.02095,False,9.47402,4.091048,-4.982482,33.730159,0.804522,0.975052,-19.32226,-58.789658,False,0.0,,,,,,,,,,,2026-08-21T03:22:00Z
2022-08-11,reconstructed,324.079987,17.975,20.200001,298.039598,312.846,342.7517,False,8.737224,3.5909,-5.447592,35.714286,0.813531,0.973138,-19.780194,-59.410635,False,0.0,,,,,,,,,,,2026-08-21T03:22:00Z
2022-08-12,reconstructed,330.390015,18.99,19.530001,298.527399,312.6491,342.50805,False,10.673264,5.674385,-3.538029,31.944444,0.815756,0.96802,-18.218267,-57.118664,False,0.0,,,,,,,,,,,2026-08-21T03:22:00Z
2022-08-15,reconstructed,333.059998,19.445,19.950001,298.900999,312.4101,342.27335,False,11.428198,6.609869,-2.691811,34.920635,0.80061,0.916716,-17.557364,-56.091228,False,0.0,,,,,,,,,,,2026-08-21T03:22:00Z
2022-08-16,reconstructed,332.279999,19.32,19.690001,299.422598,312.2146,342.01365,False,10.973587,6.426797,-2.845983,33.333333,0.766087,0.915394,-17.750438,-56.37349,False,0.0,,,,,,,,,,,2026-08-21T03:22:00Z
2022-08-17,reconstructed,328.48999,18.65,19.9,299.847998,311.903,341.72555,False,9.552171,5.317996,-3.873155,35.119048,0.775696,0.918873,-18.688582,-57.886418,False,0.0,,,,,,,,,,,2026-08-21T03:22:00Z
2022-08-18,reconstructed,329.279999,18.775,19.559999,300.236198,311.6023,341.4348,False,9.673651,5.673161,-3.559919,32.34127,0.767544,0.91459,-18.49303,-57.604156,False,0.0,,,,,,,,,,,2026-08-21T03:22:00Z
2022-08-19,reconstructed,322.859985,17.674999,20.6,300.540598,311.1818,341.10385,False,7.426414,3.75285,-5.348478,38.293651,0.774642,0.913405,-20.082182,-60.088068,False,0.0,,,,,,,,,,,2026-08-21T03:22:00Z
2022-08-22,reconstructed,314.359985,16.285,23.799999,300.839797,310.6135,340.70975,False,4.494149,1.206157,-7.733786,63.293651,0.832822,0.926894,-22.186194,-63.226826,False,0.0,,,,,,,,,,,2026-08-21T03:22:00Z
2022-08-23,reconstructed,314.100006,16.23,24.110001,301.344998,310.0836,340.28915,False,4.232693,1.295266,-7.696144,65.47619,0.795302,0.91209,-22.250547,-63.351023,False,0.0,,,,,,,,,,,2026-08-21T03:22:00Z
2022-08-24,reconstructed,315.01001,16.355,22.82,302.136998,309.6083,339.8712,False,4.260654,1.744692,-7.314886,55.952381,0.669452,0.890358,-22.025293,-63.06876,False,0.0,,,,,,,,,,,2026-08-21T03:22:00Z
2022-08-25,reconstructed,320.579987,17.215,21.780001,303.030397,309.1956,339.4838,False,5.791363,3.681937,-5.568399,49.206349,0.686352,0.896338,-20.646552,-61.126792,False,0.0,,,,,,,,,,,2026-08-21T03:22:00Z
2022-08-26,reconstructed,307.440002,15.12,25.559999,303.523198,308.577,339.0444,False,1.290447,-0.368465,-9.32161,71.428571,0.794204,0.930364,-23.899104,-65.857514,False,0.0,,,,,,,,,,,2026-08-21T03:22:00Z
2022-08-29,reconstructed,304.410004,14.655,26.209999,304.183597,308.0101,338.6189,False,0.074431,-1.168824,-10.102477,75.198413,0.799903,0.917162,-24.649122,-66.907531,False,0.0,,,,,,,,,,,2026-08-21T03:22:00Z
2022-08-30,reconstructed,301.019989,14.165,26.209999,304.710197,307.4877,338.171049,False,-1.211055,-2.103405,-10.985878,75.198413,0.806126,0.905308,-25.488256,-68.014,False,0.0,,,,,,,,,,,2026-08-21T03:22:00Z
2022-08-31,reconstructed,299.269989,13.905,25.870001,305.073997,306.939399,337.693899,False,-1.902492,-2.498673,-11.378325,73.214286,0.739202,0.905631,-25.921435,-68.601107,False,0.0,,,,,,,,,,,2026-08-21T03:22:00Z
2022-09-01,reconstructed,299.399994,13.92,25.559999,305.448597,306.441899,337.217849,False,-1.980236,-2.297958,-11.214666,71.230159,0.734605,0.904113,-25.889254,-68.567235,False,0.0,,,,,,,,,,,2026-08-21T03:22:00Z
2022-09-02,reconstructed,295.170013,13.34,25.469999,305.654997,305.984699,336.706599,False,-3.430333,-3.534388,-12.336137,70.833333,0.741142,0.90707,-26.936305,-69.876933,False,0.0,,,,,,,,,,,2026-08-21T03:22:00Z
2022-09-06,reconstructed,293.049988,13.035,26.91,305.623797,305.520699,336.183699,False,-4.114146,-4.081789,-12.830399,78.769841,0.741909,0.892906,-27.461077,-70.565655,False,0.0,,,,,,,,,,,2026-08-21T03:22:00Z
2022-09-07,reconstructed,298.970001,13.805,24.639999,305.754197,305.046899,335.669799,False,-2.21884,-1.992119,-10.933304,67.261905,0.780152,0.873309,-25.995691,-68.826916,False,0.0,,,,,,,,,,,2026-08-21T03:22:00Z
2022-09-08,reconstructed,300.519989,14.03,23.610001,306.093796,304.667799,335.152449,False,-1.820948,-1.361421,-10.333345,62.5,0.710271,0.823123,-25.612021,-68.318844,False,0.0,,,,,,,,,,,2026-08-21T03:22:00Z
2022-09-09,reconstructed,307.089996,14.92,22.790001,306.559597,304.351799,334.691399,False,0.173017,0.899682,-8.246822,55.952381,0.758896,0.831911,-23.985741,-66.309134,False,0.0,,,,,,,,,,,2026-08-21T03:22:00Z
2022-09-12,reconstructed,310.73999,15.465,23.870001,307.168796,303.996599,334.257699,False,1.162616,2.218246,-7.035802,63.888889,0.739426,0.822973,-23.082255,-65.078469,False,0.0,,,,,,,,,,,2026-08-21T03:22:00Z
2022-09-13,reconstructed,293.700012,12.92,27.27,307.400197,303.521499,333.732399,False,-4.456791,-3.235846,-11.995355,80.952381,0.910476,0.854961,-27.300176,-70.825336,False,0.0,,,,,,,,,,,2026-08-21T03:22:00Z
2022-09-14,reconstructed,296.029999,13.21,26.16,307.581597,303.140299,333.256549,False,-3.755621,-2.345548,-11.170538,75.396825,0.921293,0.853088,-26.723432,-70.170486,False,0.0,,,,,,,,,,,2026-08-21T03:22:00Z
2022-09-15,reconstructed,291.100006,12.545,26.27,307.627597,302.797299,332.713599,False,-5.372597,-3.863077,-12.507332,76.587302,0.926907,0.847023,-27.943758,-71.672123,False,0.0,,,,,,,,,,,2026-08-21T03:22:00Z
2022-09-16,reconstructed,289.320007,12.3,26.299999,307.514397,302.394699,332.191099,False,-5.916598,-4.323717,-12.905551,76.587302,0.92233,0.848091,-28.384362,-72.225358,False,0.0,,,,,,,,,,,2026-08-21T03:22:00Z
2022-09-19,reconstructed,291.049988,12.595,25.76,307.428397,302.133799,331.710749,False,-5.327552,-3.668511,-12.257897,73.809524,0.922172,0.845058,-27.956139,-71.559218,False,0.0,,,,,,,,,,,2026-08-21T03:22:00Z
2022-09-20,reconstructed,288.730011,12.295,27.16,307.422197,301.853499,331.204849,False,-6.080298,-4.347635,-12.824341,80.15873,0.892117,0.81858,-28.530405,-72.236649,False,0.0,,,,,,,,,,,2026-08-21T03:22:00Z
2022-09-21,reconstructed,283.559998,11.62,27.99,307.368597,301.408999,330.706999,False,-7.745944,-5.921854,-14.256427,84.52381,0.903902,0.824792,-29.810143,-73.760867,False,0.0,,,,,,,,,,,2026-08-21T03:22:00Z
2022-09-22,reconstructed,280.070007,11.19,27.35,307.256997,301.077199,330.176349,False,-8.84829,-6.977344,-15.17563,81.150794,0.902979,0.806884,-30.674023,-74.731851,False,0.0,,,,,,,,,,,2026-08-21T03:22:00Z
2022-09-23,reconstructed,275.51001,10.655,29.92,307.033797,300.647499,329.564749,False,-10.267204,-8.361117,-16.401857,90.873016,0.869824,0.812677,-31.802763,-75.939935,False,0.0,,,,,,,,,,,2026-08-21T03:22:00Z
2022-09-26,reconstructed,274.369995,10.51,32.259998,306.683797,300.202999,328.938549,False,-10.536521,-8.605178,-16.589285,95.634921,0.786455,0.809996,-32.084952,-76.267359,False,0.0,,,,,,,,,,,2026-08-21T03:22:00Z
2022-09-27,reconstructed,274.480011,10.52,32.599998,306.385397,299.651799,328.342299,False,-10.413481,-8.400346,-16.40431,96.428571,0.787041,0.809219,-32.05772,-76.244777,False,0.0,,,,,,,,,,,2026-08-21T03:22:00Z
2022-09-28,reconstructed,279.940002,11.135,30.18,306.018198,299.321199,327.751949,False,-8.521779,-6.47505,-14.587845,90.873016,0.825469,0.811232,-30.706203,-74.856045,False,0.0,,,,,,,,,,,2026-08-21T03:22:00Z
2022-09-29,reconstructed,271.869995,10.195,31.84,305.394998,298.947399,327.149999,False,-10.977587,-9.057581,-16.897449,94.84127,0.866004,0.827821,-32.703779,-76.978662,False,0.0,,,,,,,,,,,2026-08-21T03:22:00Z
2022-09-30,reconstructed,267.26001,9.66,31.620001,304.592598,298.648499,326.545299,False,-12.256564,-10.510178,-18.155303,94.246032,0.87453,0.8228,-33.844893,-78.186745,False,0.0,,,,,,,,,,,2026-08-21T03:22:00Z
2022-10-03,reconstructed,273.529999,10.33,30.1,304.023398,298.376199,325.927699,False,-10.029951,-8.327139,-16.07648,90.079365,0.919929,0.836506,-32.292877,-76.673817,False,0.0,,,,,,,,,,,2026-08-21T03:22:00Z
2022-10-04,reconstructed,282.130005,11.29,29.07,303.660598,298.279099,325.404149,False,-7.090348,-5.414088,-13.298584,87.301587,0.989395,0.849887,-30.16411,-74.50604,False,0.0,,,,,,,,,,,2026-08-21T03:22:00Z
2022-10-05,reconstructed,281.980011,11.29,28.549999,303.412798,298.187399,324.889499,False,-7.063904,-5.435303,-13.20741,85.119048,0.96025,0.847865,-30.201238,-74.50604,False,0.0,,,,,,,,,,,2026-08-21T03:22:00Z
2022-10-06,reconstructed,279.76001,11.005,30.52,302.871799,297.965599,324.384849,False,-7.630882,-6.109964,-13.756758,92.063492,0.957509,0.849305,-30.750757,-75.149599,False,0.0,,,,,,,,,,,2026-08-21T03:22:00Z
2022-10-07,reconstructed,269.100006,9.75,31.360001,302.057599,297.672199,323.784299,False,-10.911029,-9.598543,-16.889112,93.849206,0.983184,0.880022,-33.389437,-77.983516,False,0.0,,,,,,,,,,,2026-08-21T03:22:00Z
2022-10-10,reconstructed,266.410004,9.445,32.450001,301.076599,297.274599,323.146599,False,-11.514211,-10.38252,-17.557541,95.833333,0.961472,0.874186,-34.055296,-78.672237,False,0.0,,,,,,,,,,,2026-08-21T03:22:00Z
2022-10-11,reconstructed,262.75,9.07,33.630001,300.026199,296.990699,322.475749,False,-12.424315,-11.529216,-18.521005,98.015873,0.806524,0.876367,-34.96126,-79.519025,False,0.0,,,,,,,,,,,2026-08-21T03:22:00Z
2022-10-12,reconstructed,262.660004,9.05,33.57,298.9928,296.721499,321.771649,False,-12.151729,-11.479281,-18.370682,97.81746,0.795487,0.855138,-34.983537,-79.564186,False,0.0,,,,,,,,,,,2026-08-21T03:22:00Z
2022-10-13,reconstructed,268.820007,9.655,31.940001,297.9114,296.522899,321.107699,False,-9.765115,-9.342581,-16.283537,94.246032,0.838966,0.860469,-33.458746,-78.198036,False,0.0,,,,,,,,,,,2026-08-21T03:22:00Z
2022-10-14,reconstructed,260.73999,8.785,32.02,296.638199,296.195499,320.403649,False,-12.101681,-11.970306,-18.621404,94.642857,0.883932,0.871533,-35.458799,-80.162584,False,0.0,,,,,,,,,,,2026-08-21T03:22:00Z
2022-10-17,reconstructed,269.350006,9.65,31.370001,295.5902,296.016599,319.748649,False,-8.87722,-9.008479,-15.761957,92.857143,0.963666,0.893293,-33.327554,-78.209327,False,0.0,,,,,,,,,,,2026-08-21T03:22:00Z
2022-10-18,reconstructed,271.480011,9.89,30.5,294.6056,295.818799,319.116799,False,-7.849677,-8.2276,-14.927697,90.47619,0.970869,0.895219,-32.800312,-77.667381,False,0.0,,,,,,,,,,,2026-08-21T03:22:00Z
2022-10-19,reconstructed,270.48999,9.77,30.76,293.6738,295.530399,318.460849,False,-7.894409,-8.47304,-15.063346,91.269841,0.955831,0.887827,-33.045373,-77.938353,False,0.0,,,,,,,,,,,2026-08-21T03:22:00Z
2022-10-20,reconstructed,269.109985,9.605,29.98,292.5374,295.130499,317.824049,False,-8.008349,-8.816613,-15.327369,87.698413,0.950079,0.846566,-33.386967,-78.310941,False,0.0,,,,,,,,,,,2026-08-21T03:22:00Z
2022-10-21,reconstructed,275.420013,10.285,29.690001,291.5642,294.801899,317.279699,False,-5.537095,-6.574546,-13.193307,86.904762,0.973678,0.858343,-31.82504,-76.775432,False,0.0,,,,,,,,,,,2026-08-21T03:22:00Z
2022-10-24,reconstructed,278.450012,10.635,29.85,290.5254,294.5264,316.75185,False,-4.156397,-5.458386,-12.092064,87.103175,0.979495,0.853063,-31.075022,-75.985096,False,0.0,,,,,,,,,,,2026-08-21T03:22:00Z
2022-10-25,reconstructed,284.209991,11.275,28.459999,289.5484,294.224699,316.2736,False,-1.843702,-3.403762,-10.137934,82.936508,1.000658,0.863757,-29.649249,-74.539913,False,0.0,,,,,,,,,,,2026-08-21T03:22:00Z
2022-10-26,reconstructed,277.929993,10.53,27.280001,288.4614,293.941999,315.7627,False,-3.65089,-5.447335,-11.981373,78.769841,1.010622,0.872756,-31.203743,-76.222198,False,0.0,,,,,,,,,,,2026-08-21T03:22:00Z
2022-10-27,reconstructed,272.869995,9.95,27.389999,287.349,293.598499,315.19795,False,-5.038822,-7.060153,-13.429007,79.563492,0.983448,0.85975,-32.456248,-77.531896,False,0.0,,,,,,,,,,,2026-08-21T03:22:00Z
2022-10-28,reconstructed,281.220001,10.85,25.75,286.3878,293.311999,314.667299,False,-1.804476,-4.122572,-10.629417,73.412698,1.011578,0.882132,-30.389364,-75.499604,False,0.0,,,,,,,,,,,2026-08-21T03:22:00Z
2022-10-31,reconstructed,277.950012,10.475,25.879999,285.489601,293.015099,314.16875,False,-2.640933,-5.141403,-11.528434,74.007937,0.994765,0.883288,-31.198787,-76.346392,False,0.0,,,,,,,,,,,2026-08-21T03:22:00Z
2022-11-01,reconstructed,275.109985,10.15,25.809999,284.704601,292.772199,313.644249,False,-3.370025,-6.03275,-12.285978,73.809524,0.941283,0.88463,-31.901782,-77.080276,False,0.0,,,,,,,,,,,2026-08-21T03:22:00Z
2022-11-02,reconstructed,265.679993,9.1,25.860001,283.736201,292.540599,313.119899,False,-6.363731,-9.181839,-15.150716,74.007937,1.005424,0.90471,-34.235996,-79.451281,False,0.0,,,,,,,,,,,2026-08-21T03:22:00Z
2022-11-03,reconstructed,260.48999,8.575,25.299999,282.6458,292.391399,312.589949,False,-7.838719,-10.910515,-16.667189,70.436508,1.018965,0.890082,-35.520682,-80.636785,False,0.0,,,,,,,,,,,2026-08-21T03:22:00Z
2022-11-04,reconstructed,264.679993,8.975,24.549999,281.5278,292.279099,312.104749,False,-5.984421,-9.442723,-15.195141,67.65873,0.960208,0.897809,-34.483527,-79.733543,False,0.0,,,,,,,,,,,2026-08-21T03:22:00Z
2022-11-07,reconstructed,267.589996,9.26,24.35,280.7308,292.126999,311.684249,False,-4.680927,-8.39943,-14.147091,67.063492,0.961127,0.891412,-33.763211,-79.089985,False,0.0,,,,,,,,,,,2026-08-21T03:22:00Z
2022-11-08,reconstructed,269.540009,9.46,25.540001,280.0334,292.108499,311.265449,False,-3.747193,-7.726064,-13.405099,71.825397,0.951485,0.891037,-33.280523,-78.638365,False,0.0,,,,,,,,,,,2026-08-21T03:22:00Z
2022-11-09,reconstructed,263.320007,8.8,26.09,279.279401,291.994799,310.856499,False,-5.71449,-9.820309,-15.292102,75.396825,0.986731,0.899263,-34.820165,-80.128711,False,0.0,,,,,,,,,,,2026-08-21T03:22:00Z
2022-11-10,reconstructed,282.75,10.725,23.530001,278.949001,292.011499,310.547399,False,1.362614,-3.171621,-8.951097,62.5,1.237716,1.013928,-30.010642,-75.781867,False,0.0,,,,,,,,,,,2026-08-21T03:22:00Z
2022-11-11,reconstructed,287.959991,11.335,22.52,278.720201,292.084399,310.281699,False,3.315077,-1.41206,-7.194014,54.166667,1.192262,1.022045,-28.721008,-74.404426,False,0.0,,,,,,,,,,,2026-08-21T03:22:00Z
2022-11-14,reconstructed,285.440002,11.035,23.73,278.525601,292.090299,309.949899,False,2.482501,-2.276795,-7.907696,63.293651,1.158808,1.017141,-29.344783,-75.081856,False,0.0,,,,,,,,,,,2026-08-21T03:22:00Z
2022-11-15,reconstructed,289.390015,11.48,24.540001,278.452401,292.038099,309.5816,False,3.928001,-0.90676,-6.522217,68.055556,1.162882,1.009954,-28.367033,-74.077002,False,0.0,,,,,,,,,,,2026-08-21T03:22:00Z
2022-11-16,reconstructed,285.440002,11.015,24.110001,278.181801,291.967999,309.1812,False,2.609157,-2.23586,-7.678732,65.873016,1.17432,1.012745,-29.344783,-75.127017,False,0.0,,,,,,,,,,,2026-08-21T03:22:00Z
2022-11-17,reconstructed,284.809998,10.93,23.93,277.867601,291.980699,308.7628,False,2.498455,-2.455882,-7.757671,64.484127,1.17214,1.012448,-29.500729,-75.318956,False,0.0,,,,,,,,,,,2026-08-21T03:22:00Z
2022-11-18,reconstructed,284.820007,10.92,23.120001,277.422202,291.990899,308.41915,False,2.666624,-2.455861,-7.651646,58.928571,1.149377,1.00543,-29.498251,-75.341538,False,0.0,,,,,,,,,,,2026-08-21T03:22:00Z
2022-11-21,reconstructed,281.890015,10.59,22.360001,276.845202,292.006999,308.03855,False,1.82225,-3.464638,-8.488722,52.97619,1.150753,0.977401,-30.135321,-75.569525,False,0.0,,,,,,,,,,,2026-08-21T03:22:00Z
2022-11-22,reconstructed,285.950012,11.035,21.290001,276.690202,292.045199,307.69265,False,3.346635,-2.08707,-7.066349,43.849206,1.140368,0.980291,-29.129076,-74.542938,False,0.0,,,,,,,,,,,2026-08-21T03:22:00Z
2022-11-23,reconstructed,288.820007,11.365,20.35,276.546002,292.063799,307.34115,False,4.438323,-1.110645,-6.026249,37.698413,1.115844,0.980448,-28.417766,-73.781649,False,0.0,,,,,,,,,,,2026-08-21T03:22:00Z
2022-11-25,reconstructed,286.920013,11.13,20.5,276.462402,292.045,306.9421,False,3.782652,-1.754862,-6.523083,37.896825,1.097378,0.980627,-28.888667,-74.323778,False,0.0,,,,,,,,,,,2026-08-21T03:22:00Z
2022-11-28,reconstructed,282.709991,10.64,22.209999,276.330202,291.922299,306.5635,False,2.308756,-3.15574,-7.780936,52.777778,1.066369,0.984402,-29.932095,-75.454178,False,0.0,,,,,,,,,,,2026-08-21T03:22:00Z
2022-11-29,reconstructed,280.570007,10.385,21.889999,276.120602,291.7745,306.23105,False,1.611399,-3.84012,-8.379634,50.198413,1.062332,0.982067,-30.462477,-76.042447,False,0.0,,,,,,,,,,,2026-08-21T03:22:00Z
2022-11-30,reconstructed,293.359985,11.78,20.58,276.213202,291.817699,305.9604,False,6.207807,0.52851,-4.118316,38.492063,1.153288,1.02011,-27.29256,-72.82427,False,0.0,,,,,,,,,,,2026-08-21T03:22:00Z
2022-12-01,reconstructed,293.720001,11.845,19.84,276.416402,291.892499,305.64835,False,6.259976,0.626087,-3.902638,34.920635,1.073417,1.012814,-27.203333,-72.674317,False,0.0,,,,,,,,,,,2026-08-21T03:22:00Z
2022-12-02,reconstructed,292.549988,11.705,19.059999,276.666002,291.961499,305.3309,False,5.741214,0.201564,-4.185922,29.166667,1.043999,1.012452,-27.493313,-72.997289,False,0.0,,,,,,,,,,,2026-08-21T03:22:00Z
2022-12-05,reconstructed,287.640015,11.115,20.75,276.908602,291.971199,305.04185,False,3.875435,-1.483429,-5.704737,40.277778,1.064796,1.008359,-28.710219,-74.358383,False,0.0,,,,,,,,,,,2026-08-21T03:22:00Z
2022-12-06,reconstructed,281.679993,10.41,22.17,277.054802,291.869299,304.7427,False,1.669414,-3.491051,-7.567928,52.18254,1.095402,1.012447,-30.187374,-75.984774,False,0.0,,,,,,,,,,,2026-08-21T03:22:00Z
2022-12-07,reconstructed,280.529999,10.285,22.68,277.175801,291.780599,304.45495,False,1.210134,-3.855843,-7.858289,55.15873,1.096352,0.956212,-30.472392,-76.273142,False,0.0,,,,,,,,,,,2026-08-21T03:22:00Z
2022-12-08,reconstructed,283.850006,10.65,22.290001,277.254001,291.6361,304.2271,False,2.379048,-2.669798,-6.697988,52.777778,1.06265,0.958012,-29.649549,-75.43111,False,0.0,,,,,,,,,,,2026-08-21T03:22:00Z
2022-12-09,reconstructed,282.040009,10.445,22.83,277.457402,291.4262,303.93485,False,1.651643,-3.220778,-7.203794,56.349206,0.731334,0.953397,-30.098146,-75.904032,False,0.0,,,,,,,,,,,2026-08-21T03:22:00Z
2022-12-12,reconstructed,285.579987,10.825,25.0,277.823801,291.208199,303.6339,False,2.791764,-1.932711,-5.945948,69.84127,0.713464,0.955721,-29.220784,-75.027395,False,0.0,,,,,,,,,,,2026-08-21T03:22:00Z
2022-12-13,reconstructed,288.649994,11.165,22.549999,278.126201,291.074799,303.34315,False,3.783819,-0.833052,-4.843741,54.166667,0.716037,0.956651,-28.459902,-74.243036,False,0.0,,,,,,,,,,,2026-08-21T03:22:00Z
2022-12-14,reconstructed,286.51001,10.9,21.139999,278.213801,290.9372,303.06825,False,2.981954,-1.5217,-5.463535,42.261905,0.706029,0.956642,-28.990284,-74.854375,False,0.0,,,,,,,,,,,2026-08-21T03:22:00Z
2022-12-15,reconstructed,276.890015,9.82,22.83,278.112001,290.7624,302.7166,False,-0.439387,-4.771038,-8.531605,56.746032,0.775911,0.971586,-31.37454,-77.345868,False,0.0,,,,,,,,,,,2026-08-21T03:22:00Z
2022-12-16,reconstructed,274.25,9.53,22.620001,278.001801,290.4368,302.37655,False,-1.34956,-5.573261,-9.301829,54.761905,0.780918,0.970524,-32.028851,-78.01488,False,0.0,,,,,,,,,,,2026-08-21T03:22:00Z
2022-12-19,reconstructed,269.75,9.135,22.42,278.014801,290.0362,302.0388,False,-2.972792,-6.994368,-10.690282,53.373016,0.790815,0.969297,-33.144148,-78.92612,False,0.0,,,,,,,,,,,2026-08-21T03:22:00Z
2022-12-20,reconstructed,269.540009,9.095,21.48,278.077401,289.577,301.7622,False,-3.07015,-6.9194,-10.678008,45.634921,0.786374,0.968959,-33.196193,-79.018397,False,0.0,,,,,,,,,,,2026-08-21T03:22:00Z
2022-12-21,reconstructed,273.450012,9.49,20.07,278.291401,289.1588,301.5127,False,-1.739683,-5.432582,-9.307299,36.904762,0.787541,0.973156,-32.227123,-78.107158,False,0.0,,,,,,,,,,,2026-08-21T03:22:00Z
2022-12-22,reconstructed,266.76001,8.77,21.969999,278.373401,288.683101,301.17155,False,-4.171875,-7.594172,-11.425893,50.992063,0.812051,0.977667,-33.885198,-79.768152,False,0.0,,,,,,,,,,,2026-08-21T03:22:00Z
2022-12-23,reconstructed,267.359985,8.795,20.870001,278.344201,288.1278,300.852,False,-3.946271,-7.207848,-11.132389,41.269841,0.812877,0.962545,-33.736498,-79.710479,False,0.0,,,,,,,,,,,2026-08-21T03:22:00Z
2022-12-27,reconstructed,263.579987,8.42,21.65,278.401001,287.5196,300.5479,False,-5.323621,-8.326254,-12.300174,48.015873,0.812133,0.960494,-34.380604,-80.344325,False,0.0,,,,,,,,,,,2026-08-21T03:22:00Z
2022-12-28,reconstructed,260.100006,8.08,22.139999,278.216001,286.9031,300.25755,False,-6.511486,-9.342211,-13.374366,51.984127,0.817837,0.952684,-35.24696,-81.113774,False,0.0,,,,,,,,,,,2026-08-21T03:22:00Z
2022-12-29,reconstructed,266.440002,8.65,21.440001,278.115201,286.3604,299.949,False,-4.197972,-6.956408,-11.171565,45.833333,0.688364,0.944185,-33.66859,-79.781454,False,0.0,,,,,,,,,,,2026-08-21T03:22:00Z
2022-12-30,reconstructed,266.279999,8.65,21.67,278.031001,285.852401,299.5788,False,-4.226508,-6.847031,-11.115206,48.809524,0.68652,0.944185,-33.708424,-79.781454,False,0.0,,,,,,,,,,,2026-08-21T03:22:00Z
2023-01-03,reconstructed,264.480011,8.455,22.9,277.938401,285.237901,299.179,False,-4.842221,-7.277395,-11.59807,58.134921,0.68698,0.943927,-34.156539,-80.237247,False,0.0,,,,,,,,,,,2026-08-21T03:22:00Z
2023-01-04,reconstructed,265.73999,8.585,22.01,277.744801,284.654501,298.75025,False,-4.322245,-6.644726,-11.04945,51.785714,0.681971,0.915557,-32.973494,-79.122081,False,0.0,,,,,,,,,,,2026-08-21T03:22:00Z
2023-01-05,reconstructed,261.579987,8.18,22.459999,277.407401,283.9664,298.30775,False,-5.705476,-7.883473,-12.312038,54.761905,0.667993,0.918412,-32.469348,-78.569555,False,0.0,,,,,,,,,,,2026-08-21T03:22:00Z
2023-01-06,reconstructed,268.799988,8.82,21.129999,277.0992,283.3238,297.86695,False,-2.995033,-5.126224,-9.758371,42.65873,0.739412,0.928821,-30.6054,-76.892847,False,0.0,,,,,,,,,,,2026-08-21T03:22:00Z
2023-01-09,reconstructed,270.540009,9.005,21.969999,276.951401,282.7064,297.4605,False,-2.314988,-4.303543,-9.050106,51.785714,0.730188,0.929677,-30.156188,-76.408173,False,0.0,,,,,,,,,,,2026-08-21T03:22:00Z
2023-01-10,reconstructed,272.829987,9.245,20.58,276.950601,282.1498,297.0264,False,-1.487852,-3.303144,-8.146217,39.285714,0.738392,0.921229,-29.564997,-75.779407,False,0.0,,,,,,,,,,,2026-08-21T03:22:00Z
2023-01-11,reconstructed,277.549988,9.705,21.09,276.8772,281.6325,296.6174,False,0.242991,-1.449589,-6.428285,42.65873,0.749784,0.906703,-28.346461,-74.574272,False,0.0,,,,,,,,,,,2026-08-21T03:22:00Z
2023-01-12,reconstructed,279.049988,9.855,18.83,276.8992,281.1944,296.1881,False,0.77674,-0.762609,-5.786226,27.97619,0.741781,0.885161,-27.959214,-74.181294,False,0.0,,,,,,,,,,,2026-08-21T03:22:00Z
2023-01-13,reconstructed,280.970001,10.05,18.35,277.0164,280.8605,295.737,False,1.427208,0.038988,-4.993288,23.809524,0.743423,0.884656,-26.062474,-72.032838,False,0.0,,,,,,,,,,,2026-08-21T03:22:00Z
2023-01-17,reconstructed,281.540009,10.105,19.360001,277.3336,280.534901,295.30925,False,1.516732,0.358283,-4.662652,31.150794,0.651102,0.884213,-25.912476,-71.879785,False,0.0,,,,,,,,,,,2026-08-21T03:22:00Z
2023-01-18,reconstructed,277.880005,9.73,20.34,277.681401,280.1636,294.88595,False,0.071522,-0.815094,-5.766957,38.888889,0.656539,0.887028,-25.138069,-70.820215,False,0.0,,,,,,,,,,,2026-08-21T03:22:00Z
2023-01-19,reconstructed,275.149994,9.425,20.52,277.890801,279.709301,294.45245,False,-0.986289,-1.630016,-6.555373,39.484127,0.648635,0.877695,-25.873544,-70.775193,False,0.0,,,,,,,,,,,2026-08-21T03:22:00Z
2023-01-20,reconstructed,282.679993,10.195,19.85,278.192601,279.4617,294.01935,False,1.613052,1.151604,-3.85667,36.111111,0.706192,0.890926,-23.844934,-68.387598,False,0.0,,,,,,,,,,,2026-08-21T03:22:00Z
2023-01-23,reconstructed,288.959991,10.865,19.809999,278.581,279.3072,293.65865,False,3.725664,3.455976,-1.600041,35.714286,0.725745,0.892574,-22.153078,-66.310078,False,0.0,,,,,,,,,,,2026-08-21T03:22:00Z
2023-01-24,reconstructed,288.369995,10.8,19.200001,279.082,279.1807,293.3342,False,3.328052,3.291522,-1.692338,30.357143,0.65817,0.88175,-22.312025,-66.511627,False,0.0,,,,,,,,,,,2026-08-21T03:22:00Z
2023-01-25,reconstructed,287.730011,10.72,19.08,279.1816,279.065301,293.00235,False,3.061953,3.104904,-1.799419,29.761905,0.660911,0.873973,-22.484439,-66.759689,False,0.0,,,,,,,,,,,2026-08-21T03:22:00Z
2023-01-26,reconstructed,293.339996,11.34,18.73,279.2892,279.004701,292.7233,False,5.030913,5.138012,0.210676,27.18254,0.649383,0.862462,-20.973088,-64.837209,True,0.539,,,,,,,,,,,2026-08-21T03:22:00Z
2023-01-27,reconstructed,296.26001,11.665,18.51,279.505601,279.015601,292.50015,False,5.994302,6.180446,1.285421,24.801587,0.615556,0.860702,-20.186425,-63.829457,True,0.5686,,,,,,,,,,,2026-08-21T03:22:00Z
2023-01-30,reconstructed,290.269989,10.965,19.940001,279.5232,278.987801,292.25425,False,3.844686,4.043972,-0.67895,37.698413,0.644949,0.867645,-21.80016,-66.0,False,0.0,,,,,,,,,,,2026-08-21T03:22:00Z
2023-01-31,reconstructed,294.619995,11.455,19.4,279.7068,278.944301,291.9956,False,5.331724,5.61965,0.898779,32.936508,0.652735,0.842994,-20.628252,-64.48062,True,0.5362,,,,,,,,,,,2026-08-21T03:22:00Z
2023-02-01,reconstructed,300.920013,12.195,17.870001,280.029,278.948301,291.80805,False,7.460303,7.876625,3.122588,20.039683,0.659628,0.841294,-18.931003,-62.186047,True,0.5306,,,,,,,,,,,2026-08-21T03:22:00Z
2023-02-02,reconstructed,311.720001,13.455,18.73,280.567,278.994601,291.6732,False,11.103587,11.729761,6.873035,27.777778,0.723478,0.860439,-16.021445,-58.27907,True,0.4838,,,,,,,,,,,2026-08-21T03:22:00Z
2023-02-03,reconstructed,306.179993,12.76,18.33,281.0528,278.949001,291.4728,False,8.940382,9.761997,5.04582,24.007937,0.729446,0.867619,-17.513944,-59.492063,True,0.4798,,,,,,,,,,,2026-08-21T03:22:00Z
2023-02-06,reconstructed,303.589996,12.435,19.43,281.405599,279.047901,291.2847,False,7.883424,8.79494,4.224491,33.730159,0.718981,0.869543,-18.211699,-60.523808,True,0.4868,,,,,,,,,,,2026-08-21T03:22:00Z
2023-02-07,reconstructed,309.880005,13.205,18.66,281.826799,279.186401,291.16335,False,9.954059,10.993947,6.428232,26.785714,0.735517,0.862395,-16.517147,-58.079365,True,0.4759,,,,,,,,,,,2026-08-21T03:22:00Z
2023-02-08,reconstructed,304.369995,12.495,19.629999,282.175799,279.319101,291.0582,False,7.865379,8.968558,4.573585,36.111111,0.780375,0.751962,-18.001564,-60.333334,True,0.4485,,,,,,,,,,,2026-08-21T03:22:00Z
2023-02-09,reconstructed,301.679993,12.16,20.709999,282.555199,279.442701,290.9187,False,6.768516,7.957729,3.699072,44.047619,0.784168,0.746192,-18.726261,-61.396826,True,0.4463,,,,,,,,,,,2026-08-21T03:22:00Z
2023-02-10,reconstructed,299.700012,11.91,20.530001,282.937799,279.529201,290.8315,False,5.924346,7.215994,3.049364,42.460317,0.792729,0.745319,-19.259676,-61.930638,True,0.4415,,,,,,,,,,,2026-08-21T03:22:00Z
2023-02-13,reconstructed,304.5,12.475,20.34,283.160599,279.686901,290.7702,False,7.536148,8.871742,4.721873,41.865079,0.802953,0.747008,-17.966541,-60.124659,True,0.4359,,,,,,,,,,,2026-08-21T03:22:00Z
2023-02-14,reconstructed,306.75,12.745,18.91,283.421199,279.918801,290.6639,False,8.231142,9.585351,5.534261,30.555556,0.803245,0.742585,-17.360382,-59.261627,True,0.4357,,,,,,,,,,,2026-08-21T03:22:00Z
2023-02-15,reconstructed,309.100006,13.03,18.23,283.7522,280.209101,290.64315,False,8.933078,10.310481,6.35035,23.412698,0.781613,0.743203,-16.727281,-58.350648,True,0.4478,,,,,,,,,,,2026-08-21T03:22:00Z
2023-02-16,reconstructed,303.299988,12.285,20.17,284.065399,280.487,290.56725,False,6.771183,8.133349,4.382028,40.873016,0.807254,0.753662,-18.289828,-60.73198,True,0.4336,,,,,,,,,,,2026-08-21T03:22:00Z
2023-02-17,reconstructed,301.160004,12.02,20.02,284.454999,280.754901,290.47895,False,5.872635,7.267942,3.677049,40.277778,0.775949,0.752238,-18.866348,-61.57903,True,0.4511,,,,,,,,,,,2026-08-21T03:22:00Z
2023-02-21,reconstructed,294.029999,11.175,22.870001,284.724999,280.9504,290.3011,False,3.268065,4.655483,1.284494,61.111111,0.794965,0.76263,-20.787199,-64.280006,True,0.4403,,,,,,,,,,,2026-08-21T03:22:00Z
2023-02-22,reconstructed,294.25,11.185,22.290001,284.932999,281.0935,290.20735,False,3.269892,4.680471,1.393021,56.944444,0.794356,0.760301,-20.72793,-64.248041,True,0.4406,,,,,,,,,,,2026-08-21T03:22:00Z
2023-02-23,reconstructed,296.820007,11.465,21.139999,285.228599,281.343,290.1452,False,4.063901,5.501117,2.300506,48.214286,0.797097,0.760545,-20.03556,-63.353044,True,0.4391,,,,,,,,,,,2026-08-21T03:22:00Z
2023-02-24,reconstructed,291.850006,10.885,21.67,285.354,281.5889,290.1187,False,2.276473,3.644002,0.596758,52.777778,0.79388,0.762344,-21.374497,-65.206967,True,0.4409,,,,,,,,,,,2026-08-21T03:22:00Z
2023-02-27,reconstructed,293.940002,11.12,20.950001,285.4598,281.793,290.0846,False,2.970717,4.310612,1.329061,46.825397,0.790783,0.76156,-20.811444,-64.45581,True,0.4426,,,,,,,,,,,2026-08-21T03:22:00Z
2023-02-28,reconstructed,293.559998,11.065,20.700001,285.6008,281.9073,290.0932,False,2.786826,4.133521,1.195063,45.039683,0.760048,0.710153,-20.913819,-64.631614,True,0.4605,,,,,,,,,,,2026-08-21T03:22:00Z
2023-03-01,reconstructed,291.200012,10.795,20.58,285.887,281.9995,290.09345,False,1.858431,3.262599,0.38145,44.246032,0.74748,0.711794,-21.549608,-65.494646,True,0.4682,,,,,,,,,,,2026-08-21T03:22:00Z
2023-03-02,reconstructed,293.609985,11.055,19.59,286.274199,282.138,290.0518,False,2.562503,4.06609,1.226741,35.714286,0.712683,0.71317,-20.900352,-64.663576,True,0.4911,,,,,,,,,,,2026-08-21T03:22:00Z
2023-03-03,reconstructed,299.679993,11.73,18.49,286.872799,282.4438,290.058,False,4.464415,6.102521,3.317265,25.396825,0.640442,0.716074,-19.265069,-62.505995,True,0.5465,,,,,,,,,,,2026-08-21T03:22:00Z
2023-03-06,reconstructed,300.019989,11.78,18.610001,287.482399,282.7799,290.02725,False,4.361168,6.096646,3.445448,26.587302,0.618009,0.703017,-19.173473,-62.346173,True,0.5663,,,,,,,,,,,2026-08-21T03:22:00Z
2023-03-07,reconstructed,296.339996,11.34,19.59,287.940198,283.1158,290.05325,False,2.917202,4.67095,2.167446,36.309524,0.62507,0.707238,-20.164877,-63.752596,True,0.5599,,,,,,,,,,,2026-08-21T03:22:00Z
2023-03-08,reconstructed,297.820007,11.495,19.110001,288.561398,283.4674,290.09445,False,3.20854,5.06323,2.663118,31.944444,0.579527,0.704312,-19.766156,-63.257152,True,0.6039,,,,,,,,,,,2026-08-21T03:22:00Z
2023-03-09,reconstructed,292.660004,10.89,22.610001,289.067399,283.7058,290.11435,False,1.242826,3.156158,0.877466,60.714286,0.578305,0.711943,-21.156281,-65.190985,True,0.6052,,,,,,,,,,,2026-08-21T03:22:00Z
2023-03-10,reconstructed,288.549988,10.44,24.799999,289.566799,283.9839,290.0897,False,-0.351149,1.607869,-0.530771,72.222222,0.587382,0.713576,-22.263535,-66.629376,False,0.0,,,,,,,,,,,2026-08-21T03:22:00Z
2023-03-13,reconstructed,290.690002,10.665,26.52,290.178599,284.1973,290.10695,False,0.176238,2.284576,0.200979,78.968254,0.593421,0.71203,-21.687007,-65.910181,True,0.5898,,,,,,,,,,,2026-08-21T03:22:00Z
2023-03-14,reconstructed,297.369995,11.39,23.73,290.797198,284.4562,290.1375,False,2.260268,4.539819,2.492782,66.468254,0.621246,0.723564,-19.887391,-63.592775,True,0.5634,,,,,,,,,,,2026-08-21T03:22:00Z
2023-03-15,reconstructed,298.929993,11.555,26.139999,291.450198,284.7406,290.1355,False,2.566406,4.98327,3.031168,77.18254,0.617868,0.692742,-19.467122,-63.065366,True,0.5665,,,,,,,,,,,2026-08-21T03:22:00Z
2023-03-16,reconstructed,306.809998,12.47,22.99,292.296798,285.1176,290.12405,False,4.965227,7.608228,5.751315,63.293651,0.680024,0.706203,-17.344218,-60.140641,True,0.5147,,,,,,,,,,,2026-08-21T03:22:00Z
2023-03-17,reconstructed,305.359985,12.285,25.51,293.089198,285.417,290.109449,False,4.186707,6.987315,5.256821,73.214286,0.649841,0.700738,-17.734857,-60.73198,True,0.5386,,,,,,,,,,,2026-08-21T03:22:00Z
2023-03-20,reconstructed,305.970001,12.415,24.15,293.976998,285.692199,290.109299,False,4.079572,7.097779,5.467147,68.452381,0.645171,0.700472,-17.570517,-60.316446,True,0.5425,,,,,,,,,,,2026-08-21T03:22:00Z
2023-03-21,reconstructed,310.339996,12.94,21.379999,294.807798,285.953499,290.089099,False,5.268584,8.528134,6.980923,50.793651,0.599034,0.700216,-16.393223,-58.638326,True,0.5843,,,,,,,,,,,2026-08-21T03:22:00Z
2023-03-22,reconstructed,306.119995,12.34,22.26,295.519398,286.235399,290.088699,False,3.587107,6.946938,5.526343,57.142857,0.629231,0.687963,-17.530108,-60.556176,True,0.5562,,,,,,,,,,,2026-08-21T03:22:00Z
2023-03-23,reconstructed,309.75,12.78,22.610001,296.257798,286.6042,290.101349,False,4.55421,8.075876,6.77303,59.325397,0.634674,0.690475,-16.552171,-59.149753,True,0.5515,,,,,,,,,,,2026-08-21T03:22:00Z
2023-03-24,reconstructed,310.890015,12.91,21.74,296.924599,286.9009,290.106449,False,4.703354,8.361464,7.164117,52.97619,0.598166,0.682642,-16.245046,-58.734218,True,0.5851,,,,,,,,,,,2026-08-21T03:22:00Z
2023-03-27,reconstructed,308.76001,12.645,20.6,297.518799,287.209,290.112049,True,3.778319,7.503598,6.427848,44.444444,0.605269,0.677822,-16.818878,-59.581267,True,0.5783,,,,,,,,,,,2026-08-21T03:22:00Z
2023-03-28,reconstructed,307.119995,12.435,19.969999,298.041799,287.5291,290.150649,True,3.045947,6.813535,5.84846,40.079365,0.609754,0.66713,-17.260704,-60.252516,True,0.574,,,,,,,,,,,2026-08-21T03:22:00Z
2023-03-29,reconstructed,312.720001,13.115,19.120001,298.665399,287.9995,290.270049,True,4.705802,8.583522,7.734161,31.746032,0.621034,0.674082,-15.752041,-58.078952,True,0.5636,,,,,,,,,,,2026-08-21T03:22:00Z
2023-03-30,reconstructed,315.679993,13.47,19.02,299.421399,288.5514,290.471399,True,5.430004,9.40165,8.678511,31.150794,0.621989,0.672197,-14.51936,-56.230705,True,0.5627,,,,,,,,,,,2026-08-21T03:22:00Z
2023-03-31,reconstructed,320.929993,14.13,18.700001,300.336999,289.1139,290.696499,True,6.856629,11.004692,10.400364,28.174603,0.61039,0.677144,-13.097752,-54.086108,True,0.5734,,,,,,,,,,,2026-08-21T03:22:00Z
2023-04-03,reconstructed,320.149994,14.03,18.549999,301.086399,289.6395,290.883249,True,6.331603,10.533955,10.061337,25.595238,0.613136,0.6678,-13.308962,-54.411048,True,0.5708,,,,,,,,,,,2026-08-21T03:22:00Z
2023-04-04,reconstructed,319.070007,13.89,19.0,301.688599,290.1348,291.121649,True,5.761374,9.973022,9.600233,31.150794,0.592767,0.653559,-13.601403,-54.865961,True,0.5905,,,,,,,,,,,2026-08-21T03:22:00Z
2023-04-05,reconstructed,315.920013,13.445,19.08,302.2396,290.6608,291.327799,True,4.526347,8.690272,8.441424,31.746032,0.611781,0.658224,-12.511767,-53.218511,True,0.5721,,,,,,,,,,,2026-08-21T03:22:00Z
2023-04-06,reconstructed,318.049988,13.715,18.4,302.845999,291.0138,291.512649,True,5.02037,9.290346,9.103323,24.206349,0.568209,0.657546,-10.180745,-49.250693,True,0.616,,,,,,,,,,,2026-08-21T03:22:00Z
2023-04-10,reconstructed,317.869995,13.685,18.969999,303.336599,291.3129,291.698649,True,4.791178,9.116347,8.972049,30.555556,0.535348,0.651858,-10.231576,-49.3617,True,0.6538,,,,,,,,,,,2026-08-21T03:22:00Z
2023-04-11,reconstructed,315.829987,13.42,19.1,303.727999,291.6168,291.853549,True,3.984482,8.303084,8.215229,31.746032,0.547416,0.653732,-9.543179,-48.225309,True,0.6394,,,,,,,,,,,2026-08-21T03:22:00Z
2023-04-12,reconstructed,313.040009,13.065,19.09,304.183399,291.8533,291.945699,True,2.911602,7.259369,7.225422,31.547619,0.521608,0.656426,-9.617438,-48.144474,True,0.671,,,,,,,,,,,2026-08-21T03:22:00Z
2023-04-13,reconstructed,319.170013,13.815,17.799999,304.674399,292.1906,292.079299,True,4.757739,9.233498,9.275123,18.849206,0.550786,0.665084,-7.847551,-45.167693,True,0.6355,,,,,,,,,,,2026-08-21T03:22:00Z
2023-04-14,reconstructed,318.570007,13.735,17.07,305.027399,292.5282,292.254449,True,4.439801,8.902324,9.004331,12.896825,0.487182,0.65947,-8.020788,-45.485216,True,0.7184,,,,,,,,,,,2026-08-21T03:22:00Z
2023-04-17,reconstructed,318.839996,13.75,16.950001,305.169799,292.8684,292.429649,True,4.479538,8.868009,9.031351,11.904762,0.481707,0.654832,-7.918909,-45.175438,True,0.7266,,,,,,,,,,,2026-08-21T03:22:00Z
2023-04-18,reconstructed,318.859985,13.76,16.83,305.423399,293.238099,292.622549,True,4.399331,8.737571,8.966307,11.111111,0.481756,0.636218,-7.913136,-45.135565,True,0.7265,,,,,,,,,,,2026-08-21T03:22:00Z
2023-04-19,reconstructed,318.709991,13.73,16.459999,305.725799,293.565699,292.805449,True,4.247006,8.565133,8.847015,8.730159,0.462294,0.624002,-7.956454,-45.255185,True,0.7571,,,,,,,,,,,2026-08-21T03:22:00Z
2023-04-20,reconstructed,316.279999,13.41,17.17,305.853799,293.840299,292.952049,True,3.408884,7.636699,7.963061,13.888889,0.435882,0.62627,-7.306349,-44.008353,True,0.803,,,,,,,,,,,2026-08-21T03:22:00Z
2023-04-21,reconstructed,316.609985,13.435,16.77,306.098599,294.137199,293.091099,True,3.433987,7.64024,8.024429,10.912698,0.420084,0.625813,-5.249142,-40.408071,True,0.8332,,,,,,,,,,,2026-08-21T03:22:00Z
2023-04-24,reconstructed,315.950012,13.355,16.889999,306.383999,294.469599,293.195949,True,3.12223,7.294611,7.760702,11.904762,0.420245,0.616185,-5.137208,-37.955866,True,0.8328,,,,,,,,,,,2026-08-21T03:22:00Z
2023-04-25,reconstructed,309.98999,12.6,18.76,306.589799,294.763799,293.269149,True,1.109036,5.165557,5.701534,28.373016,0.463119,0.625963,-6.926682,-41.463412,True,0.7557,,,,,,,,,,,2026-08-21T03:22:00Z
2023-04-26,reconstructed,311.869995,12.81,18.84,306.737198,294.948899,293.383299,True,1.673353,5.736959,6.301209,29.563492,0.462141,0.613089,-6.362218,-39.202655,True,0.7573,,,,,,,,,,,2026-08-21T03:22:00Z
2023-04-27,reconstructed,320.350006,13.845,17.030001,307.009199,295.215199,293.553849,True,4.34541,8.514063,9.128191,13.293651,0.508661,0.627785,-3.816127,-34.290458,True,0.6881,,,,,,,,,,,2026-08-21T03:22:00Z
2023-04-28,reconstructed,322.559998,14.125,15.78,307.278398,295.515299,293.738399,True,4.97321,9.151708,9.811995,2.97619,0.504967,0.615941,-3.152585,-32.961556,True,0.6931,,,,,,,,,,,2026-08-21T03:22:00Z
2023-05-01,reconstructed,322.190002,14.085,16.08,307.656199,295.860799,293.915999,True,4.724041,8.899186,9.619756,4.166667,0.474755,0.579575,-3.263675,-33.151399,True,0.7372,,,,,,,,,,,2026-08-21T03:22:00Z
2023-05-02,reconstructed,319.380005,13.71,17.780001,308.020599,296.237799,294.053549,True,3.687872,7.812037,8.612872,18.849206,0.483746,0.572006,-4.107366,-34.931181,True,0.7235,,,,,,,,,,,2026-08-21T03:22:00Z
2023-05-03,reconstructed,317.290009,13.44,18.34,308.485799,296.605399,294.192999,True,2.854008,6.97378,7.850972,23.015873,0.487427,0.57095,-4.734879,-36.212626,True,0.7181,,,,,,,,,,,2026-08-21T03:22:00Z
2023-05-04,reconstructed,316.170013,13.29,20.09,308.924199,296.928599,294.282349,True,2.345499,6.480149,7.437641,40.873016,0.475397,0.55764,-5.071154,-36.924537,True,0.7362,,,,,,,,,,,2026-08-21T03:22:00Z
2023-05-05,reconstructed,322.890015,14.105,17.190001,309.445599,297.337099,294.381649,True,4.344678,8.593921,9.684152,15.079365,0.519211,0.559496,-3.053499,-27.462074,True,0.6741,,,,,,,,,,,2026-08-21T03:22:00Z
2023-05-08,reconstructed,323.690002,14.22,16.98,310.082399,297.718199,294.463199,True,4.388383,8.72362,9.925452,13.293651,0.519429,0.556218,-2.813305,-26.870658,True,0.6738,,,,,,,,,,,2026-08-21T03:22:00Z
2023-05-09,reconstructed,321.640015,13.945,17.709999,310.6364,298.0481,294.56145,True,3.542281,7.915472,9.192841,18.452381,0.519415,0.556,-3.428807,-28.284907,True,0.6738,,,,,,,,,,,2026-08-21T03:22:00Z
2023-05-10,reconstructed,325.140015,14.395,16.940001,311.268,298.4344,294.6858,True,4.456614,8.948571,10.33447,12.5,0.517944,0.551701,-2.377945,-25.970683,True,0.6757,,,,,,,,,,,2026-08-21T03:22:00Z
2023-05-11,reconstructed,326.200012,14.515,16.93,311.968,298.9275,294.84495,True,4.56201,9.123454,10.634424,12.5,0.480474,0.550451,-2.059685,-25.353558,True,0.7284,,,,,,,,,,,2026-08-21T03:22:00Z
2023-05-12,reconstructed,325.029999,14.365,17.030001,312.5964,299.4353,294.93605,True,3.977525,8.547656,10.203551,14.285714,0.481833,0.549555,-2.410977,-26.124968,True,0.7264,,,,,,,,,,,2026-08-21T03:22:00Z
2023-05-15,reconstructed,326.790009,14.585,17.120001,313.1386,300.0057,295.02095,True,4.359542,8.927933,10.768408,15.277778,0.483854,0.536009,-1.88254,-24.99357,True,0.7234,,,,,,,,,,,2026-08-21T03:22:00Z
2023-05-16,reconstructed,327.160004,14.64,17.99,313.681401,300.5819,295.07945,True,4.296909,8.842217,10.871836,22.420635,0.483753,0.533473,-1.771451,-24.71072,True,0.7235,,,,,,,,,,,2026-08-21T03:22:00Z
2023-05-17,reconstructed,331.119995,15.165,16.870001,314.377001,301.1586,295.1587,True,5.325769,9.94871,12.183715,12.103175,0.496467,0.514481,-0.582478,-22.010799,True,0.705,,,,,,,,,,,2026-08-21T03:22:00Z
2023-05-18,reconstructed,337.269989,15.98,16.049999,315.166,301.863699,295.2734,True,7.013443,11.729231,14.22295,4.166667,0.512374,0.523728,0.0,-17.819492,True,0.6831,,,,,,,,,,,2026-08-21T03:22:00Z
2023-05-19,reconstructed,336.51001,15.87,16.809999,316.043,302.5552,295.3415,True,6.47602,11.222683,13.939291,11.904762,0.51499,0.522986,-0.225333,-18.385188,True,0.6796,,,,,,,,,,,2026-08-21T03:22:00Z
2023-05-22,reconstructed,337.640015,16.035,17.209999,317.024801,303.2958,295.4077,True,6.502713,11.32367,14.296281,16.865079,0.512015,0.509583,0.0,-17.536641,True,0.6836,,,,,,,,,,,2026-08-21T03:22:00Z
2023-05-23,reconstructed,333.359985,15.415,18.530001,317.878201,304.0284,295.46575,True,4.870351,9.647647,12.825255,26.785714,0.484565,0.51711,-1.267631,-20.725121,True,0.7223,,,,,,,,,,,2026-08-21T03:22:00Z
2023-05-24,reconstructed,331.649994,15.165,20.030001,318.563801,304.6805,295.52045,True,4.107872,8.85173,12.225734,41.865079,0.493059,0.51864,-1.774085,-22.010799,True,0.7099,,,,,,,,,,,2026-08-21T03:22:00Z
2023-05-25,reconstructed,339.720001,16.26,19.139999,319.379601,305.4149,295.63365,True,6.368722,11.232295,14.912494,33.928571,0.477136,0.532236,0.0,-16.37953,True,0.7335,,,,,,,,,,,2026-08-21T03:22:00Z
2023-05-26,reconstructed,348.399994,17.49,17.950001,320.211401,306.254099,295.746,True,8.80312,13.761741,17.803789,22.420635,0.532548,0.549356,0.0,-10.053998,True,0.6572,,,,,,,,,,,2026-08-21T03:22:00Z
2023-05-30,reconstructed,349.980011,17.735001,17.459999,321.103801,307.0965,295.8755,True,8.992796,13.964181,18.286242,17.857143,0.529985,0.538392,0.0,-8.79403,True,0.6604,,,,,,,,,,,2026-08-21T03:22:00Z
2023-05-31,reconstructed,347.98999,17.375,17.940001,321.944201,307.9606,295.9635,True,8.090156,12.998218,17.578685,22.222222,0.5243,0.541362,-0.56861,-10.645409,True,0.6676,,,,,,,,,,,2026-08-21T03:22:00Z
2023-06-01,reconstructed,352.01001,18.004999,15.65,322.777601,308.7927,296.05825,True,9.056517,13.995574,18.898902,2.579365,0.516402,0.536567,0.0,-7.405506,True,0.6778,,,,,,,,,,,2026-08-21T03:22:00Z
2023-06-02,reconstructed,354.649994,18.41,14.6,323.748201,309.6338,296.1701,True,9.545008,14.538527,19.745374,0.198413,0.507338,0.537249,0.0,-5.322704,True,0.6899,,,,,,,,,,,2026-08-21T03:22:00Z
2023-06-05,reconstructed,354.899994,18.450001,14.73,324.651201,310.4545,296.30215,True,9.31732,14.316267,19.776382,0.396825,0.481431,0.522171,0.0,-5.116991,True,0.727,,,,,,,,,,,2026-08-21T03:22:00Z
2023-06-06,reconstructed,354.839996,18.43,13.96,325.530201,311.2274,296.42995,True,9.00371,14.013097,19.704502,0.198413,0.484015,0.511904,-0.016905,-5.219848,True,0.7231,,,,,,,,,,,2026-08-21T03:22:00Z
2023-06-07,reconstructed,348.820007,17.49,13.94,326.331401,311.9251,296.55975,True,6.89134,11.82813,17.622168,0.198413,0.523901,0.526315,-1.713155,-10.053998,True,0.6681,,,,,,,,,,,2026-08-21T03:22:00Z
2023-06-08,reconstructed,353.149994,18.09,13.65,327.252001,312.6469,296.7537,True,7.913777,12.9549,19.004411,0.198413,0.525,0.514539,-0.493097,-6.96837,True,0.6667,,,,,,,,,,,2026-08-21T03:22:00Z
2023-06-09,reconstructed,354.5,18.309999,13.83,328.087601,313.3765,296.9557,True,8.050411,13.122713,19.378075,0.396825,0.524821,0.51444,-0.112706,-5.836977,True,0.6669,,,,,,,,,,,2026-08-21T03:22:00Z
2023-06-12,reconstructed,360.48999,19.245001,15.01,328.983801,314.2026,297.1831,True,9.576821,14.731702,21.302318,1.587302,0.535022,0.500919,0.0,-1.028536,True,0.6542,,,,,,,,,,,2026-08-21T03:22:00Z
2023-06-13,reconstructed,363.26001,19.674999,14.61,329.830401,315.0837,297.3965,True,10.135393,15.290004,22.1467,1.190476,0.535612,0.499555,0.0,0.0,True,0.6535,,,,,,,,,,,2026-08-21T03:22:00Z
2023-06-14,reconstructed,365.899994,20.094999,13.88,330.745401,315.9159,297.6888,True,10.628898,15.821962,22.913591,0.595238,0.534089,0.500246,0.0,0.0,True,0.6553,,,,,,,,,,,2026-08-21T03:22:00Z
2023-06-15,reconstructed,370.26001,20.799999,14.5,331.769201,316.7289,298.01805,True,11.601682,16.901239,24.2408,1.190476,0.533723,0.498385,0.0,0.0,True,0.6558,,,,,,,,,,,2026-08-21T03:22:00Z
2023-06-16,reconstructed,367.929993,20.4,13.54,332.809401,317.5245,298.3526,True,10.552764,15.874521,23.320525,0.198413,0.528939,0.488651,-0.629292,-1.923075,True,0.6617,,,,,,,,,,,2026-08-21T03:22:00Z
2023-06-20,reconstructed,366.899994,20.299999,13.88,333.786401,318.3162,298.69075,True,9.920594,15.262746,22.836075,0.992063,0.528006,0.486219,-0.907475,-2.403846,True,0.6629,,,,,,,,,,,2026-08-21T03:22:00Z
2023-06-21,reconstructed,361.899994,19.424999,13.2,334.667001,319.0018,299.00325,True,8.13734,13.447634,21.035472,0.198413,0.564282,0.497424,-2.257877,-6.610577,True,0.6203,,,,,,,,,,,2026-08-21T03:22:00Z
2023-06-22,reconstructed,366.170013,20.07,12.91,335.673801,319.7009,299.35825,True,9.085074,14.535184,22.31833,0.198413,0.538778,0.49677,-1.104628,-3.509613,True,0.6496,,,,,,,,,,,2026-08-21T03:22:00Z
2023-06-23,reconstructed,362.540009,19.475,13.44,336.663801,320.4236,299.7057,True,7.686068,13.143978,20.965336,0.595238,0.550685,0.500257,-2.085022,-6.370187,True,0.6356,,,,,,,,,,,2026-08-21T03:22:00Z
2023-06-26,reconstructed,357.679993,18.705,14.25,337.434001,321.0542,299.99925,True,5.999986,11.407978,19.226962,2.18254,0.534359,0.499958,-3.397617,-10.072112,True,0.655,,,,,,,,,,,2026-08-21T03:22:00Z
2023-06-27,reconstructed,363.829987,19.629999,13.74,338.3392,321.6833,300.3158,True,7.534092,13.101919,21.149132,1.190476,0.49687,0.505976,-1.736624,-5.625001,True,0.7044,,,,,,,,,,,2026-08-21T03:22:00Z
2023-06-28,reconstructed,364.540009,19.75,13.43,339.253201,322.2115,300.60305,True,7.453668,13.136871,21.269564,0.595238,0.496026,0.49827,-1.544861,-5.048073,True,0.7056,,,,,,,,,,,2026-08-21T03:22:00Z
2023-06-29,reconstructed,363.809998,19.615,13.54,340.152201,322.7878,300.8684,True,6.955062,12.70872,20.919976,1.190476,0.488859,0.498243,-1.742022,-5.697113,True,0.716,,,,,,,,,,,2026-08-21T03:22:00Z
2023-06-30,reconstructed,369.420013,20.5,13.59,341.166401,323.4461,301.247,True,8.281476,14.213779,22.630271,1.388889,0.496949,0.503427,-0.226867,-1.442304,True,0.7043,,,,,,,,,,,2026-08-21T03:22:00Z
2023-07-03,reconstructed,370.290009,20.639999,13.57,342.246602,324.0502,301.6183,True,8.193918,14.269335,22.767752,1.388889,0.493561,0.496813,0.0,-0.76923,True,0.7091,,,,,,,,,,,2026-08-21T03:22:00Z
2023-07-05,reconstructed,370.279999,20.625,14.18,343.320002,324.7093,302.0142,True,7.852731,14.034307,22.603506,3.174603,0.493981,0.496418,-0.002703,-0.841343,True,0.7085,,,,,,,,,,,2026-08-21T03:22:00Z
2023-07-06,reconstructed,367.459991,20.139999,15.44,344.350201,325.3671,302.4049,True,6.71113,12.937046,21.512578,5.555556,0.50458,0.50007,-0.76427,-3.173076,True,0.6936,,,,,,,,,,,2026-08-21T03:22:00Z
2023-07-07,reconstructed,366.23999,19.934999,14.83,345.475201,326.0325,302.78085,True,6.010501,12.332357,20.958769,4.365079,0.463716,0.498357,-1.093742,-4.158653,True,0.7548,,,,,,,,,,,2026-08-21T03:22:00Z
2023-07-10,reconstructed,366.359985,19.950001,15.07,346.565001,326.6511,303.169,True,5.711767,12.156361,20.843485,4.960317,0.452643,0.493631,-1.061337,-4.086531,True,0.7732,,,,,,,,,,,2026-08-21T03:22:00Z
2023-07-11,reconstructed,368.170013,20.235001,14.84,347.521401,327.2653,303.59205,True,5.941681,12.498946,21.271296,4.563492,0.453133,0.482821,-0.572523,-2.71634,True,0.7724,,,,,,,,,,,2026-08-21T03:22:00Z
2023-07-12,reconstructed,372.820007,20.985001,13.54,348.526602,327.9025,304.0558,True,6.970316,13.698434,22.615654,1.388889,0.436851,0.486014,0.0,0.0,True,0.8012,,,,,,,,,,,2026-08-21T03:22:00Z
2023-07-13,reconstructed,379.149994,22.030001,13.61,349.665801,328.661,304.574,True,8.432106,15.362028,24.485345,1.984127,0.461722,0.493446,0.0,0.0,True,0.758,,,,,,,,,,,2026-08-21T03:22:00Z
2023-07-14,reconstructed,379.070007,22.01,13.34,350.859601,329.4401,305.0975,True,8.040369,15.064926,24.24553,0.595238,0.458703,0.493565,-0.021096,-0.090787,True,0.763,,,,,,,,,,,2026-08-21T03:22:00Z
2023-07-17,reconstructed,382.609985,22.620001,13.48,352.166001,330.3259,305.63815,True,8.644782,15.828031,25.183975,1.190476,0.452994,0.494648,0.0,0.0,True,0.7726,,,,,,,,,,,2026-08-21T03:22:00Z
2023-07-18,reconstructed,385.73999,23.16,13.3,353.557401,331.2408,306.16715,True,9.102508,16.453043,25.989999,0.595238,0.448754,0.490993,0.0,0.0,True,0.7799,,,,,,,,,,,2026-08-21T03:22:00Z
2023-07-19,reconstructed,385.649994,23.16,13.76,354.8126,332.1291,306.73605,True,8.691178,16.114485,25.726987,3.174603,0.447402,0.491134,-0.023331,0.0,True,0.7823,,,,,,,,,,,2026-08-21T03:22:00Z
2023-07-20,reconstructed,376.76001,21.535,13.99,355.874,332.9782,307.28355,True,5.868934,13.148551,22.609886,4.365079,0.49533,0.516769,-2.327988,-7.016408,True,0.7066,,,,,,,,,,,2026-08-21T03:22:00Z
2023-07-21,reconstructed,375.630005,21.344999,13.6,356.9538,333.7951,307.79405,True,5.232107,12.533109,22.039398,2.579365,0.486694,0.500101,-2.620933,-7.83679,True,0.7191,,,,,,,,,,,2026-08-21T03:22:00Z
2023-07-24,reconstructed,376.230011,21.43,13.91,357.9756,334.6218,308.26455,True,5.099345,12.434399,22.047771,4.166667,0.470662,0.499979,-2.465386,-7.469774,True,0.7436,,,,,,,,,,,2026-08-21T03:22:00Z
2023-07-25,reconstructed,378.779999,21.860001,13.86,359.0272,335.4976,308.74855,True,5.501756,12.900956,22.682357,3.769841,0.442187,0.477779,-1.804322,-5.613123,True,0.7915,,,,,,,,,,,2026-08-21T03:22:00Z
2023-07-26,reconstructed,377.519989,21.635,13.19,360.077,336.3367,309.23735,True,4.844239,12.244661,22.080981,0.396825,0.418472,0.47856,-2.130969,-6.584627,True,0.8364,,,,,,,,,,,2026-08-21T03:22:00Z
2023-07-27,reconstructed,376.619995,21.450001,14.41,361.073599,337.1061,309.77495,True,4.305603,11.721501,21.578583,5.753968,0.421279,0.479234,-2.364286,-7.383416,True,0.8308,,,,,,,,,,,2026-08-21T03:22:00Z
2023-07-28,reconstructed,383.480011,22.610001,13.33,362.199999,337.9407,310.3603,True,5.87521,13.475533,23.559621,0.992063,0.453823,0.483227,-0.585882,-2.374781,True,0.7712,,,,,,,,,,,2026-08-21T03:22:00Z
2023-07-31,reconstructed,383.679993,22.655001,13.63,363.251199,338.8141,310.96495,True,5.623875,13.242038,23.383678,3.373016,0.431715,0.479793,-0.534038,-2.18048,True,0.8107,,,,,,,,,,,2026-08-21T03:22:00Z
2023-08-01,reconstructed,382.790009,22.48,13.93,364.1616,339.6638,311.5656,True,5.115424,12.696734,22.860164,5.15873,0.434144,0.479222,-0.764759,-2.936098,True,0.8062,,,,,,,,,,,2026-08-21T03:22:00Z
2023-08-02,reconstructed,374.390015,21.01,16.09,364.9192,340.4811,312.09345,True,2.595318,9.959118,19.960869,11.309524,0.500367,0.490629,-2.94239,-9.283245,True,0.6995,,,,,,,,,,,2026-08-21T03:22:00Z
2023-08-03,reconstructed,373.790009,20.860001,15.92,365.6422,341.3335,312.6587,True,2.228356,9.508738,19.552089,10.515873,0.492871,0.491494,-3.097937,-9.930912,True,0.7101,,,,,,,,,,,2026-08-21T03:22:00Z
2023-08-04,reconstructed,372.040009,20.57,17.1,366.4158,342.147,313.17215,True,1.534925,8.73689,18.797284,19.444444,0.494289,0.49038,-3.55161,-11.183075,True,0.7081,,,,,,,,,,,2026-08-21T03:22:00Z
2023-08-07,reconstructed,375.190002,21.08,15.77,367.2866,342.925201,313.6907,True,2.151835,9.4087,19.605077,10.31746,0.500785,0.48897,-2.735,-8.981001,True,0.6989,,,,,,,,,,,2026-08-21T03:22:00Z
2023-08-08,reconstructed,372.0,20.540001,15.99,367.9322,343.655901,314.19825,True,1.105584,8.247814,18.396586,11.111111,0.509071,0.493457,-3.561982,-11.312603,True,0.6875,,,,,,,,,,,2026-08-21T03:22:00Z
2023-08-09,reconstructed,367.910004,19.855,15.96,368.322401,344.266901,314.69225,True,-0.111966,6.867667,16.911047,10.912698,0.504694,0.49899,-4.622281,-14.270295,True,0.6935,,,,,,,,,,,2026-08-21T03:22:00Z
2023-08-10,reconstructed,368.589996,19.945,15.85,368.6946,344.899201,315.1581,True,-0.028371,6.868904,16.953997,10.714286,0.466909,0.498609,-4.445998,-13.881693,True,0.7496,,,,,,,,,,,2026-08-21T03:22:00Z
2023-08-11,reconstructed,366.23999,19.545,14.84,369.0596,345.501901,315.59705,True,-0.763999,6.002308,16.046709,7.738095,0.46987,0.501389,-5.055219,-15.608807,True,0.7449,,,,,,,,,,,2026-08-21T03:22:00Z
2023-08-14,reconstructed,370.350006,20.195,14.82,369.4264,346.102001,316.02775,True,0.250011,7.006029,17.189078,7.34127,0.475445,0.500739,-3.98973,-12.802246,True,0.7362,,,,,,,,,,,2026-08-21T03:22:00Z
2023-08-15,reconstructed,366.420013,19.575001,16.459999,369.661801,346.705001,316.4702,True,-0.87696,5.686394,15.783418,15.277778,0.470591,0.495707,-5.008549,-15.479271,True,0.7437,,,,,,,,,,,2026-08-21T03:22:00Z
2023-08-16,reconstructed,362.540009,18.924999,16.780001,369.814601,347.232901,316.91855,True,-1.967092,4.408311,14.395326,16.468254,0.477855,0.501051,-6.014409,-18.28584,True,0.7324,,,,,,,,,,,2026-08-21T03:22:00Z
2023-08-17,reconstructed,358.579987,18.285,17.889999,369.889401,347.709801,317.30535,True,-3.057512,3.126224,13.00786,24.206349,0.431983,0.506587,-7.041013,-21.049223,True,0.8102,,,,,,,,,,,2026-08-21T03:22:00Z
2023-08-18,reconstructed,358.130005,18.200001,17.299999,370.075601,348.203501,317.70625,True,-3.22788,2.850777,12.723626,21.626984,0.432105,0.499473,-7.157667,-21.416231,True,0.81,,,,,,,,,,,2026-08-21T03:22:00Z
2023-08-21,reconstructed,363.899994,19.08,17.129999,370.290601,348.771301,318.1502,True,-1.725836,4.337712,14.379936,20.238095,0.474482,0.506204,-5.661844,-17.61658,True,0.7376,,,,,,,,,,,2026-08-21T03:22:00Z
2023-08-22,reconstructed,363.380005,18.995001,16.969999,370.468201,349.277901,318.6387,True,-1.913307,4.037503,14.041391,18.650794,0.464938,0.48629,-5.796647,-17.983588,True,0.7528,,,,,,,,,,,2026-08-21T03:22:00Z
2023-08-23,reconstructed,369.109985,19.889999,15.98,370.640601,349.812201,319.1818,True,-0.412965,5.516613,15.642554,11.507937,0.502057,0.471387,-4.311195,-14.119173,True,0.6971,,,,,,,,,,,2026-08-21T03:22:00Z
2023-08-24,reconstructed,361.220001,18.58,17.200001,370.5998,350.215101,319.6645,True,-2.530978,3.142326,12.999723,21.230159,0.548442,0.491123,-6.356611,-19.775475,True,0.6382,,,,,,,,,,,2026-08-21T03:22:00Z
2023-08-25,reconstructed,364.019989,19.02,15.68,370.5622,350.653801,320.14665,True,-1.765483,3.811791,13.704138,10.119048,0.513335,0.491152,-5.630736,-17.875645,True,0.6818,,,,,,,,,,,2026-08-21T03:22:00Z
2023-08-28,reconstructed,366.76001,19.445,15.08,370.4922,351.130701,320.63275,True,-1.00736,4.451137,14.386322,8.730159,0.523627,0.487821,-4.920408,-16.040588,True,0.6684,,,,,,,,,,,2026-08-21T03:22:00Z
2023-08-29,reconstructed,374.769989,20.684999,14.45,370.629,351.7192,321.19,True,1.117287,6.553748,16.681711,6.547619,0.580849,0.502433,-2.843885,-10.68653,True,0.6026,,,,,,,,,,,2026-08-21T03:22:00Z
2023-08-30,reconstructed,376.859985,21.030001,13.88,370.8282,352.3073,321.66055,True,1.626571,6.96911,17.160773,4.960317,0.536233,0.503279,-2.30207,-9.196888,True,0.6527,,,,,,,,,,,2026-08-21T03:22:00Z
2023-08-31,reconstructed,377.98999,21.219999,13.57,371.15,352.9085,322.1107,True,1.842918,7.10708,17.347853,2.777778,0.536215,0.503383,-2.009125,-8.376514,True,0.6527,,,,,,,,,,,2026-08-21T03:22:00Z
2023-09-01,reconstructed,377.589996,21.145,13.09,371.3784,353.5261,322.57145,True,1.672579,6.806823,17.056236,0.396825,0.533548,0.490939,-2.112821,-8.700343,True,0.656,,,,,,,,,,,2026-08-21T03:22:00Z
2023-09-05,reconstructed,378.070007,21.200001,14.01,371.689,354.1764,323.01485,True,1.71676,6.746245,17.044157,6.547619,0.526698,0.486763,-1.988382,-8.462863,True,0.6645,,,,,,,,,,,2026-08-21T03:22:00Z
2023-09-06,reconstructed,374.73999,20.639999,14.45,372.0302,354.7321,323.46135,True,0.728379,5.640282,15.853097,7.539683,0.527237,0.490108,-2.851662,-10.880831,True,0.6638,,,,,,,,,,,2026-08-21T03:22:00Z
2023-09-07,reconstructed,372.059998,20.190001,14.4,372.1948,355.267,323.8976,True,-0.036218,4.726867,14.869637,7.142857,0.518853,0.48193,-3.546428,-12.823831,True,0.6746,,,,,,,,,,,2026-08-21T03:22:00Z
2023-09-08,reconstructed,372.579987,20.25,13.84,372.355599,355.8044,324.3364,True,0.060262,4.714834,14.874552,4.761905,0.518756,0.47994,-3.411625,-12.564766,True,0.6747,,,,,,,,,,,2026-08-21T03:22:00Z
2023-09-11,reconstructed,376.970001,20.940001,13.8,372.618799,356.3855,324.8118,True,1.167735,5.775909,16.057976,4.563492,0.524797,0.482952,-2.273549,-9.585489,True,0.6669,,,,,,,,,,,2026-08-21T03:22:00Z
2023-09-12,reconstructed,372.790009,20.27,14.23,372.686199,356.9263,325.246,True,0.027854,4.444533,14.617861,7.34127,0.52761,0.482382,-3.357179,-12.478409,True,0.6634,,,,,,,,,,,2026-08-21T03:22:00Z
2023-09-13,reconstructed,374.209991,20.469999,13.48,372.764599,357.5056,325.67295,True,0.387749,4.672484,14.903615,2.18254,0.515081,0.481106,-2.98906,-11.614856,True,0.6795,,,,,,,,,,,2026-08-21T03:22:00Z
2023-09-14,reconstructed,377.269989,20.950001,12.82,372.904399,358.1122,326.1247,True,1.1707,5.349661,15.68274,0.198413,0.501731,0.483247,-2.19578,-9.54231,True,0.6976,,,,,,,,,,,2026-08-21T03:22:00Z
2023-09-15,reconstructed,370.809998,19.875,13.79,372.971399,358.6608,326.5652,True,-0.579509,3.387378,13.548534,4.960317,0.523325,0.486726,-3.870481,-14.183937,True,0.6688,,,,,,,,,,,2026-08-21T03:22:00Z
2023-09-18,reconstructed,370.660004,19.92,14.0,373.059799,359.2675,327.01565,True,-0.643274,3.171036,13.346259,7.539683,0.522263,0.482048,-3.909366,-13.989636,True,0.6702,,,,,,,,,,,2026-08-21T03:22:00Z
2023-09-19,reconstructed,369.869995,19.799999,14.11,373.129999,359.8475,327.3982,True,-0.873691,2.785206,12.97252,7.936508,0.497537,0.47819,-4.114169,-14.507775,True,0.7035,,,,,,,,,,,2026-08-21T03:22:00Z
2023-09-20,reconstructed,364.540009,18.875,15.14,373.057399,360.2894,327.7523,True,-2.283131,1.179776,11.224241,12.103175,0.526921,0.480989,-5.495925,-18.501727,True,0.6642,,,,,,,,,,,2026-08-21T03:22:00Z
2023-09-21,reconstructed,357.859985,17.799999,17.540001,372.758199,360.6424,328.07885,True,-3.99675,-0.771516,9.077432,25.0,0.533496,0.484255,-7.227668,-23.143353,True,0.656,,,,,,,,,,,2026-08-21T03:22:00Z
2023-09-22,reconstructed,357.910004,17.815001,17.200001,372.333399,360.9996,328.4302,True,-3.873785,-0.855845,8.975972,23.611111,0.48268,0.484037,-7.214701,-23.078581,True,0.7251,,,,,,,,,,,2026-08-21T03:22:00Z
2023-09-25,reconstructed,359.609985,18.049999,16.9,371.944199,361.4019,328.81985,True,-3.316146,-0.495823,9.363831,20.039683,0.476776,0.484791,-6.773994,-22.063906,True,0.7341,,,,,,,,,,,2026-08-21T03:22:00Z
2023-09-26,reconstructed,354.209991,17.245001,18.940001,371.376199,361.7711,329.18825,True,-4.622323,-2.090026,7.601043,34.52381,0.490127,0.483262,-8.173899,-25.53972,True,0.7141,,,,,,,,,,,2026-08-21T03:22:00Z
2023-09-27,reconstructed,355.040009,17.35,18.219999,370.762199,362.1598,329.5442,True,-4.240505,-1.965925,7.736689,28.571429,0.419658,0.483204,-7.958724,-25.086354,True,0.834,,,,,,,,,,,2026-08-21T03:22:00Z
2023-09-28,reconstructed,358.01001,17.77,17.34,370.209399,362.511,329.92405,True,-3.295267,-1.241615,8.512856,25.0,0.426425,0.486272,-7.188775,-23.272882,True,0.8208,,,,,,,,,,,2026-08-21T03:22:00Z
2023-09-29,reconstructed,358.269989,17.809999,17.52,369.839599,362.8568,330.2875,True,-3.128278,-1.264083,8.472161,25.396825,0.423492,0.484269,-7.121378,-23.100175,True,0.8265,,,,,,,,,,,2026-08-21T03:22:00Z
2023-10-02,reconstructed,361.26001,18.235001,17.610001,369.552199,363.253,330.65055,True,-2.243848,-0.548651,9.257344,26.190476,0.438547,0.486708,-6.346239,-21.265109,True,0.7981,,,,,,,,,,,2026-08-21T03:22:00Z
2023-10-03,reconstructed,354.920013,17.27,19.780001,369.125999,363.5508,330.9926,True,-3.848546,-2.374025,7.228988,41.666667,0.465846,0.498169,-7.989832,-25.431776,True,0.7513,,,,,,,,,,,2026-08-21T03:22:00Z
2023-10-04,reconstructed,359.75,17.969999,18.58,368.745399,363.886299,331.4069,True,-2.439461,-1.136701,8.552357,31.746032,0.493913,0.504675,-6.737697,-22.409329,True,0.7086,,,,,,,,,,,2026-08-21T03:22:00Z
2023-10-05,reconstructed,358.690002,17.780001,18.49,368.368799,364.222899,331.8291,True,-2.627475,-1.519096,8.0948,30.753968,0.490879,0.498543,-7.012492,-23.229703,True,0.713,,,,,,,,,,,2026-08-21T03:22:00Z
2023-10-06,reconstructed,364.700012,18.674999,17.450001,368.1304,364.602,332.30385,True,-0.93184,0.026882,9.748958,25.198413,0.529476,0.498785,-5.454446,-19.365288,True,0.661,,,,,,,,,,,2026-08-21T03:22:00Z
2023-10-09,reconstructed,366.559998,18.950001,17.700001,367.792,364.995999,332.78895,True,-0.334972,0.428497,10.147887,27.18254,0.515533,0.499993,-4.972259,-18.177889,True,0.6789,,,,,,,,,,,2026-08-21T03:22:00Z
2023-10-10,reconstructed,368.589996,19.26,17.030001,367.4902,365.370699,333.26465,True,0.299272,0.881104,10.599788,22.222222,0.509836,0.497647,-4.445998,-16.839377,True,0.6865,,,,,,,,,,,2026-08-21T03:22:00Z
2023-10-11,reconstructed,371.220001,19.67,16.09,367.258799,365.7102,333.786949,True,1.078586,1.506603,11.214654,16.269841,0.514965,0.497097,-3.764191,-15.069084,True,0.6797,,,,,,,,,,,2026-08-21T03:22:00Z
2023-10-12,reconstructed,369.929993,19.440001,16.690001,367.169599,366.044399,334.299799,True,0.751803,1.061509,10.658156,18.849206,0.50745,0.49745,-4.098615,-16.062173,True,0.6897,,,,,,,,,,,2026-08-21T03:22:00Z
2023-10-13,reconstructed,365.279999,18.705,19.32,366.999399,366.320799,334.8083,True,-0.468502,-0.284123,9.101238,39.285714,0.492528,0.482837,-5.304089,-19.235751,True,0.7106,,,,,,,,,,,2026-08-21T03:22:00Z
2023-10-16,reconstructed,369.410004,19.334999,17.209999,366.946799,366.681299,335.35485,True,0.67127,0.744162,10.154961,24.801587,0.508966,0.488058,-4.233418,-16.515547,True,0.6877,,,,,,,,,,,2026-08-21T03:22:00Z
2023-10-17,reconstructed,368.200012,19.15,17.879999,366.806999,367.0468,335.86365,True,0.379767,0.314187,9.627824,28.968254,0.509586,0.488236,-4.547099,-17.314336,True,0.6868,,,,,,,,,,,2026-08-21T03:22:00Z
2023-10-18,reconstructed,363.369995,18.34,19.219999,366.634399,367.2833,336.3491,True,-0.89037,-1.065473,8.033586,38.888889,0.504563,0.493225,-5.799242,-20.811743,True,0.6937,,,,,,,,,,,2026-08-21T03:22:00Z
2023-10-19,reconstructed,359.970001,17.85,21.4,366.475599,367.399,336.82655,True,-1.775179,-2.022052,6.87103,52.777778,0.470306,0.495485,-6.680663,-22.927459,True,0.7442,,,,,,,,,,,2026-08-21T03:22:00Z
2023-10-20,reconstructed,354.600006,17.045,21.709999,366.195799,367.4452,337.27085,True,-3.166555,-3.495812,5.138053,54.960317,0.497429,0.502927,-8.072791,-26.403281,True,0.7036,,,,,,,,,,,2026-08-21T03:22:00Z
2023-10-23,reconstructed,355.670013,17.195,20.370001,365.984399,367.522,337.7413,True,-2.818258,-3.224837,5.308416,46.626984,0.495923,0.489226,-7.7954,-25.755614,True,0.7058,,,,,,,,,,,2026-08-21T03:22:00Z
2023-10-24,reconstructed,359.130005,17.68,18.969999,365.759999,367.5932,338.19295,True,-1.812663,-2.302326,6.190861,35.515873,0.479974,0.493547,-6.898425,-23.661483,True,0.7292,,,,,,,,,,,2026-08-21T03:22:00Z
2023-10-25,reconstructed,350.339996,16.385,20.190001,365.438399,367.5501,338.59195,True,-4.131586,-4.682383,3.469677,45.039683,0.548096,0.513715,-9.177165,-29.253021,True,0.6386,,,,,,,,,,,2026-08-21T03:22:00Z
2023-10-26,reconstructed,343.660004,15.43,20.68,365.060799,367.4377,338.9461,True,-5.862255,-6.471218,1.390753,48.611111,0.572874,0.510326,-10.908899,-33.376509,True,0.611,,,,,,,,,,,2026-08-21T03:22:00Z
2023-10-27,reconstructed,345.309998,15.65,21.27,364.795399,367.3424,339.2849,True,-5.34146,-5.997784,1.775823,51.388889,0.576852,0.511757,-10.481151,-32.426599,True,0.6067,,,,,,,,,,,2026-08-21T03:22:00Z
2023-10-30,reconstructed,349.200012,16.155001,19.75,364.616799,367.3462,339.63565,True,-4.228216,-4.939805,2.816065,41.468254,0.583322,0.516765,-9.472696,-30.246111,True,0.6,,,,,,,,,,,2026-08-21T03:22:00Z
2023-10-31,reconstructed,350.869995,16.389999,18.139999,364.356199,367.3234,339.98515,True,-3.701379,-4.479269,3.201565,28.373016,0.559062,0.514793,-9.039767,-29.231436,True,0.626,,,,,,,,,,,2026-08-21T03:22:00Z
2023-11-01,reconstructed,356.959991,17.235001,16.870001,364.227799,367.348,340.36225,True,-1.995402,-2.827839,4.876493,18.055556,0.571421,0.524931,-7.460984,-25.582898,True,0.6125,,,,,,,,,,,2026-08-21T03:22:00Z
2023-11-02,reconstructed,363.440002,18.15,15.66,364.114399,367.3775,340.79005,True,-0.185216,-1.071785,6.646307,12.698413,0.601835,0.532977,-5.781093,-21.632125,True,0.5816,,,,,,,,,,,2026-08-21T03:22:00Z
2023-11-03,reconstructed,367.709991,18.790001,14.91,364.244199,367.422,341.25285,True,0.951502,0.078382,7.752944,11.111111,0.5879,0.538021,-4.674133,-18.868735,True,0.5953,,,,,,,,,,,2026-08-21T03:22:00Z
2023-11-06,reconstructed,369.209991,19.004999,14.89,364.347999,367.4551,341.6855,True,1.334436,0.47758,8.055505,11.111111,0.586996,0.536984,-4.28527,-17.940418,True,0.5963,,,,,,,,,,,2026-08-21T03:22:00Z
2023-11-07,reconstructed,372.700012,19.540001,14.81,364.466799,367.4795,342.1042,True,2.258975,1.420627,8.943419,10.31746,0.592606,0.535737,-3.38051,-15.630393,True,0.5906,,,,,,,,,,,2026-08-21T03:22:00Z
2023-11-08,reconstructed,372.940002,19.575001,14.45,364.4302,367.5296,342.52705,True,2.335098,1.4721,8.878993,9.52381,0.587947,0.531905,-3.318294,-15.479271,True,0.5953,,,,,,,,,,,2026-08-21T03:22:00Z
2023-11-09,reconstructed,370.070007,19.110001,15.29,364.2944,367.5613,342.93875,True,1.585423,0.682528,7.9114,12.698413,0.592781,0.529691,-4.062317,-17.487043,True,0.5904,,,,,,,,,,,2026-08-21T03:22:00Z
2023-11-10,reconstructed,378.390015,20.385,14.17,364.302401,367.7262,343.364,True,3.867011,2.899933,10.200841,8.134921,0.620275,0.541635,-1.905422,-11.981864,True,0.5643,,,,,,,,,,,2026-08-21T03:22:00Z
2023-11-13,reconstructed,377.209991,20.200001,14.76,364.2948,367.8366,343.76875,True,3.545258,2.548249,9.727831,10.714286,0.61261,0.541956,-2.211334,-12.780652,True,0.5713,,,,,,,,,,,2026-08-21T03:22:00Z
2023-11-14,reconstructed,385.329987,21.469999,14.16,364.44,368.0645,344.24405,True,5.732078,4.690886,11.935119,8.134921,0.646101,0.548007,-0.10629,-7.297066,True,0.5417,,,,,,,,,,,2026-08-21T03:22:00Z
2023-11-15,reconstructed,385.619995,21.530001,14.18,364.6576,368.3439,344.69905,True,5.748515,4.690208,11.871499,8.730159,0.620217,0.547812,-0.031108,-7.037993,True,0.5643,,,,,,,,,,,2026-08-21T03:22:00Z
2023-11-16,reconstructed,385.950012,21.565001,14.32,364.9354,368.5651,345.1242,True,5.758447,4.716918,11.82931,9.325397,0.606715,0.539927,0.0,-6.886871,True,0.5769,,,,,,,,,,,2026-08-21T03:22:00Z
2023-11-17,reconstructed,386.040009,21.58,13.8,365.204601,368.7801,345.4958,True,5.705133,4.680271,11.73508,5.357143,0.572153,0.521141,0.0,-6.822107,True,0.6117,,,,,,,,,,,2026-08-21T03:22:00Z
2023-11-20,reconstructed,390.73999,22.35,13.41,365.480001,369.0494,345.9186,True,6.911456,5.877422,12.957207,1.785714,0.577785,0.523746,0.0,-3.497407,True,0.6058,,,,,,,,,,,2026-08-21T03:22:00Z
2023-11-21,reconstructed,388.470001,21.945,13.35,365.7936,369.2399,346.343,True,6.199234,5.208024,12.163376,1.785714,0.585842,0.524003,-0.580946,-5.246115,True,0.5974,,,,,,,,,,,2026-08-21T03:22:00Z
2023-11-22,reconstructed,390.059998,22.200001,12.85,366.110601,369.4376,346.7439,True,6.541574,5.582106,12.492245,0.396825,0.493101,0.508657,-0.174027,-4.145074,True,0.7098,,,,,,,,,,,2026-08-21T03:22:00Z
2023-11-24,reconstructed,389.51001,22.09,12.46,366.355401,369.6299,347.1696,True,6.320259,5.378383,12.195886,0.198413,0.417421,0.507865,-0.314782,-4.620033,True,0.8385,,,,,,,,,,,2026-08-21T03:22:00Z
2023-11-27,reconstructed,389.170013,22.025,12.69,366.722601,369.847,347.60705,True,6.121088,5.224596,11.956882,0.396825,0.424109,0.507682,-0.401796,-4.900692,True,0.8253,,,,,,,,,,,2026-08-21T03:22:00Z
2023-11-28,reconstructed,390.190002,22.200001,12.69,367.113201,370.0865,348.0595,True,6.286018,5.432109,12.104397,0.595238,0.421705,0.507777,-0.140755,-4.145074,True,0.83,,,,,,,,,,,2026-08-21T03:22:00Z
2023-11-29,reconstructed,389.809998,22.120001,12.98,367.512001,370.321,348.48605,True,6.067284,5.262731,11.858135,1.388889,0.427613,0.507869,-0.238008,-4.490497,True,0.8185,,,,,,,,,,,2026-08-21T03:22:00Z
2023-11-30,reconstructed,388.829987,21.934999,12.92,367.997801,370.5276,348.89645,True,5.660954,4.939547,11.44567,1.388889,0.413142,0.505014,-0.488817,-5.289294,True,0.8472,,,,,,,,,,,2026-08-21T03:22:00Z
2023-12-01,reconstructed,389.940002,22.120001,12.63,368.639401,370.6988,349.30065,True,5.778167,5.190522,11.634491,0.396825,0.384272,0.502848,-0.204737,-4.490497,True,0.9108,,,,,,,,,,,2026-08-21T03:22:00Z
2023-12-04,reconstructed,386.320007,21.49,13.08,369.207601,370.7705,349.71575,True,4.634901,4.193836,10.46686,1.984127,0.395605,0.50671,-1.131183,-7.210708,True,0.8847,,,,,,,,,,,2026-08-21T03:22:00Z
2023-12-05,reconstructed,387.290009,21.645,12.85,369.761202,370.8527,350.1464,True,4.740575,4.432301,10.608022,1.388889,0.395263,0.502305,-0.882935,-6.541448,True,0.8855,,,,,,,,,,,2026-08-21T03:22:00Z
2023-12-06,reconstructed,385.049988,21.26,12.97,370.378002,370.8771,350.6015,True,3.961355,3.821451,9.825539,1.984127,0.396006,0.499146,-1.456212,-8.203798,True,0.8838,,,,,,,,,,,2026-08-21T03:22:00Z
2023-12-07,reconstructed,390.429993,22.15,13.06,371.085801,370.924,351.0824,True,5.212862,5.258757,11.207509,2.380952,0.417321,0.50576,-0.079336,-4.360968,True,0.8387,,,,,,,,,,,2026-08-21T03:22:00Z
2023-12-08,reconstructed,392.170013,22.415001,12.35,371.769001,370.9892,351.55915,True,5.487551,5.70928,11.551645,0.198413,0.401931,0.504207,0.0,-3.216748,True,0.8708,,,,,,,,,,,2026-08-21T03:22:00Z
2023-12-11,reconstructed,395.519989,22.985001,12.63,372.514001,371.1768,352.0775,True,6.175872,6.558381,12.3389,0.793651,0.345037,0.494222,0.0,-0.75561,True,1.0,,,,,,,,,,,2026-08-21T03:22:00Z
2023-12-12,reconstructed,398.670013,23.540001,12.07,373.262202,371.4072,352.60115,True,6.806961,7.34041,13.065432,0.198413,0.34563,0.496132,0.0,0.0,True,1.0,,,,,,,,,,,2026-08-21T03:22:00Z
2023-12-13,reconstructed,403.73999,24.370001,12.19,374.238601,371.6823,353.15205,True,7.883043,8.625025,14.324691,0.396825,0.298,0.500028,0.0,0.0,True,1.0,,,,,,,,,,,2026-08-21T03:22:00Z
2023-12-14,reconstructed,403.390015,24.33,12.48,375.111401,371.9284,353.713,True,7.538724,8.459051,14.044441,0.992063,0.29915,0.488926,-0.086683,-0.16414,True,1.0,,,,,,,,,,,2026-08-21T03:22:00Z
2023-12-15,reconstructed,405.339996,24.620001,12.28,376.044401,372.2066,354.27165,True,7.790462,8.901883,14.415025,0.595238,0.299248,0.471904,0.0,0.0,True,1.0,,,,,,,,,,,2026-08-21T03:22:00Z
2023-12-18,reconstructed,407.079987,25.135,12.56,376.892001,372.5112,354.80865,True,8.009718,9.279932,14.732261,1.388889,0.302358,0.472786,0.0,0.0,True,1.0,,,,,,,,,,,2026-08-21T03:22:00Z
2023-12-19,reconstructed,409.160004,25.51,12.53,377.744001,372.768,355.35435,True,8.316744,9.762641,15.141408,1.388889,0.2855,0.472908,0.0,0.0,True,1.0,,,,,,,,,,,2026-08-21T03:22:00Z
2023-12-20,reconstructed,403.079987,24.27,13.67,378.433801,372.962,355.88805,True,6.512681,8.07535,13.260332,8.730159,0.336697,0.474816,-1.485975,-4.860838,True,1.0,,,,,,,,,,,2026-08-21T03:22:00Z
2023-12-21,reconstructed,407.769989,25.075001,13.65,379.1648,373.2118,356.4378,True,7.544263,9.259672,14.401444,8.730159,0.350499,0.478033,-0.339724,-1.705212,True,0.9986,,,,,,,,,,,2026-08-21T03:22:00Z
2023-12-22,reconstructed,408.380005,25.174999,13.03,379.933801,373.5517,357.0164,True,7.487148,9.323557,14.386903,3.968254,0.348106,0.476647,-0.190634,-1.313214,True,1.0,,,,,,,,,,,2026-08-21T03:22:00Z
2023-12-26,reconstructed,410.880005,25.635,12.99,380.845801,373.9226,357.62805,True,7.886185,9.883705,14.890318,3.968254,0.348387,0.477201,0.0,0.0,True,1.0,,,,,,,,,,,2026-08-21T03:22:00Z
2023-12-27,reconstructed,411.5,25.77,12.43,381.687601,374.3172,358.2321,True,7.810681,9.9335,14.869661,0.992063,0.348507,0.475836,0.0,0.0,True,1.0,,,,,,,,,,,2026-08-21T03:22:00Z
2023-12-28,reconstructed,411.299988,25.705,12.47,382.5496,374.6783,358.80175,True,7.515467,9.774168,14.631545,1.388889,0.348062,0.460027,-0.048606,-0.252233,True,1.0,,,,,,,,,,,2026-08-21T03:22:00Z
2023-12-29,reconstructed,409.519989,25.35,12.45,383.4726,375.053499,359.3547,True,6.792503,9.189753,13.959825,1.190476,0.351926,0.456609,-0.481169,-1.629802,True,0.9945,,,,,,,,,,,2026-08-21T03:22:00Z
2024-01-02,reconstructed,402.589996,24.065001,13.2,384.325,375.400299,359.8336,True,4.752487,7.242854,11.882269,5.952381,0.407953,0.470091,-2.16525,-6.61622,True,0.8579,,,,,,,,,,,2026-08-21T03:22:00Z
2024-01-03,reconstructed,398.329987,23.295,14.04,385.1996,375.697699,360.29845,True,3.408723,6.024069,10.555565,13.888889,0.411899,0.466813,-3.200489,-9.604192,True,0.8497,,,,,,,,,,,2026-08-21T03:22:00Z
2024-01-04,reconstructed,396.279999,22.905001,14.13,386.011799,375.998099,360.75,True,2.660074,5.394149,9.848926,14.285714,0.418426,0.468211,-3.698664,-11.117577,True,0.8365,,,,,,,,,,,2026-08-21T03:22:00Z
2024-01-05,reconstructed,396.75,22.99,13.35,386.764199,376.262099,361.18205,True,2.581883,5.445114,9.847652,6.944444,0.411041,0.467455,-3.584447,-10.78774,True,0.8515,,,,,,,,,,,2026-08-21T03:22:00Z
2024-01-08,reconstructed,404.950012,24.375,13.08,387.8564,376.647399,361.6762,True,4.407201,7.514352,11.964794,5.357143,0.437671,0.480465,-1.591735,-5.413273,True,0.7997,,,,,,,,,,,2026-08-21T03:22:00Z
2024-01-09,reconstructed,405.75,24.535,12.76,389.098199,377.079499,362.1562,True,4.279588,7.603304,12.037292,3.174603,0.436976,0.479368,-1.397327,-4.792397,True,0.801,,,,,,,,,,,2026-08-21T03:22:00Z
2024-01-10,reconstructed,408.5,25.02,12.69,390.362,377.578699,362.64425,True,4.646456,8.189366,12.64483,3.174603,0.433898,0.472217,-0.72904,-2.910361,True,0.8066,,,,,,,,,,,2026-08-21T03:22:00Z
2024-01-11,reconstructed,409.350006,25.139999,12.44,391.564999,378.090899,363.1472,True,4.542032,8.267617,12.722887,1.190476,0.427733,0.468497,-0.522477,-2.444707,True,0.8183,,,,,,,,,,,2026-08-21T03:22:00Z
2024-01-12,reconstructed,409.559998,25.17,12.7,392.738799,378.547499,363.6594,True,4.28305,8.192498,12.621865,3.571429,0.411102,0.467604,-0.471447,-2.32829,True,0.8514,,,,,,,,,,,2026-08-21T03:22:00Z
2024-01-16,reconstructed,409.519989,25.155001,13.84,393.789999,379.008899,364.1434,True,3.994512,8.05023,12.461187,12.896825,0.410998,0.457286,-0.481169,-2.386495,True,0.8516,,,,,,,,,,,2026-08-21T03:22:00Z
2024-01-17,reconstructed,407.209991,24.719999,14.79,394.665399,379.389899,364.60105,True,3.178539,7.33285,11.686456,19.246032,0.4147,0.454835,-1.042529,-4.07451,True,0.844,,,,,,,,,,,2026-08-21T03:22:00Z
2024-01-18,reconstructed,412.98999,25.780001,14.13,395.570999,379.907599,365.06135,True,4.403506,8.70801,13.128928,15.873016,0.435812,0.448438,0.0,0.0,True,0.8031,,,,,,,,,,,2026-08-21T03:22:00Z
2024-01-19,reconstructed,421.179993,27.27,13.3,396.610399,380.479199,365.5665,True,6.194894,10.697245,15.212962,7.34127,0.477721,0.46022,0.0,0.0,True,0.7326,,,,,,,,,,,2026-08-21T03:22:00Z
2024-01-22,reconstructed,421.730011,27.379999,13.19,397.590999,381.028899,366.0798,True,6.071317,10.681896,15.201661,6.746032,0.435883,0.458379,0.0,0.0,True,0.803,,,,,,,,,,,2026-08-21T03:22:00Z
2024-01-23,reconstructed,423.480011,27.705,12.55,398.601799,381.515999,366.6176,True,6.24137,10.99928,15.510006,2.380952,0.424955,0.426221,0.0,0.0,True,0.8236,,,,,,,,,,,2026-08-21T03:22:00Z
2024-01-24,reconstructed,425.829987,28.16,13.14,399.716999,382.005699,367.1565,True,6.532869,11.472155,15.980511,6.746032,0.426721,0.402583,0.0,0.0,True,0.8202,,,,,,,,,,,2026-08-21T03:22:00Z
2024-01-25,reconstructed,426.350006,28.24,13.45,400.676199,382.4893,367.6989,True,6.40762,11.467172,15.950852,9.52381,0.424323,0.402795,0.0,0.0,True,0.8248,,,,,,,,,,,2026-08-21T03:22:00Z
2024-01-26,reconstructed,423.809998,27.719999,13.26,401.608199,382.9515,368.2388,True,5.528223,10.669366,15.091076,7.738095,0.432511,0.404323,-0.595757,-1.841361,True,0.8092,,,,,,,,,,,2026-08-21T03:22:00Z
2024-01-29,reconstructed,428.149994,28.535,13.6,402.464599,383.452299,368.81435,True,6.382026,11.656651,16.088215,11.706349,0.440886,0.406279,0.0,0.0,True,0.7939,,,,,,,,,,,2026-08-21T03:22:00Z
2024-01-30,reconstructed,425.299988,27.965,13.31,403.258199,383.957899,369.345,True,5.465925,10.767349,15.149789,8.333333,0.44501,0.401145,-0.665656,-1.997546,True,0.7865,,,,,,,,,,,2026-08-21T03:22:00Z
2024-01-31,reconstructed,416.970001,26.32,14.35,403.878599,384.407,369.837,True,3.24142,8.47097,12.744263,19.047619,0.459287,0.413288,-2.611233,-7.762398,True,0.7621,,,,,,,,,,,2026-08-21T03:22:00Z
2024-02-01,reconstructed,421.880005,27.25,13.88,404.595399,384.9,370.3522,True,4.272072,9.607692,13.91319,15.47619,0.449662,0.413309,-1.464437,-4.503241,True,0.7784,,,,,,,,,,,2026-08-21T03:22:00Z
2024-02-02,reconstructed,429.01001,28.620001,13.85,405.360799,385.4204,370.90295,True,5.834114,11.309627,15.666378,14.68254,0.462987,0.422827,0.0,0.0,True,0.756,,,,,,,,,,,2026-08-21T03:22:00Z
2024-02-05,reconstructed,428.450012,28.475,13.67,406.160399,385.977,371.45165,True,5.487884,11.004027,15.344759,13.095238,0.466009,0.421272,-0.130533,-0.50664,True,0.7511,,,,,,,,,,,2026-08-21T03:22:00Z
2024-02-06,reconstructed,427.589996,28.309999,13.06,406.910999,386.5108,372.0082,True,5.081946,10.628214,14.941014,6.150794,0.431435,0.421931,-0.330998,-1.083163,True,0.8112,,,,,,,,,,,2026-08-21T03:22:00Z
2024-02-07,reconstructed,431.98999,29.155001,12.83,407.760599,387.058,372.5851,True,5.942063,11.608594,15.943979,4.365079,0.438368,0.419802,0.0,0.0,True,0.7984,,,,,,,,,,,2026-08-21T03:22:00Z
2024-02-08,reconstructed,432.790009,29.275,12.79,408.632999,387.6778,373.1693,True,5.911664,11.636521,15.976852,4.166667,0.436798,0.401217,0.0,0.0,True,0.8013,,,,,,,,,,,2026-08-21T03:22:00Z
2024-02-09,reconstructed,437.049988,30.135,12.93,409.570198,388.3417,373.8046,True,6.709421,12.542637,16.919371,5.555556,0.442898,0.402634,0.0,0.0,True,0.7902,,,,,,,,,,,2026-08-21T03:22:00Z
2024-02-12,reconstructed,435.339996,29.780001,13.93,410.480798,388.9964,374.42195,True,6.056117,11.913631,16.269892,17.261905,0.448473,0.387161,-0.391258,-1.178031,True,0.7804,,,,,,,,,,,2026-08-21T03:22:00Z
2024-02-13,reconstructed,428.549988,28.370001,15.85,411.275198,389.6365,374.96295,True,4.200299,9.987126,14.291289,26.785714,0.490253,0.402148,-1.944858,-5.856975,True,0.7139,,,,,,,,,,,2026-08-21T03:22:00Z
2024-02-14,reconstructed,433.220001,29.27,14.38,412.140798,390.3901,375.51625,True,5.114564,10.971052,15.366512,20.833333,0.489596,0.405807,-0.876327,-2.870416,True,0.7149,,,,,,,,,,,2026-08-21T03:22:00Z
2024-02-15,reconstructed,434.51001,29.514999,14.01,413.104598,391.1561,376.07785,True,5.181596,11.083532,15.537251,18.452381,0.472903,0.40573,-0.581164,-2.057411,True,0.7401,,,,,,,,,,,2026-08-21T03:22:00Z
2024-02-16,reconstructed,430.570007,28.705,14.24,413.970198,391.8657,376.6338,True,4.009904,9.876932,14.320597,20.436508,0.448114,0.406334,-1.482663,-4.745314,True,0.7811,,,,,,,,,,,2026-08-21T03:22:00Z
2024-02-20,reconstructed,427.320007,28.040001,15.42,414.815599,392.5968,377.18395,True,3.01445,8.844496,13.292203,25.992063,0.457543,0.407663,-2.226285,-6.952047,True,0.765,,,,,,,,,,,2026-08-21T03:22:00Z
2024-02-21,reconstructed,425.609985,27.690001,15.34,415.519199,393.3025,377.73115,True,2.428477,8.214411,12.675374,25.992063,0.458449,0.408835,-2.61755,-8.113488,True,0.7634,,,,,,,,,,,2026-08-21T03:22:00Z
2024-02-22,reconstructed,438.070007,30.084999,14.54,416.437198,394.1031,378.30705,True,5.194735,11.156194,15.797474,22.619048,0.549433,0.441884,0.0,-0.165924,True,0.637,,,,,,,,,,,2026-08-21T03:22:00Z
2024-02-23,reconstructed,436.779999,29.809999,13.75,417.262399,394.8882,378.8725,True,4.677536,10.608521,15.284165,14.285714,0.551374,0.442575,-0.294475,-1.078483,True,0.6348,,,,,,,,,,,2026-08-21T03:22:00Z
2024-02-26,reconstructed,436.549988,29.77,13.74,418.019998,395.6411,379.44705,True,4.4328,10.339898,15.048987,14.285714,0.545769,0.442759,-0.346981,-1.211215,True,0.6413,,,,,,,,,,,2026-08-21T03:22:00Z
2024-02-27,reconstructed,437.600006,29.955,13.43,418.697198,396.4679,380.00935,True,4.514673,10.374637,15.155063,10.515873,0.537675,0.442375,-0.107289,-0.597313,True,0.651,,,,,,,,,,,2026-08-21T03:22:00Z
2024-02-28,reconstructed,435.269989,29.469999,13.84,419.334798,397.2231,380.5547,True,3.800112,9.578217,14.377773,16.269841,0.535697,0.443707,-0.639171,-2.206739,True,0.6534,,,,,,,,,,,2026-08-21T03:22:00Z
2024-02-29,reconstructed,439.0,30.18,13.4,420.007998,398.0262,381.12455,True,4.521819,10.294247,15.185443,10.119048,0.487103,0.445335,0.0,0.0,True,0.7185,,,,,,,,,,,2026-08-21T03:22:00Z
2024-03-01,reconstructed,445.609985,31.565001,13.11,420.778598,398.835299,381.718649,True,5.901295,11.72782,16.737808,7.539683,0.496511,0.447121,0.0,0.0,True,0.7049,,,,,,,,,,,2026-08-21T03:22:00Z
2024-03-04,reconstructed,444.019989,31.190001,13.49,421.475798,399.609899,382.302949,True,5.34887,11.113361,16.14349,11.904762,0.474577,0.448758,-0.356813,-1.188025,True,0.7375,,,,,,,,,,,2026-08-21T03:22:00Z
2024-03-05,reconstructed,436.049988,29.52,14.46,422.135198,400.284499,382.827599,True,3.296288,8.935017,13.902443,23.809524,0.517129,0.462785,-2.145373,-6.478695,True,0.6768,,,,,,,,,,,2026-08-21T03:22:00Z
2024-03-06,reconstructed,438.790009,30.065001,14.5,422.755598,400.960199,383.335199,True,3.792832,9.434804,14.466402,24.206349,0.519257,0.457473,-1.530481,-4.752099,True,0.674,,,,,,,,,,,2026-08-21T03:22:00Z
2024-03-07,reconstructed,445.450012,31.405001,14.44,423.496998,401.715399,383.879899,True,5.183747,10.886964,16.0389,23.214286,0.531641,0.464267,-0.0359,-0.50689,True,0.6583,,,,,,,,,,,2026-08-21T03:22:00Z
2024-03-08,reconstructed,439.019989,30.030001,14.74,424.059798,402.452799,384.386799,True,3.527849,9.086082,14.213076,25.396825,0.558319,0.473507,-1.478871,-4.862981,True,0.6269,,,,,,,,,,,2026-08-21T03:22:00Z
2024-03-11,reconstructed,437.390015,29.68,15.22,424.577598,403.132599,384.906949,True,3.017685,8.497803,13.63526,28.174603,0.550435,0.472976,-1.844656,-5.971805,True,0.6359,,,,,,,,,,,2026-08-21T03:22:00Z
2024-03-12,reconstructed,443.660004,30.940001,13.84,425.224799,403.887199,385.467,True,4.335402,9.847503,15.096754,17.063492,0.56866,0.475211,-0.437598,-1.980041,True,0.6155,,,,,,,,,,,2026-08-21T03:22:00Z
2024-03-13,reconstructed,440.25,30.219999,13.75,425.839399,404.655999,385.96965,True,3.384046,8.796113,14.063373,15.47619,0.546656,0.478447,-1.202842,-4.261052,True,0.6403,,,,,,,,,,,2026-08-21T03:22:00Z
2024-03-14,reconstructed,439.140015,29.975,14.4,426.570399,405.4477,386.42335,True,2.946668,8.309904,13.642205,23.412698,0.537805,0.478803,-1.451936,-5.037225,True,0.6508,,,,,,,,,,,2026-08-21T03:22:00Z
2024-03-15,reconstructed,433.920013,28.879999,14.41,427.2822,406.2409,386.84305,True,1.553496,6.813473,12.169526,23.809524,0.553827,0.484436,-2.623364,-8.506261,True,0.632,,,,,,,,,,,2026-08-21T03:22:00Z
2024-03-18,reconstructed,437.480011,29.695,14.33,428.1062,407.059,387.2905,True,2.189599,7.473367,12.959138,22.81746,0.553179,0.486623,-1.82446,-5.924286,True,0.6327,,,,,,,,,,,2026-08-21T03:22:00Z
2024-03-19,reconstructed,438.570007,29.9,13.82,428.9426,407.8534,387.7233,True,2.244451,7.531286,13.114174,16.468254,0.545082,0.474631,-1.579852,-5.274833,True,0.6421,,,,,,,,,,,2026-08-21T03:22:00Z
2024-03-20,reconstructed,443.769989,30.85,13.04,429.719,408.7877,388.1689,True,3.269809,8.557569,14.323942,6.547619,0.550195,0.474272,-0.412916,-2.265168,True,0.6361,,,,,,,,,,,2026-08-21T03:22:00Z
2024-03-21,reconstructed,445.869995,31.25,12.92,430.5214,409.809799,388.62375,True,3.565118,8.799252,14.730506,5.555556,0.462388,0.474636,0.0,-0.997942,True,0.7569,,,,,,,,,,,2026-08-21T03:22:00Z
2024-03-22,reconstructed,446.380005,31.315001,13.06,431.279,410.8205,389.08145,True,3.501447,8.655728,14.726622,7.34127,0.460415,0.473722,0.0,-0.792016,True,0.7602,,,,,,,,,,,2026-08-21T03:22:00Z
2024-03-25,reconstructed,444.76001,30.995001,13.19,431.9872,411.7761,389.56115,True,2.956757,8.010157,14.169498,8.928571,0.462564,0.474576,-0.362918,-1.805797,True,0.7567,,,,,,,,,,,2026-08-21T03:22:00Z
2024-03-26,reconstructed,443.320007,30.705,13.24,432.6624,412.7006,390.012,True,2.463262,7.419279,13.668299,9.52381,0.464171,0.475154,-0.685514,-2.724539,True,0.754,,,,,,,,,,,2026-08-21T03:22:00Z
2024-03-27,reconstructed,444.829987,30.975,12.78,433.3686,413.5793,390.46365,True,2.64472,7.556154,13.923533,4.166667,0.459891,0.473913,-0.347242,-1.869159,True,0.761,,,,,,,,,,,2026-08-21T03:22:00Z
2024-03-28,reconstructed,444.01001,30.780001,13.01,434.1046,414.385,390.88125,True,2.281802,7.149151,13.592046,6.746032,0.453923,0.460666,-0.530937,-2.486931,True,0.7711,,,,,,,,,,,2026-08-21T03:22:00Z
2024-04-01,reconstructed,444.950012,30.969999,13.65,434.743801,415.1574,391.2897,True,2.347638,7.176221,13.713704,15.873016,0.423108,0.454341,-0.320353,-1.885003,True,0.8272,,,,,,,,,,,2026-08-21T03:22:00Z
2024-04-02,reconstructed,441.109985,30.139999,14.61,435.142401,415.8764,391.66575,True,1.37141,6.067569,12.62409,27.97619,0.431607,0.456872,-1.180613,-4.514497,True,0.8109,,,,,,,,,,,2026-08-21T03:22:00Z
2024-04-03,reconstructed,442.100006,30.34,14.33,435.5498,416.5704,392.02495,True,1.503894,6.128521,12.773436,24.801587,0.385503,0.456877,-0.958824,-3.880882,True,0.9079,,,,,,,,,,,2026-08-21T03:22:00Z
2024-04-04,reconstructed,435.339996,28.91,16.35,435.787,417.1944,392.362,True,-0.102574,4.349434,10.953659,35.31746,0.416622,0.454449,-2.473231,-8.411217,True,0.8401,,,,,,,,,,,2026-08-21T03:22:00Z
2024-04-05,reconstructed,440.470001,29.93,16.030001,436.0798,417.8984,392.72985,True,1.006743,5.401218,12.155977,34.52381,0.404077,0.45913,-1.323985,-5.179788,True,0.8662,,,,,,,,,,,2026-08-21T03:22:00Z
2024-04-08,reconstructed,440.600006,29.950001,15.19,436.3648,418.5205,393.12335,True,0.970565,5.275609,12.076784,31.349206,0.372851,0.457947,-1.294861,-5.116426,True,0.9387,,,,,,,,,,,2026-08-21T03:22:00Z
2024-04-09,reconstructed,442.230011,30.26,14.98,436.733201,419.1707,393.50365,True,1.25862,5.501174,12.382696,30.555556,0.371807,0.458161,-0.9297,-4.134327,True,0.9413,,,,,,,,,,,2026-08-21T03:22:00Z
2024-04-10,reconstructed,438.369995,29.465,15.8,436.937601,419.7011,393.8828,True,0.327826,4.448141,11.294526,33.730159,0.350144,0.462191,-1.794437,-6.652939,True,0.9996,,,,,,,,,,,2026-08-21T03:22:00Z
2024-04-11,reconstructed,445.369995,30.85,14.91,437.339001,420.2986,394.32125,True,1.836332,5.965139,12.945979,30.555556,0.381526,0.470805,-0.226267,-2.265168,True,0.9174,,,,,,,,,,,2026-08-21T03:22:00Z
2024-04-12,reconstructed,438.269989,29.360001,17.309999,437.765001,420.8218,394.69345,True,0.115356,4.146218,11.040604,42.460317,0.419465,0.480928,-1.816841,-6.985585,True,0.8344,,,,,,,,,,,2026-08-21T03:22:00Z
2024-04-15,reconstructed,431.059998,27.885,19.23,437.9486,421.272,395.02605,True,-1.572925,2.323439,9.121917,53.174603,0.437432,0.486047,-3.432055,-11.658483,True,0.8001,,,,,,,,,,,2026-08-21T03:22:00Z
2024-04-16,reconstructed,431.100006,27.889999,18.4,437.9904,421.6756,395.3625,True,-1.573184,2.23499,9.039174,47.222222,0.423356,0.471814,-3.423092,-11.642646,True,0.8267,,,,,,,,,,,2026-08-21T03:22:00Z
2024-04-17,reconstructed,425.839996,26.855,18.209999,437.9382,422.0493,395.6446,True,-2.762537,0.898164,7.63195,46.031746,0.438545,0.478105,-4.601463,-14.921593,True,0.7981,,,,,,,,,,,2026-08-21T03:22:00Z
2024-04-18,reconstructed,423.410004,26.375,18.0,437.8546,422.3828,395.9102,True,-3.298948,0.243193,6.94597,45.833333,0.418285,0.478868,-5.14584,-16.442263,True,0.8367,,,,,,,,,,,2026-08-21T03:22:00Z
2024-04-19,reconstructed,414.649994,24.74,18.709999,437.5078,422.6342,396.13205,True,-5.224548,-1.889153,4.67469,49.603175,0.452897,0.493851,-7.108296,-21.622052,True,0.7728,,,,,,,,,,,2026-08-21T03:22:00Z
2024-04-22,reconstructed,418.820007,25.459999,16.940001,437.2284,422.930699,396.38885,True,-4.210246,-0.971954,5.658877,39.087302,0.473129,0.497795,-6.174111,-19.341047,True,0.7398,,,,,,,,,,,2026-08-21T03:22:00Z
2024-04-23,reconstructed,425.070007,26.594999,15.69,436.988801,423.2795,396.683,True,-2.727483,0.423008,7.156094,33.531746,0.511058,0.505199,-4.773959,-15.745291,True,0.6849,,,,,,,,,,,2026-08-21T03:22:00Z
2024-04-24,reconstructed,426.51001,26.855,15.97,436.812201,423.6465,396.98375,True,-2.358494,0.67592,7.437649,35.119048,0.514454,0.501879,-4.451363,-14.921593,True,0.6803,,,,,,,,,,,2026-08-21T03:22:00Z
2024-04-25,reconstructed,424.450012,26.424999,15.37,436.730201,424.0027,397.26515,True,-2.811848,0.105498,6.843002,32.539683,0.512413,0.501288,-4.912853,-16.283863,True,0.683,,,,,,,,,,,2026-08-21T03:22:00Z
2024-04-26,reconstructed,431.0,27.639999,15.03,436.685801,424.4133,397.55605,True,-1.302035,1.551954,8.412386,31.150794,0.546396,0.495141,-3.445496,-12.434662,True,0.6406,,,,,,,,,,,2026-08-21T03:22:00Z
2024-04-29,reconstructed,432.75,27.969999,14.67,436.650601,424.8776,397.82405,True,-0.8933,1.852863,8.779246,28.373016,0.548312,0.490571,-3.053453,-11.389201,True,0.6383,,,,,,,,,,,2026-08-21T03:22:00Z
2024-04-30,reconstructed,424.589996,26.370001,15.65,436.531001,425.2506,398.05165,True,-2.735431,-0.155344,6.667061,33.730159,0.574691,0.493809,-4.881493,-16.458101,True,0.609,,,,,,,,,,,2026-08-21T03:22:00Z
2024-05-01,reconstructed,421.519989,25.799999,15.39,436.415001,425.6153,398.2462,True,-3.413038,-0.962209,5.844071,33.134921,0.575181,0.495569,-5.569249,-18.263904,True,0.6085,,,,,,,,,,,2026-08-21T03:22:00Z
2024-05-02,reconstructed,426.899994,26.754999,14.68,436.440801,425.98,398.452,True,-2.186048,0.215971,7.139629,28.571429,0.575728,0.50159,-4.363997,-15.238401,True,0.6079,,,,,,,,,,,2026-08-21T03:22:00Z
2024-05-03,reconstructed,435.480011,28.35,13.49,436.389001,426.4131,398.70115,True,-0.208298,2.126321,9.224669,13.492063,0.603147,0.512853,-2.441864,-10.185332,True,0.5803,,,,,,,,,,,2026-08-21T03:22:00Z
2024-05-06,reconstructed,440.25,29.280001,13.49,436.458401,426.8604,399.0186,True,0.868719,3.136763,10.333203,13.690476,0.615703,0.517177,-1.37327,-7.23903,True,0.5685,,,,,,,,,,,2026-08-21T03:22:00Z
2024-05-07,reconstructed,440.320007,29.280001,13.23,436.533801,427.2769,399.34205,True,0.867334,3.052612,10.261368,9.920635,0.614398,0.51367,-1.357587,-7.23903,True,0.5697,,,,,,,,,,,2026-08-21T03:22:00Z
2024-05-08,reconstructed,440.059998,29.225,13.0,436.583001,427.6401,399.6612,True,0.796411,2.904287,10.108261,6.746032,0.607112,0.513097,-1.415836,-7.413275,True,0.5765,,,,,,,,,,,2026-08-21T03:22:00Z
2024-05-09,reconstructed,441.019989,29.385,12.69,436.698001,428.0164,399.9724,True,0.989697,3.038105,10.262605,3.769841,0.58211,0.503521,-1.200774,-6.906385,True,0.6013,,,,,,,,,,,2026-08-21T03:22:00Z
2024-05-10,reconstructed,442.059998,29.584999,12.55,436.759201,428.3836,400.2951,True,1.213666,3.192559,10.433527,2.579365,0.555991,0.499618,-0.967787,-6.272775,True,0.6295,,,,,,,,,,,2026-08-21T03:22:00Z
2024-05-13,reconstructed,443.079987,29.780001,13.6,436.708601,428.7436,400.6274,True,1.458956,3.343814,10.596526,16.269841,0.522138,0.499514,-0.739285,-5.654997,True,0.6703,,,,,,,,,,,2026-08-21T03:22:00Z
2024-05-14,reconstructed,445.929993,30.334999,13.42,436.746801,429.111299,400.93965,True,2.102635,3.919424,11.221226,12.896825,0.524541,0.497374,-0.100814,-3.896726,True,0.6673,,,,,,,,,,,2026-08-21T03:22:00Z
2024-05-15,reconstructed,452.899994,31.735001,12.45,437.083801,429.6095,401.28575,True,3.618572,5.421317,12.862217,1.587302,0.519692,0.503004,0.0,0.0,True,0.6735,,,,,,,,,,,2026-08-21T03:22:00Z
2024-05-16,reconstructed,451.980011,31.540001,12.42,437.347601,430.0516,401.6317,True,3.345716,5.099019,12.535941,0.992063,0.513307,0.502362,-0.203132,-0.614463,True,0.6819,,,,,,,,,,,2026-08-21T03:22:00Z
2024-05-17,reconstructed,451.76001,31.469999,11.99,437.473801,430.4854,402.01855,True,3.265615,4.942005,12.372927,0.198413,0.441791,0.471056,-0.251708,-0.835044,True,0.7922,,,,,,,,,,,2026-08-21T03:22:00Z
2024-05-20,reconstructed,454.910004,32.119999,12.15,437.791602,430.9257,402.42415,True,3.910171,5.565763,13.042422,0.595238,0.438579,0.472223,0.0,0.0,True,0.798,,,,,,,,,,,2026-08-21T03:22:00Z
2024-05-21,reconstructed,455.799988,32.285,11.86,438.159801,431.3687,402.84295,True,4.025971,5.663667,13.145827,0.198413,0.421801,0.472232,0.0,0.0,True,0.8298,,,,,,,,,,,2026-08-21T03:22:00Z
2024-05-22,reconstructed,455.709991,32.264999,12.29,438.400801,431.8128,403.24555,True,3.948257,5.534155,13.010545,1.388889,0.42351,0.472166,-0.019745,-0.06195,True,0.8264,,,,,,,,,,,2026-08-21T03:22:00Z
2024-05-23,reconstructed,453.660004,31.785,12.77,438.669001,432.2542,403.65385,True,3.417384,4.952133,12.388375,5.753968,0.422619,0.471961,-0.469501,-1.548707,True,0.8282,,,,,,,,,,,2026-08-21T03:22:00Z
2024-05-24,reconstructed,457.950012,32.674999,11.93,439.045201,432.8078,404.10405,True,4.305892,5.809094,13.324777,0.396825,0.406615,0.472821,0.0,0.0,True,0.8608,,,,,,,,,,,2026-08-21T03:22:00Z
2024-05-28,reconstructed,459.679993,33.029999,12.92,439.5604,433.4213,404.5595,True,4.577208,6.058468,13.624817,7.936508,0.40652,0.464229,0.0,0.0,True,0.861,,,,,,,,,,,2026-08-21T03:22:00Z
2024-05-29,reconstructed,456.440002,32.34,14.28,439.9396,434.0229,405.0105,True,3.750606,5.164958,12.698313,27.777778,0.344135,0.465676,-0.704836,-2.089006,True,1.0,,,,,,,,,,,2026-08-21T03:22:00Z
2024-05-30,reconstructed,451.549988,31.299999,14.47,440.1992,434.5709,405.4165,True,2.578557,3.907093,11.379282,30.753968,0.358893,0.456953,-1.768623,-5.237662,True,0.9752,,,,,,,,,,,2026-08-21T03:22:00Z
2024-05-31,reconstructed,450.709991,31.264999,12.92,440.338,435.0285,405.83795,True,2.355461,3.604704,11.05664,8.134921,0.346045,0.455588,-1.951358,-5.343625,True,1.0,,,,,,,,,,,2026-08-21T03:22:00Z
2024-06-03,reconstructed,453.130005,31.57,13.11,440.4832,435.5023,406.2909,True,2.871121,4.047672,11.528465,11.309524,0.287854,0.44689,-1.424902,-4.420221,True,1.0,,,,,,,,,,,2026-08-21T03:22:00Z
2024-06-04,reconstructed,454.369995,31.805,13.16,440.643,435.961,406.76985,True,3.115219,4.222624,11.701985,11.706349,0.269496,0.437451,-1.155151,-3.708745,True,1.0,,,,,,,,,,,2026-08-21T03:22:00Z
2024-06-05,reconstructed,463.529999,33.724998,12.63,441.0184,436.5028,407.29685,True,5.104458,6.191758,13.806429,4.761905,0.334202,0.452946,0.0,0.0,True,1.0,,,,,,,,,,,2026-08-21T03:22:00Z
2024-06-06,reconstructed,463.369995,33.685001,12.58,441.419399,437.0409,407.7942,True,4.97273,6.024401,13.628393,4.365079,0.333959,0.445283,-0.034519,-0.118598,True,1.0,,,,,,,,,,,2026-08-21T03:22:00Z
2024-06-07,reconstructed,462.959991,33.560001,12.22,441.782,437.5753,408.292099,True,4.793765,5.801217,13.389407,1.388889,0.336221,0.442373,-0.122971,-0.489243,True,1.0,,,,,,,,,,,2026-08-21T03:22:00Z
2024-06-10,reconstructed,464.829987,33.915001,12.74,442.198399,438.1515,408.770699,True,5.117971,6.088873,13.714116,6.349206,0.336478,0.442183,0.0,0.0,True,1.0,,,,,,,,,,,2026-08-21T03:22:00Z
2024-06-11,reconstructed,468.019989,34.615002,12.85,442.659799,438.7018,409.304699,True,5.729048,6.682943,14.34513,8.134921,0.339894,0.436142,0.0,0.0,True,1.0,,,,,,,,,,,2026-08-21T03:22:00Z
2024-06-12,reconstructed,474.149994,35.98,12.04,443.320599,439.2315,409.855349,True,6.954199,7.949907,15.687155,0.793651,0.356336,0.439461,0.0,0.0,True,0.9822,,,,,,,,,,,2026-08-21T03:22:00Z
2024-06-13,reconstructed,476.720001,36.555,11.94,444.012999,439.7814,410.405149,True,7.366226,8.39931,16.158387,0.595238,0.329479,0.440147,0.0,0.0,True,1.0,,,,,,,,,,,2026-08-21T03:22:00Z
2024-06-14,reconstructed,479.190002,37.084999,12.66,444.889999,440.338499,410.927249,True,7.709772,8.823099,16.611883,5.753968,0.326443,0.436859,0.0,0.0,True,1.0,,,,,,,,,,,2026-08-21T03:22:00Z
2024-06-17,reconstructed,485.059998,38.43,12.75,445.781799,440.9308,411.46825,True,8.811082,10.008191,17.885158,7.142857,0.33832,0.441612,0.0,0.0,True,1.0,,,,,,,,,,,2026-08-21T03:22:00Z
2024-06-18,reconstructed,485.209991,38.450001,12.3,446.673998,441.519399,412.00435,True,8.62732,9.895509,17.768172,2.380952,0.337658,0.44165,0.0,0.0,True,1.0,,,,,,,,,,,2026-08-21T03:22:00Z
2024-06-20,reconstructed,481.470001,37.544998,13.28,447.458798,442.095999,412.52375,True,7.600969,8.906211,16.713281,15.47619,0.357069,0.444292,-0.770798,-2.353713,True,0.9802,,,,,,,,,,,2026-08-21T03:22:00Z
2024-06-21,reconstructed,480.179993,37.200001,13.2,448.294998,442.616299,413.034299,True,7.112503,8.48674,16.256687,14.880952,0.361027,0.444271,-1.036664,-3.250975,True,0.9695,,,,,,,,,,,2026-08-21T03:22:00Z
2024-06-24,reconstructed,473.959991,35.939999,13.33,448.866798,443.102899,413.530399,True,5.590343,6.963866,14.613095,16.666667,0.382234,0.450694,-2.318584,-6.527964,True,0.9157,,,,,,,,,,,2026-08-21T03:22:00Z
2024-06-25,reconstructed,479.380005,37.139999,12.84,449.688998,443.727,414.067,True,6.602565,8.034897,15.773536,8.730159,0.386718,0.454566,-1.201539,-3.407026,True,0.9051,,,,,,,,,,,2026-08-21T03:22:00Z
2024-06-26,reconstructed,480.369995,37.23,12.55,450.675198,444.311899,414.60595,True,6.588957,8.115492,15.861819,4.960317,0.386675,0.454538,-0.997505,-3.172955,True,0.9052,,,,,,,,,,,2026-08-21T03:22:00Z
2024-06-27,reconstructed,481.609985,37.5,12.24,451.685398,444.837899,415.129149,True,6.625095,8.266401,16.014495,1.984127,0.373111,0.450186,-0.741948,-2.470743,True,0.9381,,,,,,,,,,,2026-08-21T03:22:00Z
2024-06-28,reconstructed,479.109985,36.91,12.44,452.750798,445.344499,415.660749,True,5.822008,7.58188,15.264669,3.571429,0.353907,0.451967,-1.257189,-4.005204,True,0.989,,,,,,,,,,,2026-08-21T03:22:00Z
2024-07-01,reconstructed,481.920013,37.514999,12.22,453.920998,445.887799,416.199299,True,6.168257,8.081005,15.790683,1.984127,0.353045,0.440061,-0.678052,-2.431733,True,0.9914,,,,,,,,,,,2026-08-21T03:22:00Z
2024-07-02,reconstructed,486.980011,38.665001,12.03,455.367598,446.437699,416.74785,True,6.942174,9.081292,16.852435,0.992063,0.361039,0.438789,0.0,0.0,True,0.9694,,,,,,,,,,,2026-08-21T03:22:00Z
2024-07-03,reconstructed,491.040009,39.615002,12.09,456.811998,447.020199,417.349,True,7.4928,9.847387,17.656927,1.587302,0.364263,0.440593,0.0,0.0,True,0.9608,,,,,,,,,,,2026-08-21T03:22:00Z
2024-07-05,reconstructed,496.160004,40.814999,12.48,458.233798,447.611299,417.9765,True,8.276606,10.846175,18.705239,5.357143,0.323926,0.443503,0.0,0.0,True,1.0,,,,,,,,,,,2026-08-21T03:22:00Z
2024-07-08,reconstructed,497.339996,41.084999,12.37,459.650398,448.231299,418.61385,True,8.199623,10.956106,18.806388,3.571429,0.321598,0.43857,0.0,0.0,True,1.0,,,,,,,,,,,2026-08-21T03:22:00Z
2024-07-09,reconstructed,497.769989,41.174999,12.51,461.116797,448.923499,419.28,True,7.948787,10.880805,18.720184,5.753968,0.318889,0.430181,0.0,0.0,True,1.0,,,,,,,,,,,2026-08-21T03:22:00Z
2024-07-10,reconstructed,502.959991,42.465,12.85,462.555997,449.620899,420.0055,True,8.734941,11.863126,19.750811,11.309524,0.327379,0.418696,0.0,0.0,True,1.0,,,,,,,,,,,2026-08-21T03:22:00Z
2024-07-11,reconstructed,491.929993,39.674999,12.92,463.739597,450.195099,420.6756,True,6.078928,9.270402,16.938086,12.5,0.424485,0.428726,-2.193017,-6.570119,True,0.8245,,,,,,,,,,,2026-08-21T03:22:00Z
2024-07-12,reconstructed,494.820007,40.32,12.46,465.144197,450.837599,421.35165,True,6.379916,9.75571,17.436352,5.15873,0.408818,0.429019,-1.618416,-5.05122,True,0.8561,,,,,,,,,,,2026-08-21T03:22:00Z
2024-07-15,reconstructed,496.149994,40.619999,13.12,466.636797,451.525899,422.06135,True,6.324661,9.882954,17.553999,16.071429,0.407181,0.419271,-1.353984,-4.344757,True,0.8596,,,,,,,,,,,2026-08-21T03:22:00Z
2024-07-16,reconstructed,496.339996,40.650002,13.19,468.025598,452.233199,422.76785,True,6.049754,9.753109,17.402493,17.261905,0.406122,0.416229,-1.316207,-4.274105,True,0.8618,,,,,,,,,,,2026-08-21T03:22:00Z
2024-07-17,reconstructed,481.769989,37.075001,14.48,468.951397,452.670199,423.386649,True,2.733459,6.428475,13.789603,37.103175,0.506,0.437607,-4.213059,-12.692804,True,0.6917,,,,,,,,,,,2026-08-21T03:22:00Z
2024-07-18,reconstructed,479.48999,36.52,15.93,469.736197,453.097299,423.992749,True,2.076441,5.82495,13.089196,46.230159,0.508245,0.437482,-4.666375,-13.999764,True,0.6886,,,,,,,,,,,2026-08-21T03:22:00Z
2024-07-19,reconstructed,475.23999,35.529999,16.52,470.434597,453.484199,424.562649,True,1.02148,4.797475,11.936363,48.809524,0.510399,0.43543,-5.511373,-16.331099,True,0.6857,,,,,,,,,,,2026-08-21T03:22:00Z
2024-07-22,reconstructed,482.320007,37.080002,14.91,471.279797,453.931399,425.199649,True,2.342602,6.253942,13.433774,41.269841,0.534724,0.442415,-4.103703,-12.681027,True,0.6545,,,,,,,,,,,2026-08-21T03:22:00Z
2024-07-23,reconstructed,480.619995,36.68,14.72,472.071797,454.384899,425.803999,True,1.810784,5.773761,12.873528,38.888889,0.521214,0.441444,-4.441704,-13.622983,True,0.6715,,,,,,,,,,,2026-08-21T03:22:00Z
2024-07-24,reconstructed,463.380005,32.724998,18.040001,472.498197,454.628699,426.327449,True,-1.929783,1.924935,8.691102,58.730159,0.63533,0.491448,-7.869411,-22.93654,True,0.5509,,,,,,,,,,,2026-08-21T03:22:00Z
2024-07-25,reconstructed,458.269989,31.635,18.459999,472.801997,454.755299,426.795299,True,-3.073593,0.772875,7.374657,60.714286,0.642033,0.496771,-8.885399,-25.503355,True,0.5451,,,,,,,,,,,2026-08-21T03:22:00Z
2024-07-26,reconstructed,462.970001,32.540001,16.389999,473.142797,454.944799,427.277349,True,-2.150048,1.763995,8.353509,48.809524,0.652838,0.483641,-7.950929,-23.372187,True,0.5361,,,,,,,,,,,2026-08-21T03:22:00Z
2024-07-29,reconstructed,463.899994,32.73,16.6,473.362797,455.223299,427.753899,True,-1.999059,1.90603,8.450208,49.603175,0.653165,0.4807,-7.766025,-22.924763,True,0.5359,,,,,,,,,,,2026-08-21T03:22:00Z
2024-07-30,reconstructed,457.529999,31.395,17.690001,473.473797,455.410699,428.185449,True,-3.367409,0.46536,6.853234,56.944444,0.659652,0.484606,-9.032526,-26.068526,True,0.5306,,,,,,,,,,,2026-08-21T03:22:00Z
2024-07-31,reconstructed,471.070007,34.139999,16.360001,473.859997,455.666899,428.691149,True,-0.588779,3.380344,9.885639,48.809524,0.730755,0.501512,-6.340461,-19.604382,True,0.479,,,,,,,,,,,2026-08-21T03:22:00Z
2024-08-01,reconstructed,459.660004,31.68,18.59,473.954997,455.873299,429.163049,True,-3.016108,0.830648,7.106146,62.896825,0.758554,0.521093,-8.609032,-25.397386,True,0.4614,,,,,,,,,,,2026-08-21T03:22:00Z
2024-08-02,reconstructed,448.75,29.370001,23.389999,473.813997,455.986899,429.559749,True,-5.289839,-1.587085,4.467423,86.706349,0.774141,0.543161,-10.778192,-30.837158,True,0.4521,,,,,,,,,,,2026-08-21T03:22:00Z
2024-08-05,reconstructed,435.369995,26.809999,38.57,473.407197,455.903999,429.895599,True,-8.034775,-4.504019,1.273425,100.0,0.809889,0.572194,-13.438444,-36.865656,True,0.4322,,,,,,,,,,,2026-08-21T03:22:00Z
2024-08-06,reconstructed,439.529999,27.48,27.709999,473.124597,455.896799,430.276399,True,-7.100582,-3.590023,2.150618,95.039683,0.822073,0.574499,-12.61134,-35.287885,True,0.4258,,,,,,,,,,,2026-08-21T03:22:00Z
2024-08-07,reconstructed,434.769989,26.594999,27.85,472.660997,455.853099,430.650399,True,-8.016529,-4.624979,0.956597,95.039683,0.801451,0.577945,-13.557739,-37.371955,True,0.4367,,,,,,,,,,,2026-08-21T03:22:00Z
2024-08-08,reconstructed,448.070007,29.030001,23.790001,472.428797,455.994599,431.117749,True,-5.156076,-1.73787,3.932164,87.103175,0.878168,0.608219,-10.91339,-31.637818,True,0.3986,,,,,,,,,,,2026-08-21T03:22:00Z
2024-08-09,reconstructed,450.410004,29.424999,20.370001,472.308197,456.123899,431.591449,True,-4.63642,-1.252707,4.36027,74.404762,0.877005,0.607659,-10.448145,-30.707644,True,0.3991,,,,,,,,,,,2026-08-21T03:22:00Z
2024-08-12,reconstructed,451.380005,29.625,20.709999,472.304797,456.251999,432.052699,True,-4.430358,-1.06783,4.473368,76.785714,0.876798,0.600262,-10.255286,-30.236666,True,0.3992,,,,,,,,,,,2026-08-21T03:22:00Z
2024-08-13,reconstructed,462.579987,31.780001,18.120001,472.542197,456.440099,432.613899,True,-2.108216,1.345168,6.926751,59.722222,0.928774,0.618548,-8.028473,-25.161897,True,0.3768,,,,,,,,,,,2026-08-21T03:22:00Z
2024-08-14,reconstructed,462.730011,31.834999,16.190001,472.734197,456.608699,433.209249,True,-2.116239,1.340604,6.814435,48.611111,0.883145,0.618516,-7.998644,-25.032382,True,0.3963,,,,,,,,,,,2026-08-21T03:22:00Z
2024-08-15,reconstructed,474.420013,34.23,15.23,473.135198,456.889099,433.854799,True,0.271554,3.837017,9.349952,43.253968,0.928042,0.635814,-5.674403,-19.392442,True,0.3771,,,,,,,,,,,2026-08-21T03:22:00Z
2024-08-16,reconstructed,475.029999,34.32,14.8,473.365198,457.191799,434.483949,True,0.351695,3.901689,9.332002,39.880952,0.923192,0.63578,-5.553124,-19.180503,True,0.3791,,,,,,,,,,,2026-08-21T03:22:00Z
2024-08-19,reconstructed,481.269989,35.650002,14.65,473.723198,457.571299,435.135949,True,1.59308,5.179234,10.602213,38.492063,0.920288,0.64024,-4.312471,-16.048507,True,0.3803,,,,,,,,,,,2026-08-21T03:22:00Z
2024-08-20,reconstructed,480.26001,35.43,15.88,474.069198,457.925599,435.752449,True,1.305888,4.877301,10.213955,47.02381,0.919739,0.639481,-4.513278,-16.566584,True,0.3805,,,,,,,,,,,2026-08-21T03:22:00Z
2024-08-21,reconstructed,482.5,35.915001,16.27,474.422598,458.310499,436.347749,True,1.702575,5.277972,10.576943,49.603175,0.827538,0.637724,-4.067916,-15.424465,True,0.4229,,,,,,,,,,,2026-08-21T03:22:00Z
2024-08-22,reconstructed,474.850006,34.189999,17.549999,474.559199,458.609499,436.883449,True,0.061279,3.54125,8.690317,58.134921,0.838381,0.645749,-5.588911,-19.48664,True,0.4175,,,,,,,,,,,2026-08-21T03:22:00Z
2024-08-23,reconstructed,480.0,35.264999,15.86,474.676199,458.998399,437.437399,True,1.121565,4.575528,9.729987,47.02381,0.839489,0.646939,-4.564974,-16.955141,True,0.4169,,,,,,,,,,,2026-08-21T03:22:00Z
2024-08-26,reconstructed,475.339996,34.23,16.15,474.648599,459.330799,437.950599,True,0.145665,3.485331,8.537355,49.603175,0.848465,0.646326,-5.491489,-19.392442,True,0.4125,,,,,,,,,,,2026-08-21T03:22:00Z
2024-08-27,reconstructed,476.76001,34.52,15.43,474.599999,459.744999,438.469699,True,0.455122,3.700967,8.732715,44.84127,0.832148,0.646407,-5.209158,-18.709525,True,0.4206,,,,,,,,,,,2026-08-21T03:22:00Z
2024-08-28,reconstructed,471.350006,33.349998,17.110001,474.325799,460.053799,438.976099,True,-0.627373,2.45541,7.374868,55.753968,0.78489,0.650485,-6.284791,-21.46474,True,0.4459,,,,,,,,,,,2026-08-21T03:22:00Z
2024-08-29,reconstructed,470.660004,33.174999,15.65,474.034799,460.354399,439.437449,True,-0.71193,2.238624,7.105119,45.634921,0.737975,0.65053,-6.42198,-21.876842,True,0.4743,,,,,,,,,,,2026-08-21T03:22:00Z
2024-08-30,reconstructed,476.269989,34.305,15.0,473.930799,460.694799,439.932749,True,0.493572,3.380804,8.259726,42.261905,0.687334,0.642554,-5.306586,-19.215824,True,0.5092,,,,,,,,,,,2026-08-21T03:22:00Z
2024-09-03,reconstructed,461.809998,31.174999,20.719999,473.563399,460.929199,440.315149,True,-2.481907,0.191092,4.881696,78.174603,0.694983,0.669847,-8.181564,-26.586603,True,0.5036,,,,,,,,,,,2026-08-21T03:22:00Z
2024-09-04,reconstructed,460.609985,30.91,21.32,473.296399,461.081599,440.690099,True,-2.680437,-0.102284,4.520157,80.15873,0.694597,0.67002,-8.420154,-27.210645,True,0.5039,,,,,,,,,,,2026-08-21T03:22:00Z
2024-09-05,reconstructed,461.040009,31.01,19.9,472.929599,461.309299,441.065549,True,-2.51403,-0.058375,4.528683,73.412698,0.679425,0.669672,-8.334656,-26.975156,True,0.5151,,,,,,,,,,,2026-08-21T03:22:00Z
2024-09-06,reconstructed,448.690002,28.495001,22.379999,472.295999,461.485599,441.378799,True,-4.998136,-2.772697,1.656446,84.52381,0.676153,0.688094,-10.79012,-32.897679,True,0.5176,,,,,,,,,,,2026-08-21T03:22:00Z
2024-09-09,reconstructed,454.459991,29.555,19.450001,471.752999,461.719199,441.697399,True,-3.665691,-1.572213,2.889442,71.825397,0.687566,0.68753,-9.642914,-30.401507,True,0.509,,,,,,,,,,,2026-08-21T03:22:00Z
2024-09-10,reconstructed,458.660004,30.35,19.08,471.344,462.047399,442.048349,True,-2.691027,-0.733127,3.757882,69.444444,0.693444,0.689135,-8.807855,-28.529376,True,0.5047,,,,,,,,,,,2026-08-21T03:22:00Z
2024-09-11,reconstructed,468.619995,32.285,17.690001,471.077999,462.499499,442.441149,True,-0.521783,1.323352,5.91691,59.920635,0.681945,0.701502,-6.82758,-23.972684,True,0.5132,,,,,,,,,,,2026-08-21T03:22:00Z
2024-09-12,reconstructed,473.220001,33.240002,17.07,470.802799,463.085199,442.859699,True,0.513421,2.18854,6.855513,55.952381,0.689101,0.700103,-5.912993,-21.723769,True,0.5079,,,,,,,,,,,2026-08-21T03:22:00Z
2024-09-13,reconstructed,475.339996,33.674999,16.559999,470.488799,463.650399,443.290549,True,1.031097,2.521209,7.229896,51.984127,0.636055,0.700727,-5.491489,-20.699402,True,0.5503,,,,,,,,,,,2026-08-21T03:22:00Z
2024-09-16,reconstructed,473.23999,33.224998,17.139999,470.030399,464.132098,443.705799,True,0.682848,1.962349,6.656255,57.142857,0.637697,0.699654,-5.909019,-21.7591,True,0.5489,,,,,,,,,,,2026-08-21T03:22:00Z
2024-09-17,reconstructed,473.48999,33.244999,17.610001,469.553398,464.601898,444.124199,True,0.838369,1.913055,6.612067,60.31746,0.620429,0.699456,-5.859313,-21.712001,True,0.5641,,,,,,,,,,,2026-08-21T03:22:00Z
2024-09-18,reconstructed,471.440002,32.810001,18.23,469.026799,465.071798,444.537249,True,0.514513,1.369295,6.051856,64.285714,0.62142,0.696562,-6.266898,-22.736368,True,0.5632,,,,,,,,,,,2026-08-21T03:22:00Z
2024-09-19,reconstructed,483.359985,35.290001,16.33,468.634799,465.595398,445.004349,True,3.142145,3.815456,8.61916,50.793651,0.679696,0.710573,-3.896931,-16.896266,True,0.5149,,,,,,,,,,,2026-08-21T03:22:00Z
2024-09-20,reconstructed,482.440002,35.064999,16.15,468.444999,466.092298,445.484949,True,2.987545,3.507396,8.295466,50.396825,0.656332,0.710681,-4.079845,-17.426119,True,0.5333,,,,,,,,,,,2026-08-21T03:22:00Z
2024-09-23,reconstructed,483.040009,35.325001,15.89,468.209399,466.676798,445.963699,True,3.167516,3.506326,8.313751,48.015873,0.647563,0.710689,-3.96055,-16.813845,True,0.5405,,,,,,,,,,,2026-08-21T03:22:00Z
2024-09-24,reconstructed,485.369995,35.825001,15.39,467.993799,467.315298,446.465299,True,3.712912,3.863494,8.713935,44.84127,0.638977,0.710501,-3.497295,-15.636405,True,0.5478,,,,,,,,,,,2026-08-21T03:22:00Z
2024-09-25,reconstructed,485.820007,35.834999,15.41,467.783399,467.904498,446.942249,True,3.855761,3.828882,8.698609,45.039683,0.638719,0.709729,-3.407823,-15.61286,True,0.548,,,,,,,,,,,2026-08-21T03:22:00Z
2024-09-26,reconstructed,489.470001,36.595001,15.37,467.937399,468.444398,447.428749,True,4.601599,4.488388,9.396189,44.642857,0.626738,0.708262,-2.68212,-13.823146,True,0.5584,,,,,,,,,,,2026-08-21T03:22:00Z
2024-09-27,reconstructed,486.75,35.965,16.959999,468.082599,468.909398,447.884899,True,3.988057,3.804701,8.677475,56.150794,0.630863,0.707266,-3.222919,-15.306723,True,0.5548,,,,,,,,,,,2026-08-21T03:22:00Z
2024-09-30,reconstructed,488.070007,36.244999,16.73,468.3392,469.386898,448.331899,True,4.212931,3.980322,8.863547,53.769841,0.621529,0.704564,-2.960471,-14.647359,True,0.5631,,,,,,,,,,,2026-08-21T03:22:00Z
2024-10-01,reconstructed,481.269989,34.709999,19.26,468.318199,469.798998,448.719549,True,2.765596,2.441681,7.254072,74.007937,0.541808,0.709434,-4.312471,-18.262101,True,0.646,,,,,,,,,,,2026-08-21T03:22:00Z
2024-10-02,reconstructed,481.950012,34.84,18.9,468.3448,470.208298,449.112349,True,2.904956,2.49713,7.311681,70.436508,0.539216,0.709478,-4.177267,-17.955964,True,0.6491,,,,,,,,,,,2026-08-21T03:22:00Z
2024-10-03,reconstructed,481.589996,34.759998,20.49,468.709,470.603598,449.493599,True,2.748186,2.334533,7.140568,79.761905,0.540025,0.706113,-4.248846,-18.144358,True,0.6481,,,,,,,,,,,2026-08-21T03:22:00Z
2024-10-04,reconstructed,487.320007,35.985001,19.209999,469.29,471.045999,449.894799,True,3.841976,3.454866,8.318658,73.809524,0.438765,0.697683,-3.109588,-15.259624,True,0.7977,,,,,,,,,,,2026-08-21T03:22:00Z
2024-10-07,reconstructed,482.100006,34.799999,22.639999,469.6726,471.407699,450.259499,True,2.645972,2.268166,7.07159,90.079365,0.455827,0.699867,-4.147444,-18.050161,True,0.7678,,,,,,,,,,,2026-08-21T03:22:00Z
2024-10-08,reconstructed,489.299988,36.310001,21.42,470.1806,471.771699,450.690599,True,4.066392,3.715418,8.566717,84.920635,0.468205,0.705679,-2.715923,-14.494286,True,0.7475,,,,,,,,,,,2026-08-21T03:22:00Z
2024-10-09,reconstructed,493.149994,37.185001,20.860001,470.893,472.183398,451.117499,True,4.72655,4.44035,9.317416,82.738095,0.426454,0.70753,-1.950453,-12.433766,True,0.8207,,,,,,,,,,,2026-08-21T03:22:00Z
2024-10-10,reconstructed,492.589996,37.055,20.93,471.3234,472.591698,451.538549,True,4.512103,4.231623,9.09146,83.134921,0.419775,0.683714,-2.061793,-12.739903,True,0.8338,,,,,,,,,,,2026-08-21T03:22:00Z
2024-10-11,reconstructed,493.359985,37.150002,20.459999,471.997399,472.976198,451.950949,True,4.525997,4.309686,9.162286,79.960317,0.419005,0.682918,-1.908702,-12.516187,True,0.8353,,,,,,,,,,,2026-08-21T03:22:00Z
2024-10-14,reconstructed,497.5,38.099998,19.700001,472.972399,473.393198,452.380949,True,5.185842,5.092342,9.973685,76.190476,0.418861,0.682123,-1.085572,-10.279057,True,0.8356,,,,,,,,,,,2026-08-21T03:22:00Z
2024-10-15,reconstructed,490.850006,36.580002,20.639999,474.082,473.744598,452.778699,True,3.536942,3.610681,8.40837,81.944444,0.450767,0.681873,-2.407743,-13.858468,True,0.7765,,,,,,,,,,,2026-08-21T03:22:00Z
2024-10-16,reconstructed,490.910004,36.560001,19.58,475.1096,474.117098,453.185649,True,3.325634,3.541932,8.324261,75.595238,0.446206,0.681459,-2.395814,-13.905566,True,0.7844,,,,,,,,,,,2026-08-21T03:22:00Z
2024-10-17,reconstructed,491.25,36.669998,19.110001,476.2392,474.450098,453.628949,True,3.151946,3.540921,8.293353,73.214286,0.362091,0.642712,-2.328215,-13.646537,True,0.9666,,,,,,,,,,,2026-08-21T03:22:00Z
2024-10-18,reconstructed,494.470001,37.32,18.030001,477.1672,474.797998,454.109649,True,3.626151,4.143236,8.887799,64.68254,0.364646,0.638997,-1.688005,-12.115861,True,0.9598,,,,,,,,,,,2026-08-21T03:22:00Z
2024-10-21,reconstructed,495.420013,37.525002,18.370001,478.0674,475.187798,454.605349,True,3.629742,4.25773,8.978043,66.865079,0.364428,0.636879,-1.499121,-11.633106,True,0.9604,,,,,,,,,,,2026-08-21T03:22:00Z
2024-10-22,reconstructed,495.959991,37.634998,18.200001,478.959,475.631898,455.101399,True,3.549571,4.273913,8.97791,65.47619,0.362155,0.636855,-1.391761,-11.374077,True,0.9664,,,,,,,,,,,2026-08-21T03:22:00Z
2024-10-23,reconstructed,488.359985,35.895,19.24,479.4746,476.008398,455.518449,True,1.85315,2.594825,7.209705,75.198413,0.401773,0.638554,-2.902817,-15.471564,True,0.8711,,,,,,,,,,,2026-08-21T03:22:00Z
2024-10-24,reconstructed,492.320007,36.75,19.08,480.0664,476.400298,455.951299,True,2.552482,3.341666,7.976446,73.214286,0.40367,0.615535,-2.115473,-13.458142,True,0.867,,,,,,,,,,,2026-08-21T03:22:00Z
2024-10-25,reconstructed,495.320007,37.369999,20.33,480.484399,476.809799,456.385399,True,3.087636,3.882095,8.531081,80.555556,0.401936,0.59654,-1.519004,-11.998119,True,0.8708,,,,,,,,,,,2026-08-21T03:22:00Z
2024-10-28,reconstructed,495.399994,37.404999,19.799999,480.891799,477.128499,456.815649,True,3.016935,3.829471,8.446371,78.174603,0.401414,0.574966,-1.503101,-11.915698,True,0.8719,,,,,,,,,,,2026-08-21T03:22:00Z
2024-10-29,reconstructed,500.160004,38.439999,19.34,481.2696,477.496399,457.268649,True,3.925119,4.746341,9.379903,75.992063,0.375169,0.543939,-0.556702,-9.478398,True,0.9329,,,,,,,,,,,2026-08-21T03:22:00Z
2024-10-30,reconstructed,496.380005,37.584999,20.35,481.592,477.830599,457.702949,True,3.07065,3.882005,8.450253,81.746032,0.387802,0.545728,-1.308252,-11.491819,True,0.9025,,,,,,,,,,,2026-08-21T03:22:00Z
2024-10-31,reconstructed,483.850006,34.724998,23.16,481.619,478.020799,458.086149,True,0.463231,1.219446,5.624238,95.039683,0.481146,0.56583,-3.799504,-18.226779,True,0.7274,,,,,,,,,,,2026-08-21T03:22:00Z
2024-11-01,reconstructed,487.429993,35.465,21.879999,481.870599,478.214899,458.458349,True,1.153711,1.926978,6.319362,89.68254,0.47018,0.537584,-3.087721,-16.484163,True,0.7444,,,,,,,,,,,2026-08-21T03:22:00Z
2024-11-04,reconstructed,486.01001,35.134998,21.98,481.9908,478.333499,458.782499,True,0.833877,1.604845,5.934732,90.47619,0.455691,0.537869,-3.370046,-17.261278,True,0.7681,,,,,,,,,,,2026-08-21T03:22:00Z
2024-11-05,reconstructed,492.209991,36.470001,20.49,482.328199,478.488399,459.134899,True,2.048769,2.867696,7.203785,82.738095,0.449375,0.54246,-2.137347,-14.117506,True,0.7789,,,,,,,,,,,2026-08-21T03:22:00Z
2024-11-06,reconstructed,505.579987,39.43,16.27,482.904599,478.752299,459.545399,True,4.695625,5.603668,10.017419,51.785714,0.527753,0.547267,0.0,-7.147062,True,0.6632,,,,,,,,,,,2026-08-21T03:22:00Z
2024-11-07,reconstructed,513.539978,41.275002,15.2,483.748398,479.037099,459.983949,True,6.158486,7.202548,11.643021,43.650794,0.54873,0.554151,0.0,-2.802305,True,0.6378,,,,,,,,,,,2026-08-21T03:22:00Z
2024-11-08,reconstructed,514.140015,41.375,14.94,484.617999,479.326399,460.422899,True,6.091812,7.263029,11.666908,42.063492,0.548742,0.534443,0.0,-2.56682,True,0.6378,,,,,,,,,,,2026-08-21T03:22:00Z
2024-11-11,reconstructed,513.840027,41.299999,14.97,485.369399,479.650099,460.873049,True,5.865765,7.128098,11.492748,42.261905,0.54436,0.534559,-0.058347,-2.743438,True,0.643,,,,,,,,,,,2026-08-21T03:22:00Z
2024-11-12,reconstructed,512.909973,41.075001,14.71,486.391399,479.977399,461.296849,True,5.452106,6.861276,11.188701,39.087302,0.520212,0.529817,-0.239243,-3.273282,True,0.6728,,,,,,,,,,,2026-08-21T03:22:00Z
2024-11-13,reconstructed,512.25,40.895,14.02,487.424199,480.360299,461.731599,True,5.093264,6.638705,10.941075,31.746032,0.521062,0.529699,-0.367607,-3.697162,True,0.6717,,,,,,,,,,,2026-08-21T03:22:00Z
2024-11-14,reconstructed,508.690002,40.029999,14.31,488.377199,480.653399,462.190199,True,4.159245,5.833019,10.060751,34.325397,0.529963,0.53149,-1.060025,-5.734137,True,0.6604,,,,,,,,,,,2026-08-21T03:22:00Z
2024-11-15,reconstructed,496.570007,37.134998,16.139999,489.334799,480.815399,462.563649,True,1.47858,3.276644,7.351714,52.18254,0.593672,0.543523,-3.417358,-12.551517,True,0.5896,,,,,,,,,,,2026-08-21T03:22:00Z
2024-11-18,reconstructed,500.019989,37.884998,15.58,490.245999,480.999499,462.918699,True,1.993691,3.954368,8.014645,47.222222,0.597619,0.541402,-2.746339,-10.785357,True,0.5857,,,,,,,,,,,2026-08-21T03:22:00Z
2024-11-19,reconstructed,503.459991,38.645,16.35,491.141999,481.242999,463.293749,True,2.508031,4.616585,8.669714,53.968254,0.601375,0.538733,-2.07726,-8.995643,True,0.582,,,,,,,,,,,2026-08-21T03:22:00Z
2024-11-20,reconstructed,503.170013,38.599998,17.16,491.832999,481.455499,463.671649,True,2.305054,4.510181,8.518607,60.912698,0.574079,0.538646,-2.13366,-9.101617,True,0.6097,,,,,,,,,,,2026-08-21T03:22:00Z
2024-11-21,reconstructed,504.980011,38.98,16.870001,492.468199,481.635499,464.036599,True,2.540633,4.846925,8.823315,57.142857,0.569894,0.53348,-1.781617,-8.20676,True,0.6141,,,,,,,,,,,2026-08-21T03:22:00Z
2024-11-22,reconstructed,505.790009,39.125,15.24,493.0772,481.782999,464.401599,True,2.578259,4.982951,8.912202,45.238095,0.56773,0.533193,-1.624072,-7.865301,True,0.6165,,,,,,,,,,,2026-08-21T03:22:00Z
2024-11-25,reconstructed,506.589996,39.305,14.6,493.7442,481.887299,464.749299,True,2.601711,5.12624,9.002853,38.492063,0.56771,0.529341,-1.468475,-7.441422,True,0.6165,,,,,,,,,,,2026-08-21T03:22:00Z
2024-11-26,reconstructed,509.309998,39.915001,14.1,494.4606,482.006999,465.119149,True,3.003151,5.66444,9.500974,32.142857,0.562346,0.492227,-0.939436,-6.004943,True,0.6224,,,,,,,,,,,2026-08-21T03:22:00Z
2024-11-27,reconstructed,505.299988,38.950001,14.1,495.1378,482.082299,465.502899,True,2.052396,4.816126,8.549268,32.34127,0.563515,0.49505,-1.719381,-8.277403,True,0.6211,,,,,,,,,,,2026-08-21T03:22:00Z
2024-11-29,reconstructed,509.73999,39.945,13.51,495.6654,482.150099,465.885499,True,2.839535,5.722262,9.413148,22.81746,0.485917,0.496944,-0.855803,-5.9343,True,0.7203,,,,,,,,,,,2026-08-21T03:22:00Z
2024-12-02,reconstructed,515.289978,41.240002,13.34,496.322399,482.383699,466.289399,True,3.821625,6.821598,10.50862,20.039683,0.49168,0.466755,0.0,-2.884725,True,0.7118,,,,,,,,,,,2026-08-21T03:22:00Z
2024-12-03,reconstructed,516.869995,41.605,13.3,496.998999,482.604199,466.720899,True,3.998196,7.100186,10.744986,19.246032,0.487397,0.462414,0.0,-2.025199,True,0.7181,,,,,,,,,,,2026-08-21T03:22:00Z
2024-12-04,reconstructed,523.26001,43.125,13.45,497.756799,482.875299,467.200599,True,5.123629,8.363383,11.999002,22.222222,0.486267,0.464678,0.0,0.0,True,0.7198,,,,,,,,,,,2026-08-21T03:22:00Z
2024-12-05,reconstructed,521.809998,42.77,13.54,498.476599,483.129999,467.681599,True,4.680942,8.006126,11.573771,24.206349,0.407059,0.449839,-0.277111,-0.823187,True,0.8598,,,,,,,,,,,2026-08-21T03:22:00Z
2024-12-06,reconstructed,526.47998,43.869999,12.77,499.216799,483.577099,468.123649,True,5.461191,8.871984,12.466008,9.920635,0.384175,0.44901,0.0,0.0,True,0.911,,,,,,,,,,,2026-08-21T03:22:00Z
2024-12-09,reconstructed,522.380005,42.845001,14.19,499.929399,484.005999,468.551649,True,4.490755,7.928415,11.488244,35.119048,0.395721,0.452417,-0.778752,-2.336443,True,0.8845,,,,,,,,,,,2026-08-21T03:22:00Z
2024-12-10,reconstructed,520.599976,42.380001,14.18,500.579998,484.459599,468.971899,True,3.999356,7.459936,11.008778,35.119048,0.398184,0.452025,-1.116853,-3.396394,True,0.879,,,,,,,,,,,2026-08-21T03:22:00Z
2024-12-11,reconstructed,529.919983,44.645,13.58,501.552998,484.935599,469.433499,True,5.65583,9.276363,12.884995,25.0,0.437319,0.462938,0.0,0.0,True,0.8003,,,,,,,,,,,2026-08-21T03:22:00Z
2024-12-12,reconstructed,526.5,43.759998,13.92,502.443998,485.394399,469.889649,True,4.787798,8.468495,12.047584,31.547619,0.444867,0.464287,-0.645377,-1.98231,True,0.7868,,,,,,,,,,,2026-08-21T03:22:00Z
2024-12-13,reconstructed,530.530029,44.700001,13.81,503.422798,486.065899,470.347299,True,5.384585,9.147758,12.795381,28.968254,0.438892,0.441974,0.0,0.0,True,0.7975,,,,,,,,,,,2026-08-21T03:22:00Z
2024-12-16,reconstructed,538.169983,46.645,14.69,504.439798,486.864899,470.810099,True,6.686662,10.537848,14.30723,42.261905,0.348339,0.448588,0.0,0.0,True,1.0,,,,,,,,,,,2026-08-21T03:22:00Z
2024-12-17,reconstructed,535.799988,46.02,15.87,505.513798,487.593199,471.268999,True,5.99117,9.886682,13.693026,52.97619,0.357746,0.450167,-0.44038,-1.339908,True,0.9783,,,,,,,,,,,2026-08-21T03:22:00Z
2024-12-18,reconstructed,516.469971,41.044998,27.620001,506.057197,488.118899,471.671099,True,2.057628,5.808231,9.497905,99.404762,0.548446,0.505643,-4.032186,-12.005579,True,0.6382,,,,,,,,,,,2026-08-21T03:22:00Z
2024-12-19,reconstructed,514.169983,40.465,24.09,506.477597,488.685298,472.047999,True,1.518801,5.214948,8.923242,98.214286,0.551862,0.506809,-4.459558,-13.249009,True,0.6342,,,,,,,,,,,2026-08-21T03:22:00Z
2024-12-20,reconstructed,518.659973,41.514999,18.360001,506.998997,489.161198,472.414049,True,2.3,6.030481,9.789278,72.81746,0.55746,0.507647,-3.62525,-10.997966,True,0.6278,,,,,,,,,,,2026-08-21T03:22:00Z
2024-12-23,reconstructed,522.869995,42.529999,16.780001,507.589197,489.793298,472.833299,True,3.010466,6.753195,10.582312,59.722222,0.562275,0.507876,-2.842966,-8.821957,True,0.6225,,,,,,,,,,,2026-08-21T03:22:00Z
2024-12-24,reconstructed,529.960022,44.220001,14.27,508.238397,490.605398,473.296149,True,4.273905,8.021645,11.972181,36.706349,0.575783,0.513271,-1.525533,-5.198841,True,0.6079,,,,,,,,,,,2026-08-21T03:22:00Z
2024-12-26,reconstructed,529.599976,44.125,14.73,509.013397,491.547698,473.725849,True,4.044408,7.741319,11.794612,43.253968,0.575549,0.504352,-1.592435,-5.402509,True,0.6081,,,,,,,,,,,2026-08-21T03:22:00Z
2024-12-27,reconstructed,522.559998,42.330002,15.95,509.646396,492.377998,474.137399,True,2.533835,6.129843,10.212778,54.365079,0.589708,0.512788,-2.900568,-9.250721,True,0.5935,,,,,,,,,,,2026-08-21T03:22:00Z
2024-12-30,reconstructed,515.609985,40.630001,17.4,510.133596,493.186398,474.519748,True,1.073521,4.546676,8.659331,67.261905,0.60504,0.520515,-4.191984,-12.895271,True,0.5785,,,,,,,,,,,2026-08-21T03:22:00Z
2024-12-31,reconstructed,511.230011,39.564999,17.35,510.468796,493.817998,474.906298,True,0.149121,3.525998,7.648606,67.261905,0.60116,0.519564,-5.005848,-15.178479,True,0.5822,,,,,,,,,,,2026-08-21T03:22:00Z
2025-01-02,reconstructed,510.230011,39.314999,17.93,510.764996,494.416198,475.270048,True,-0.104742,3.198482,7.35581,70.833333,0.600149,0.514736,-5.191663,-15.714443,True,0.5832,,,,,,,,,,,2026-08-21T03:22:00Z
2025-01-03,reconstructed,518.580017,41.200001,16.129999,511.217397,495.088198,475.670098,True,1.440213,4.744977,9.020941,56.349206,0.611166,0.516362,-3.640107,-11.673276,True,0.5727,,,,,,,,,,,2026-08-21T03:22:00Z
2025-01-06,reconstructed,524.539978,42.605,16.040001,511.940997,495.707798,476.073948,True,2.461022,5.816366,10.180357,55.555556,0.623388,0.51854,-2.532658,-8.661166,True,0.5614,,,,,,,,,,,2026-08-21T03:22:00Z
2025-01-07,reconstructed,515.179993,40.310001,17.82,512.398196,496.232298,476.420498,True,0.542897,3.818311,8.135564,70.634921,0.644438,0.531273,-4.271883,-13.581304,True,0.5431,,,,,,,,,,,2026-08-21T03:22:00Z
2025-01-08,reconstructed,515.27002,40.34,17.700001,512.797197,496.640798,476.764948,True,0.482222,3.751045,8.076322,70.039683,0.640211,0.531277,-4.255154,-13.516991,True,0.5467,,,,,,,,,,,2026-08-21T03:22:00Z
2025-01-10,reconstructed,507.190002,38.415001,19.540001,513.032997,496.962398,477.077098,True,-1.138912,2.058024,6.311958,84.920635,0.65988,0.538532,-5.756542,-17.643905,True,0.5304,,,,,,,,,,,2026-08-21T03:22:00Z
2025-01-13,reconstructed,505.559998,38.014999,19.190001,513.140997,497.205298,477.388298,True,-1.477372,1.680332,5.901213,82.539683,0.62403,0.532391,-6.059421,-18.501449,True,0.5609,,,,,,,,,,,2026-08-21T03:22:00Z
2025-01-14,reconstructed,505.079987,37.880001,18.709999,513.314996,497.453498,477.689548,True,-1.60428,1.533106,5.733941,78.174603,0.622353,0.532469,-6.148614,-18.790866,True,0.5624,,,,,,,,,,,2026-08-21T03:22:00Z
2025-01-15,reconstructed,516.700012,40.439999,16.120001,513.971996,497.795498,478.052998,True,0.530771,3.797647,8.084253,56.547619,0.669511,0.549599,-3.98944,-13.302609,True,0.5228,,,,,,,,,,,2026-08-21T03:22:00Z
2025-01-16,reconstructed,513.080017,39.615002,16.6,514.484997,498.177798,478.393648,True,-0.273085,2.991345,7.250591,60.119048,0.647253,0.550561,-4.662089,-15.07128,True,0.5407,,,,,,,,,,,2026-08-21T03:22:00Z
2025-01-17,reconstructed,521.73999,41.57,15.97,515.199597,498.595198,478.796798,True,1.269487,4.642001,8.968981,54.960317,0.677086,0.559157,-3.052937,-10.880053,True,0.5169,,,,,,,,,,,2026-08-21T03:22:00Z
2025-01-21,reconstructed,524.799988,42.259998,15.06,515.851396,499.089798,479.210298,True,1.734723,5.151416,9.513504,47.222222,0.557362,0.559921,-2.484344,-9.400798,True,0.628,,,,,,,,,,,2026-08-21T03:22:00Z
2025-01-22,reconstructed,531.51001,43.900002,15.1,516.369997,499.637298,479.691148,True,2.932009,6.37917,10.802547,47.81746,0.568552,0.555378,-1.237522,-5.884873,True,0.6156,,,,,,,,,,,2026-08-21T03:22:00Z
2025-01-23,reconstructed,532.640015,44.169998,15.02,516.751998,500.250198,480.151998,True,3.074592,6.474723,10.931542,47.02381,0.56305,0.55386,-1.02755,-5.30604,True,0.6216,,,,,,,,,,,2026-08-21T03:22:00Z
2025-01-24,reconstructed,529.630005,43.375,14.85,517.061797,500.839898,480.597148,True,2.430697,5.748365,10.202486,45.238095,0.562463,0.55492,-1.586855,-7.010399,True,0.6223,,,,,,,,,,,2026-08-21T03:22:00Z
2025-01-27,reconstructed,514.210022,39.57,17.9,517.069197,501.219298,480.957048,True,-0.552958,2.591824,6.913917,73.015873,0.626137,0.585308,-4.452118,-15.167758,True,0.559,,,,,,,,,,,2026-08-21T03:22:00Z
2025-01-28,reconstructed,521.809998,41.325001,16.41,517.247198,501.819298,481.374249,True,0.882131,3.983645,8.400065,60.119048,0.650044,0.589463,-3.039929,-11.405295,True,0.5384,,,,,,,,,,,2026-08-21T03:22:00Z
2025-01-29,reconstructed,520.830017,41.07,16.559999,517.418798,502.421499,481.751549,True,0.659276,3.663959,8.111747,61.111111,0.634496,0.58757,-3.222024,-11.951979,True,0.5516,,,,,,,,,,,2026-08-21T03:22:00Z
2025-01-30,reconstructed,523.049988,41.584999,15.84,517.705998,503.041599,482.175449,True,1.032244,3.977482,8.477109,53.571429,0.618449,0.564784,-2.80952,-10.847897,True,0.5659,,,,,,,,,,,2026-08-21T03:22:00Z
2025-01-31,reconstructed,522.289978,41.360001,16.43,518.220397,503.777598,482.631599,True,0.785299,3.674713,8.217112,60.515873,0.610266,0.563868,-2.950741,-11.33026,True,0.5735,,,,,,,,,,,2026-08-21T03:22:00Z
2025-02-03,reconstructed,518.109985,40.360001,18.620001,518.582197,504.414098,483.066648,True,-0.091058,2.715207,7.254348,79.563492,0.61711,0.566095,-3.727446,-13.474113,True,0.5672,,,,,,,,,,,2026-08-21T03:22:00Z
2025-02-04,reconstructed,524.469971,41.825001,17.209999,519.002397,505.072198,483.559798,True,1.053478,3.840594,8.46021,69.246032,0.606918,0.565657,-2.545666,-10.333368,True,0.5767,,,,,,,,,,,2026-08-21T03:22:00Z
2025-02-05,reconstructed,526.849976,42.369999,15.77,519.475996,505.654498,484.076998,True,1.419503,4.191692,8.835986,53.174603,0.596402,0.542149,-2.103426,-9.164973,True,0.5869,,,,,,,,,,,2026-08-21T03:22:00Z
2025-02-06,reconstructed,529.599976,43.005001,15.5,519.968395,506.218297,484.651748,True,1.85234,4.618892,9.274335,51.587302,0.562418,0.534738,-1.592435,-7.803622,True,0.6223,,,,,,,,,,,2026-08-21T03:22:00Z
2025-02-07,reconstructed,522.919983,41.365002,16.540001,520.310995,506.694097,485.172248,True,0.501429,3.202304,7.780275,61.706349,0.581856,0.540785,-2.833677,-11.319538,True,0.6015,,,,,,,,,,,2026-08-21T03:22:00Z
2025-02-10,reconstructed,529.25,42.82,15.81,520.764195,507.254197,485.693148,True,1.629491,4.336249,8.967977,53.968254,0.562166,0.54538,-1.657466,-8.200237,True,0.6226,,,,,,,,,,,2026-08-21T03:22:00Z
2025-02-11,reconstructed,527.98999,42.514999,16.02,521.137795,507.799197,486.200548,True,1.314853,3.976137,8.595104,57.142857,0.561008,0.545478,-1.891594,-8.854113,True,0.6239,,,,,,,,,,,2026-08-21T03:22:00Z
2025-02-12,reconstructed,528.299988,42.599998,15.89,521.597795,508.367797,486.719798,True,1.284935,3.920821,8.542942,55.555556,0.560073,0.545358,-1.833992,-8.671888,True,0.6249,,,,,,,,,,,2026-08-21T03:22:00Z
2025-02-13,reconstructed,535.900024,44.395,15.1,522.120995,508.893198,487.244298,True,2.639049,5.306973,9.9859,48.412698,0.529719,0.549649,-0.421792,-4.823668,True,0.6607,,,,,,,,,,,2026-08-21T03:22:00Z
2025-02-14,reconstructed,538.150024,44.915001,14.77,522.578196,509.450298,487.771298,True,2.979808,5.633469,10.32835,43.849206,0.521321,0.527435,-0.003709,-3.708864,True,0.6714,,,,,,,,,,,2026-08-21T03:22:00Z
2025-02-18,reconstructed,539.369995,45.195,15.35,523.028196,510.013598,488.345198,True,3.124458,5.756003,10.44851,50.396825,0.496545,0.526348,0.0,-3.108588,True,0.7049,,,,,,,,,,,2026-08-21T03:22:00Z
2025-02-19,reconstructed,539.52002,45.200001,15.27,523.353397,510.555098,488.935198,True,3.089045,5.673221,10.345915,50.0,0.494735,0.525253,0.0,-3.097866,True,0.7074,,,,,,,,,,,2026-08-21T03:22:00Z
2025-02-20,reconstructed,537.22998,44.650002,15.66,523.661796,511.069198,489.486848,True,2.59102,5.118834,9.753711,53.571429,0.479813,0.526124,-0.424459,-4.276983,True,0.7295,,,,,,,,,,,2026-08-21T03:22:00Z
2025-02-21,reconstructed,526.080017,41.855,18.209999,523.653797,511.435298,489.939848,True,0.463325,2.863455,7.37645,78.373016,0.53001,0.542769,-2.491104,-10.269055,True,0.6604,,,,,,,,,,,2026-08-21T03:22:00Z
2025-02-24,reconstructed,519.869995,40.349998,18.98,523.603597,511.766498,490.337948,True,-0.713059,1.583436,6.022795,83.531746,0.540857,0.548225,-3.642131,-13.495556,True,0.6471,,,,,,,,,,,2026-08-21T03:22:00Z
2025-02-25,reconstructed,513.320007,38.810001,19.43,523.457997,512.018998,490.702948,True,-1.936734,0.254094,4.609114,87.5,0.460602,0.554037,-4.856171,-16.797082,True,0.7599,,,,,,,,,,,2026-08-21T03:22:00Z
2025-02-26,reconstructed,514.559998,39.060001,19.1,523.150798,512.351898,491.075448,True,-1.642127,0.430973,4.782269,85.119048,0.430223,0.55329,-4.626338,-16.261119,True,0.8135,,,,,,,,,,,2026-08-21T03:22:00Z
2025-02-27,reconstructed,500.269989,35.82,21.129999,522.626198,512.535098,491.371698,True,-4.277667,-2.393028,1.810908,94.047619,0.516645,0.576974,-7.274991,-23.207205,True,0.6774,,,,,,,,,,,2026-08-21T03:22:00Z
2025-02-28,reconstructed,508.170013,37.459999,19.629999,522.178997,512.800898,491.702248,True,-2.682793,-0.903057,3.349134,88.888889,0.545401,0.582377,-5.810722,-19.691288,True,0.6417,,,,,,,,,,,2026-08-21T03:22:00Z
2025-03-03,reconstructed,497.049988,35.040001,22.780001,521.356597,512.898198,491.972098,True,-4.662185,-3.089933,1.03215,97.02381,0.585508,0.592875,-7.871818,-24.879407,True,0.5978,,,,,,,,,,,2026-08-21T03:22:00Z
2025-03-04,reconstructed,495.549988,34.654999,23.51,520.551597,513.032697,492.220198,True,-4.802907,-3.407718,0.676484,97.619048,0.582418,0.592717,-8.149842,-25.704795,True,0.6009,,,,,,,,,,,2026-08-21T03:22:00Z
2025-03-05,reconstructed,502.01001,36.005001,21.93,520.262398,513.159798,492.465748,True,-3.508304,-2.172771,1.938056,95.436508,0.585105,0.593415,-6.952478,-22.810589,True,0.5982,,,,,,,,,,,2026-08-21T03:22:00Z
2025-03-06,reconstructed,488.200012,33.02,24.870001,519.742999,513.110298,492.646848,True,-6.068958,-4.854762,-0.902642,98.611111,0.638619,0.615908,-9.51216,-29.20999,False,0.0,,,,,,,,,,,2026-08-21T03:22:00Z
2025-03-07,reconstructed,491.790009,33.705002,23.370001,519.205599,513.102298,492.846998,True,-5.280296,-4.153614,-0.214466,97.02381,0.642116,0.614982,-8.846754,-27.741448,False,0.0,,,,,,,,,,,2026-08-21T03:22:00Z
2025-03-10,reconstructed,472.730011,29.905001,27.860001,518.2028,512.895998,492.936098,True,-8.775095,-7.831215,-4.099129,99.801587,0.731797,0.653316,-12.379524,-35.88809,False,0.0,,,,,,,,,,,2026-08-21T03:22:00Z
2025-03-11,reconstructed,471.600006,29.555,26.92,517.035599,512.636998,493.015098,True,-8.787711,-8.005078,-4.343699,99.007937,0.70765,0.65335,-12.58897,-36.638439,False,0.0,,,,,,,,,,,2026-08-21T03:22:00Z
2025-03-12,reconstructed,476.920013,30.565001,24.23,515.982,512.497698,493.121148,True,-7.570417,-6.942018,-3.285427,97.81746,0.730412,0.647134,-11.602907,-34.473148,False,0.0,,,,,,,,,,,2026-08-21T03:22:00Z
2025-03-13,reconstructed,468.339996,28.895,24.66,514.8976,512.271998,493.194548,True,-9.042109,-8.575913,-5.039503,97.81746,0.740198,0.654328,-13.193213,-38.053382,False,0.0,,,,,,,,,,,2026-08-21T03:22:00Z
2025-03-14,reconstructed,479.660004,30.945,21.77,514.1786,512.156098,493.303098,True,-6.713348,-6.344959,-2.765662,94.246032,0.77745,0.670858,-11.09505,-33.658486,False,0.0,,,,,,,,,,,2026-08-21T03:22:00Z
2025-03-17,reconstructed,482.769989,31.545,20.51,513.6094,512.039098,493.418548,True,-6.004448,-5.716186,-2.158119,91.269841,0.781639,0.665172,-10.518614,-32.372173,False,0.0,,,,,,,,,,,2026-08-21T03:22:00Z
2025-03-18,reconstructed,474.540009,29.955,21.700001,512.8956,511.830298,493.509048,True,-7.478245,-7.285675,-3.843707,94.047619,0.785797,0.671317,-12.044041,-35.780899,False,0.0,,,,,,,,,,,2026-08-21T03:22:00Z
2025-03-19,reconstructed,480.890015,31.120001,19.9,512.1418,511.679598,493.655748,True,-6.102174,-6.017356,-2.585959,89.087302,0.810095,0.643036,-10.867068,-33.283309,False,0.0,,,,,,,,,,,2026-08-21T03:22:00Z
2025-03-20,reconstructed,479.26001,30.799999,19.799999,511.236201,511.588599,493.798499,True,-6.25468,-6.319255,-2.944215,88.888889,0.810279,0.64282,-11.169189,-33.969345,False,0.0,,,,,,,,,,,2026-08-21T03:22:00Z
2025-03-21,reconstructed,480.839996,31.09,19.280001,510.549401,511.473799,493.937048,True,-5.819105,-5.98932,-2.651563,86.706349,0.796894,0.64045,-10.876338,-33.347626,False,0.0,,,,,,,,,,,2026-08-21T03:22:00Z
2025-03-24,reconstructed,490.660004,33.064999,17.48,510.0572,511.427198,494.118499,True,-3.802945,-4.060636,-0.699932,73.015873,0.836992,0.652751,-9.056201,-29.113521,False,0.0,,,,,,,,,,,2026-08-21T03:22:00Z
2025-03-25,reconstructed,493.459991,33.654999,17.15,509.7826,511.407798,494.268148,True,-3.201876,-3.50949,-0.163506,70.039683,0.83432,0.648105,-8.537223,-27.848647,False,0.0,,,,,,,,,,,2026-08-21T03:22:00Z
2025-03-26,reconstructed,484.380005,31.690001,18.33,509.359,511.249998,494.373199,True,-4.904006,-5.255744,-2.021387,79.365079,0.85327,0.657705,-10.220198,-32.061314,False,0.0,,,,,,,,,,,2026-08-21T03:22:00Z
2025-03-27,reconstructed,481.619995,31.15,18.690001,508.8898,511.102398,494.466499,True,-5.358686,-5.768395,-2.598053,81.944444,0.8084,0.653946,-10.731766,-33.218996,False,0.0,,,,,,,,,,,2026-08-21T03:22:00Z
2025-03-28,reconstructed,468.940002,28.67,21.65,507.9346,510.953298,494.487049,True,-7.67709,-8.222531,-5.166373,95.238095,0.824854,0.668047,-13.082002,-38.535749,False,0.0,,,,,,,,,,,2026-08-21T03:22:00Z
2025-03-31,reconstructed,468.920013,28.65,22.280001,507.0514,510.768199,494.491549,True,-7.520221,-8.193185,-5.171279,96.428571,0.801637,0.666616,-13.085706,-38.578627,False,0.0,,,,,,,,,,,2026-08-21T03:22:00Z
2025-04-01,reconstructed,472.700012,29.309999,21.77,506.070601,510.635099,494.484299,True,-6.594058,-7.429001,-4.405456,95.634921,0.809452,0.668981,-12.385084,-37.163685,False,0.0,,,,,,,,,,,2026-08-21T03:22:00Z
2025-04-02,reconstructed,476.149994,29.965,21.51,505.097601,510.474499,494.481449,True,-5.731092,-6.724039,-3.707208,94.642857,0.799005,0.662518,-11.74563,-35.75946,False,0.0,,,,,,,,,,,2026-08-21T03:22:00Z
2025-04-03,reconstructed,450.660004,25.15,30.02,503.480601,509.925299,494.338799,True,-10.491089,-11.622348,-8.835802,99.801587,0.932409,0.730885,-16.470198,-46.082111,False,0.0,,,,,,,,,,,2026-08-21T03:22:00Z
2025-04-04,reconstructed,422.670013,20.545,45.310001,501.281201,509.016599,494.026849,True,-15.682054,-16.963413,-14.443919,100.0,1.103182,0.809534,-21.658141,-55.954551,False,0.0,,,,,,,,,,,2026-08-21T03:22:00Z
2025-04-07,reconstructed,423.690002,20.625,46.98,499.162401,508.112099,493.719249,True,-15.119808,-16.614857,-14.184022,100.0,1.052439,0.809735,-21.469086,-55.783043,False,0.0,,,,,,,,,,,2026-08-21T03:22:00Z
2025-04-08,reconstructed,416.059998,19.450001,52.330002,497.1994,507.134299,493.392199,True,-16.319288,-17.958616,-15.673576,100.0,1.06212,0.811806,-22.883307,-58.302068,False,0.0,,,,,,,,,,,2026-08-21T03:22:00Z
2025-04-09,reconstructed,466.0,26.305,33.619999,496.0832,506.665199,493.321299,True,-6.064144,-8.026049,-5.538236,99.206349,1.687726,1.100224,-13.626931,-43.60596,False,0.0,,,,,,,,,,,2026-08-21T03:22:00Z
2025-04-10,reconstructed,446.179993,23.07,40.720001,494.5902,506.004499,493.182399,False,-9.787943,-11.82292,-9.530431,99.404762,1.732565,1.126974,-17.300568,-50.541324,False,0.0,,,,,,,,,,,2026-08-21T03:22:00Z
2025-04-11,reconstructed,454.399994,24.290001,37.560001,493.2172,505.461599,493.057499,False,-7.870205,-10.101975,-7.840364,99.007937,1.723096,1.123278,-15.776991,-47.925821,False,0.0,,,,,,,,,,,2026-08-21T03:22:00Z
2025-04-14,reconstructed,457.480011,24.799999,30.889999,491.921,505.070699,492.943049,False,-7.001325,-9.422579,-7.194145,98.611111,1.72343,1.124232,-15.20611,-46.83246,False,0.0,,,,,,,,,,,2026-08-21T03:22:00Z
2025-04-15,reconstructed,457.98999,24.895,30.120001,490.7186,504.650399,492.824949,False,-6.669527,-9.246086,-7.068424,98.412698,1.715943,1.118617,-15.111586,-46.628791,False,0.0,,,,,,,,,,,2026-08-21T03:22:00Z
2025-04-16,reconstructed,444.179993,22.645,32.639999,489.112801,504.057599,492.650299,False,-9.186594,-11.87912,-9.838684,98.611111,1.734309,1.130733,-17.671268,-51.45246,False,0.0,,,,,,,,,,,2026-08-21T03:22:00Z
2025-04-17,reconstructed,444.100006,22.58,29.65,487.457802,503.466899,492.461199,False,-8.894677,-11.791618,-9.820305,97.81746,1.734521,1.126588,-17.686093,-51.591811,False,0.0,,,,,,,,,,,2026-08-21T03:22:00Z
2025-04-21,reconstructed,433.109985,20.93,33.82,485.528002,502.748199,492.191849,False,-10.796085,-13.851509,-12.003828,98.809524,1.746866,1.133818,-19.723093,-55.129167,False,0.0,,,,,,,,,,,2026-08-21T03:22:00Z
2025-04-22,reconstructed,444.480011,22.530001,30.57,483.959202,502.135099,491.959049,False,-8.157545,-11.481987,-9.651014,98.015873,1.755078,1.147402,-17.615659,-51.699002,False,0.0,,,,,,,,,,,2026-08-21T03:22:00Z
2025-04-23,reconstructed,454.559998,24.025,28.450001,482.465402,501.614799,491.751049,False,-5.783918,-9.380664,-7.562984,97.222222,1.774942,1.145355,-15.747334,-48.493945,False,0.0,,,,,,,,,,,2026-08-21T03:22:00Z
2025-04-24,reconstructed,467.350006,26.07,26.469999,481.252603,501.195199,491.601099,False,-2.888836,-6.752896,-4.933084,96.031746,1.797275,1.155983,-13.376707,-44.109766,False,0.0,,,,,,,,,,,2026-08-21T03:22:00Z
2025-04-25,reconstructed,472.559998,26.93,24.84,480.137803,500.867799,491.475049,False,-1.578256,-5.651751,-3.848629,95.634921,1.801231,1.158618,-12.411036,-42.266052,False,0.0,,,,,,,,,,,2026-08-21T03:22:00Z
2025-04-28,reconstructed,472.410004,26.91,25.15,478.868002,500.494499,491.322299,False,-1.348597,-5.611349,-3.849265,95.833333,1.777467,1.158103,-12.438837,-42.30893,False,0.0,,,,,,,,,,,2026-08-21T03:22:00Z
2025-04-29,reconstructed,475.529999,27.434999,24.17,477.615602,500.096899,491.240299,False,-0.43667,-4.912428,-3.198089,94.84127,1.778441,1.159166,-11.860546,-41.183408,False,0.0,,,,,,,,,,,2026-08-21T03:22:00Z
2025-04-30,reconstructed,475.470001,27.440001,24.700001,476.337602,499.682899,491.143549,False,-0.18214,-4.845653,-3.191236,95.238095,1.776952,1.158457,-11.871667,-41.172687,False,0.0,,,,,,,,,,,2026-08-21T03:22:00Z
2025-05-01,reconstructed,481.679993,28.385,24.6,475.180801,499.267099,491.071199,False,1.36773,-3.522585,-1.912392,94.84127,1.779278,1.158188,-10.720645,-39.146747,False,0.0,,,,,,,,,,,2026-08-21T03:22:00Z
2025-05-02,reconstructed,488.829987,29.715,22.68,474.212802,498.937299,491.033649,False,3.08241,-2.025768,-0.44878,92.857143,1.675673,1.162371,-9.395394,-36.295423,False,0.0,,,,,,,,,,,2026-08-21T03:22:00Z
2025-05-05,reconstructed,485.929993,29.200001,23.639999,473.409801,498.531799,491.054449,False,2.644684,-2.527784,-1.043562,93.849206,1.513451,1.162078,-9.932908,-37.399506,False,0.0,,,,,,,,,,,2026-08-21T03:22:00Z
2025-05-06,reconstructed,481.410004,28.370001,24.76,472.640601,498.122099,491.064049,False,1.855406,-3.35502,-1.965944,95.238095,1.522779,1.161026,-10.770688,-39.178903,False,0.0,,,,,,,,,,,2026-08-21T03:22:00Z
2025-05-07,reconstructed,483.299988,28.700001,23.549999,472.040201,497.749099,491.104349,False,2.385345,-2.902891,-1.589145,93.452381,1.496046,1.158655,-10.420379,-38.471432,False,0.0,,,,,,,,,,,2026-08-21T03:22:00Z
2025-05-08,reconstructed,488.290009,29.555,22.48,471.514801,497.332799,491.134199,False,3.557727,-1.818257,-0.579107,91.865079,0.856516,1.160717,-9.495479,-36.638439,False,0.0,,,,,,,,,,,2026-08-21T03:22:00Z
2025-05-09,reconstructed,487.970001,29.485001,21.9,471.268801,496.947499,491.170949,False,3.54388,-1.806528,-0.651697,90.873016,0.707263,1.160663,-9.554792,-36.788508,False,0.0,,,,,,,,,,,2026-08-21T03:22:00Z
2025-05-12,reconstructed,507.850006,33.055,18.389999,471.262401,496.720699,491.393299,False,7.763744,2.240556,3.348989,77.18254,0.794002,1.184969,-5.870035,-29.134956,True,0.4408,,,,,,,,,,,2026-08-21T03:22:00Z
2025-05-13,reconstructed,515.590027,34.57,18.219999,471.633202,496.4949,491.679899,False,9.320129,3.845987,4.862946,76.190476,0.80065,1.188747,-4.435423,-25.88702,True,0.4371,,,,,,,,,,,2026-08-21T03:22:00Z
2025-05-14,reconstructed,518.679993,35.18,18.620001,472.095802,496.3237,491.958449,False,9.867529,4.504377,5.431667,78.571429,0.79892,1.189303,-3.862698,-24.579269,True,0.4381,,,,,,,,,,,2026-08-21T03:22:00Z
2025-05-15,reconstructed,519.25,35.290001,17.83,472.440602,496.3515,492.235199,False,9.907996,4.613364,5.48819,72.619048,0.691408,1.189336,-3.757047,-24.343444,True,0.5062,,,,,,,,,,,2026-08-21T03:22:00Z
2025-05-16,reconstructed,521.51001,35.724998,17.24,473.106802,496.4249,492.555099,True,10.230926,5.053153,5.878512,68.849206,0.685858,1.189455,-3.338154,-23.410873,True,0.5103,,,,,,,,,,,2026-08-21T03:22:00Z
2025-05-19,reconstructed,522.01001,35.82,18.139999,473.711202,496.458401,492.809799,True,10.195834,5.146777,5.92525,75.0,0.589505,1.182533,-3.245479,-23.207205,True,0.5937,,,,,,,,,,,2026-08-21T03:22:00Z
2025-05-20,reconstructed,520.27002,35.445,18.09,474.662002,496.432401,493.112849,True,9.608525,4.801785,5.507293,74.404762,0.575043,1.180372,-3.567986,-24.011149,True,0.6086,,,,,,,,,,,2026-08-21T03:22:00Z
2025-05-21,reconstructed,513.039978,33.970001,20.870001,475.490801,496.2632,493.434299,True,7.89693,3.380621,3.973311,88.095238,0.595691,1.180875,-4.908074,-27.173329,True,0.5876,,,,,,,,,,,2026-08-21T03:22:00Z
2025-05-22,reconstructed,514.0,34.145,20.280001,476.232401,496.107201,493.827449,True,7.930498,3.60664,4.084939,85.31746,0.541555,1.18085,-4.730134,-26.798156,True,0.6463,,,,,,,,,,,2026-08-21T03:22:00Z
2025-05-23,reconstructed,509.23999,33.16,22.290001,477.050401,495.974001,494.175999,True,6.747629,2.674735,3.048305,91.468254,0.557225,1.169698,-5.612401,-28.909852,True,0.6281,,,,,,,,,,,2026-08-21T03:22:00Z
2025-05-27,reconstructed,521.219971,35.470001,18.959999,477.8816,496.0301,494.608249,True,9.068851,5.078295,5.380363,78.968254,0.592441,1.174592,-3.391913,-23.95755,True,0.5908,,,,,,,,,,,2026-08-21T03:22:00Z
2025-05-28,reconstructed,518.909973,35.014999,19.309999,478.6044,496.1069,494.962449,True,8.42148,4.596403,4.838251,81.746032,0.599917,1.166882,-3.820071,-24.933007,True,0.5834,,,,,,,,,,,2026-08-21T03:22:00Z
2025-05-29,reconstructed,519.929993,35.185001,19.18,479.5122,496.2039,495.310049,True,8.428939,4.781521,4.970613,80.357143,0.598829,1.16655,-3.63101,-24.568547,True,0.5845,,,,,,,,,,,2026-08-21T03:22:00Z
2025-05-30,reconstructed,519.109985,35.0,18.57,480.276599,496.2092,495.648699,True,8.085629,4.615147,4.733451,76.984127,0.596694,1.164213,-3.782998,-24.965163,True,0.5866,,,,,,,,,,,2026-08-21T03:22:00Z
2025-06-02,reconstructed,523.210022,35.805,18.360001,481.155599,496.1959,495.951849,True,8.740296,5.444245,5.496133,75.793651,0.583639,1.151361,-3.023057,-23.239361,True,0.5997,,,,,,,,,,,2026-08-21T03:22:00Z
2025-06-03,reconstructed,527.299988,36.639999,17.690001,482.084799,496.3171,496.274699,True,9.379094,6.242559,6.251636,70.833333,0.576199,1.151535,-2.264982,-21.449246,True,0.6074,,,,,,,,,,,2026-08-21T03:22:00Z
2025-06-04,reconstructed,528.77002,36.935001,17.610001,482.847,496.4521,496.546449,True,9.510884,6.509776,6.489538,70.436508,0.556455,1.125605,-1.992512,-20.816806,True,0.629,,,,,,,,,,,2026-08-21T03:22:00Z
2025-06-05,reconstructed,524.789978,36.075001,18.48,483.473599,496.6281,496.795249,True,8.545736,5.670617,5.635064,76.587302,0.571879,1.126628,-2.730212,-22.66052,True,0.612,,,,,,,,,,,2026-08-21T03:22:00Z
2025-06-06,reconstructed,529.919983,37.105,16.77,484.384399,496.8717,497.038499,True,9.400712,6.651271,6.61548,63.492063,0.571387,1.126079,-1.779366,-20.452355,True,0.6125,,,,,,,,,,,2026-08-21T03:22:00Z
2025-06-09,reconstructed,530.700012,37.27,17.16,485.365999,497.1279,497.290699,True,9.340171,6.753214,6.718266,66.666667,0.569619,1.119069,-1.634788,-20.098617,True,0.6144,,,,,,,,,,,2026-08-21T03:22:00Z
2025-06-10,reconstructed,534.210022,37.990002,16.950001,486.6714,497.303,497.549249,True,9.768115,7.421436,7.36827,64.484127,0.401873,1.111361,-0.984208,-18.555041,True,0.8709,,,,,,,,,,,2026-08-21T03:22:00Z
2025-06-11,reconstructed,532.409973,37.599998,17.26,487.941199,497.496299,497.837049,True,9.113552,7.017876,6.944627,67.65873,0.379195,1.111465,-1.317847,-19.39115,True,0.923,,,,,,,,,,,2026-08-21T03:22:00Z
2025-06-12,reconstructed,533.659973,37.845001,18.02,489.160398,497.615499,498.105349,True,9.097134,7.243439,7.137973,72.619048,0.376114,1.105402,-1.086159,-18.8659,True,0.9306,,,,,,,,,,,2026-08-21T03:22:00Z
2025-06-13,reconstructed,526.960022,36.415001,20.82,490.176599,497.6371,498.363449,True,7.504117,5.892431,5.738096,87.5,0.404245,1.106877,-2.327995,-21.93161,True,0.8658,,,,,,,,,,,2026-08-21T03:22:00Z
2025-06-16,reconstructed,534.289978,37.900002,19.110001,491.849198,497.664899,498.651099,True,8.62882,7.359386,7.147057,79.960317,0.426032,1.108831,-0.969388,-18.747988,True,0.8215,,,,,,,,,,,2026-08-21T03:22:00Z
2025-06-17,reconstructed,529.080017,36.779999,21.6,493.977398,497.629299,498.939749,True,7.106118,6.32011,6.040863,89.285714,0.441726,1.111154,-1.935054,-21.149108,True,0.7923,,,,,,,,,,,2026-08-21T03:22:00Z
2025-06-18,reconstructed,528.98999,36.73,20.139999,496.083398,497.622899,499.231399,True,6.633278,6.303386,5.960881,84.325397,0.439579,1.104518,-1.95174,-21.256299,True,0.7962,,,,,,,,,,,2026-08-21T03:22:00Z
2025-06-20,reconstructed,526.830017,36.224998,20.620001,498.298798,497.749099,499.484199,True,5.725725,5.842485,5.474811,86.309524,0.413123,1.104726,-2.352091,-22.338947,True,0.8472,,,,,,,,,,,2026-08-21T03:22:00Z
2025-06-23,reconstructed,531.650024,37.349998,19.83,499.611799,497.847499,499.833399,True,6.412624,6.789735,6.365446,83.531746,0.424542,1.098519,-1.458703,-19.927113,True,0.8244,,,,,,,,,,,2026-08-21T03:22:00Z
2025-06-24,reconstructed,539.780029,39.049999,17.48,501.483799,498.037,500.229249,True,7.636584,8.381512,7.906531,67.65873,0.428342,1.100642,0.0,-16.282562,True,0.8171,,,,,,,,,,,2026-08-21T03:22:00Z
2025-06-25,reconstructed,541.159973,39.240002,16.76,503.218999,498.218099,500.629849,True,7.539655,8.619091,8.095827,61.111111,0.362406,1.086087,0.0,-15.875225,True,0.9658,,,,,,,,,,,2026-08-21T03:22:00Z
2025-06-26,reconstructed,546.219971,40.314999,16.59,504.993798,498.457399,501.117499,True,8.163699,9.582077,9.000379,60.119048,0.363829,1.086715,0.0,-13.57059,True,0.962,,,,,,,,,,,2026-08-21T03:22:00Z
2025-06-27,reconstructed,548.090027,40.709999,16.32,506.795799,498.7572,501.585649,True,8.1481,9.891151,9.271473,57.539683,0.363808,1.086266,0.0,-12.723767,True,0.962,,,,,,,,,,,2026-08-21T03:22:00Z
2025-06-30,reconstructed,551.640015,41.5,16.73,508.944999,499.0289,502.050549,True,8.388925,10.542699,9.877385,60.912698,0.362808,1.086113,0.0,-11.030122,True,0.9647,,,,,,,,,,,2026-08-21T03:22:00Z
2025-07-01,reconstructed,546.98999,40.445,16.83,511.002799,499.2303,502.442399,True,7.042465,9.566665,8.866209,61.706349,0.378067,1.030533,-0.842945,-13.291887,True,0.9258,,,,,,,,,,,2026-08-21T03:22:00Z
2025-07-02,reconstructed,550.799988,41.25,16.639999,513.356599,499.4423,502.830299,True,7.293836,10.283007,9.539936,60.119048,0.376226,0.948905,-0.152278,-11.566085,True,0.9303,,,,,,,,,,,2026-08-21T03:22:00Z
2025-07-03,reconstructed,556.219971,42.404999,16.379999,515.591398,499.7753,503.234699,True,7.879994,11.29401,10.528938,57.738095,0.384103,0.949174,0.0,-9.089938,True,0.9112,,,,,,,,,,,2026-08-21T03:22:00Z
2025-07-07,reconstructed,552.030029,41.459999,17.790001,517.540799,500.003101,503.628649,True,6.66406,10.405321,9.61053,69.84127,0.383066,0.940773,-0.753289,-11.115878,True,0.9137,,,,,,,,,,,2026-08-21T03:22:00Z
2025-07-08,reconstructed,552.340027,41.514999,16.809999,519.240599,500.246601,504.022899,True,6.374584,10.413549,9.586296,61.309524,0.3751,0.623275,-0.697556,-10.997966,True,0.9331,,,,,,,,,,,2026-08-21T03:22:00Z
2025-07-09,reconstructed,556.25,42.375,15.94,520.914399,500.526101,504.446949,True,6.78338,11.133066,10.269276,52.380952,0.378694,0.560295,0.0,-9.154251,True,0.9242,,,,,,,,,,,2026-08-21T03:22:00Z
2025-07-10,reconstructed,555.450012,42.18,15.78,522.5752,500.721601,504.807399,True,6.290925,10.929908,10.032066,49.801587,0.377648,0.554202,-0.143818,-9.572302,True,0.9268,,,,,,,,,,,2026-08-21T03:22:00Z
2025-07-11,reconstructed,554.200012,41.860001,16.4,524.1486,500.882101,505.166199,True,5.733376,10.644803,9.706471,57.539683,0.37628,0.554838,-0.368537,-10.258334,True,0.9302,,,,,,,,,,,2026-08-21T03:22:00Z
2025-07-14,reconstructed,556.210022,42.305,17.200001,525.7634,501.050501,505.532049,True,5.790936,11.008775,10.02468,65.079365,0.37669,0.554724,-0.007187,-9.30432,True,0.9291,,,,,,,,,,,2026-08-21T03:22:00Z
2025-07-15,reconstructed,556.719971,42.415001,17.379999,527.2642,501.222501,505.888799,True,5.58653,11.072422,10.047894,66.666667,0.340142,0.514511,0.0,-9.068495,True,1.0,,,,,,,,,,,2026-08-21T03:22:00Z
2025-07-16,reconstructed,557.289978,42.535,17.16,528.6334,501.423101,506.246149,True,5.420879,11.141664,10.082808,64.285714,0.317357,0.513986,0.0,-8.811235,True,1.0,,,,,,,,,,,2026-08-21T03:22:00Z
2025-07-17,reconstructed,561.799988,43.525002,16.52,530.1508,501.7803,506.607799,True,5.969846,11.961348,10.894461,57.738095,0.293421,0.483612,0.0,-6.688817,True,1.0,,,,,,,,,,,2026-08-21T03:22:00Z
2025-07-18,reconstructed,561.26001,43.375,16.41,531.7478,502.1942,506.980349,True,5.550039,11.761547,10.706462,56.944444,0.294453,0.466044,-0.096116,-7.010399,True,1.0,,,,,,,,,,,2026-08-21T03:22:00Z
2025-07-21,reconstructed,564.169983,44.035,16.65,533.3652,502.7027,507.360849,True,5.775552,12.227363,11.196988,59.126984,0.283144,0.45185,0.0,-5.595456,True,1.0,,,,,,,,,,,2026-08-21T03:22:00Z
2025-07-22,reconstructed,561.25,43.349998,16.5,534.824399,503.1696,507.760749,True,4.940986,11.542907,10.534341,57.142857,0.285415,0.427312,-0.517571,-7.063998,True,1.0,,,,,,,,,,,2026-08-21T03:22:00Z
2025-07-23,reconstructed,563.809998,43.919998,15.37,536.341199,503.805,508.170049,True,5.121516,11.910362,10.949081,45.039683,0.249265,0.424451,-0.063808,-5.842003,True,1.0,,,,,,,,,,,2026-08-21T03:22:00Z
2025-07-24,reconstructed,565.01001,44.209999,15.39,537.484399,504.3734,508.587149,True,5.121192,12.022166,11.09404,45.436508,0.249236,0.424033,0.0,-5.220284,True,1.0,,,,,,,,,,,2026-08-21T03:22:00Z
2025-07-25,reconstructed,566.369995,44.459999,14.93,538.499999,505.0666,508.982399,True,5.175487,12.137685,11.274967,40.277778,0.236202,0.423468,0.0,-4.684321,True,1.0,,,,,,,,,,,2026-08-21T03:22:00Z
2025-07-28,reconstructed,568.140015,44.895,15.03,539.489199,505.792501,509.412599,True,5.31073,12.326698,11.528458,41.468254,0.236198,0.423127,0.0,-3.751742,True,1.0,,,,,,,,,,,2026-08-21T03:22:00Z
2025-07-29,reconstructed,567.26001,44.689999,15.98,540.449399,506.445001,509.802399,True,4.960799,12.008216,11.270565,51.785714,0.232112,0.420488,-0.154892,-4.191236,True,1.0,,,,,,,,,,,2026-08-21T03:22:00Z
2025-07-30,reconstructed,568.02002,44.845001,15.48,541.3796,507.243201,510.176749,True,4.920839,11.981791,11.337888,45.833333,0.204915,0.412661,-0.021121,-3.858933,True,1.0,,,,,,,,,,,2026-08-21T03:22:00Z
2025-07-31,reconstructed,565.01001,44.105,16.719999,542.2396,507.975401,510.538849,True,4.199326,11.227829,10.669347,59.325397,0.211054,0.412453,-0.550921,-5.445387,True,1.0,,,,,,,,,,,2026-08-21T03:22:00Z
2025-08-01,reconstructed,553.880005,41.459999,20.379999,542.911799,508.786901,510.841449,True,2.020256,8.862867,8.425032,85.31746,0.291085,0.428839,-2.509946,-11.115878,True,1.0,,,,,,,,,,,2026-08-21T03:22:00Z
2025-08-04,reconstructed,564.099976,43.73,17.52,543.932999,509.7119,511.174449,True,3.707621,10.670356,10.353711,67.460317,0.340493,0.439921,-0.711099,-6.249332,True,1.0,,,,,,,,,,,2026-08-21T03:22:00Z
2025-08-05,reconstructed,560.27002,42.82,17.85,544.8584,510.5454,511.521549,True,2.828555,9.73951,9.530091,70.039683,0.350752,0.441148,-1.385221,-8.200237,True,0.9979,,,,,,,,,,,2026-08-21T03:22:00Z
2025-08-06,reconstructed,567.320007,44.419998,16.77,546.02,511.535201,511.903599,True,3.900957,10.90537,10.825555,59.52381,0.367264,0.445206,-0.144332,-4.770077,True,0.953,,,,,,,,,,,2026-08-21T03:22:00Z
2025-08-07,reconstructed,569.23999,44.869999,16.57,546.9804,512.431,512.293549,True,4.069541,11.086174,11.115979,57.142857,0.367147,0.37684,0.0,-3.805341,True,0.9533,,,,,,,,,,,2026-08-21T03:22:00Z
2025-08-08,reconstructed,574.549988,46.080002,15.15,548.093201,513.3488,512.693949,True,4.82706,11.92195,12.064905,41.468254,0.373919,0.370114,0.0,-1.211274,True,0.936,,,,,,,,,,,2026-08-21T03:22:00Z
2025-08-11,reconstructed,572.849976,45.674999,16.25,549.1516,514.3319,513.081099,True,4.315452,11.377493,11.649012,53.174603,0.376441,0.370242,-0.295886,-2.07954,True,0.9298,,,,,,,,,,,2026-08-21T03:22:00Z
2025-08-12,reconstructed,580.049988,47.360001,14.73,550.3704,515.3235,513.501549,True,5.392657,12.56036,12.959735,36.309524,0.393894,0.376078,0.0,0.0,True,0.8886,,,,,,,,,,,2026-08-21T03:22:00Z
2025-08-13,reconstructed,580.340027,47.43,14.49,551.513,516.3343,513.961449,True,5.226899,12.39618,12.915089,34.126984,0.394059,0.375856,0.0,0.0,True,0.8882,,,,,,,,,,,2026-08-21T03:22:00Z
2025-08-14,reconstructed,579.890015,47.299999,14.83,552.564801,517.3248,514.399299,True,4.94516,12.093991,12.731494,38.095238,0.389512,0.376163,-0.077543,-0.27409,True,0.8986,,,,,,,,,,,2026-08-21T03:22:00Z
2025-08-15,reconstructed,577.340027,46.630001,15.09,553.536201,518.1916,514.809399,True,4.30032,11.414393,12.146365,41.269841,0.394225,0.376884,-0.516938,-1.686695,True,0.8878,,,,,,,,,,,2026-08-21T03:22:00Z
2025-08-18,reconstructed,577.109985,46.57,14.99,554.582601,519.0281,515.217949,True,4.062043,11.190509,12.012787,39.880952,0.3923,0.364504,-0.556577,-1.8132,True,0.8922,,,,,,,,,,,2026-08-21T03:22:00Z
2025-08-19,reconstructed,569.280029,44.669998,15.57,555.369802,519.877101,515.563549,True,2.504678,9.502809,10.418983,46.230159,0.41763,0.376669,-1.905779,-5.819106,True,0.8381,,,,,,,,,,,2026-08-21T03:22:00Z
2025-08-20,reconstructed,565.900024,43.855,15.69,556.073802,520.719901,515.91115,True,1.767072,8.676473,9.689435,47.81746,0.421198,0.373239,-2.488197,-7.537425,True,0.831,,,,,,,,,,,2026-08-21T03:22:00Z
2025-08-21,reconstructed,563.280029,43.244999,16.6,556.655203,521.663301,516.3083,True,1.190113,7.977699,9.097613,58.333333,0.42339,0.349909,-2.939656,-8.823532,True,0.8267,,,,,,,,,,,2026-08-21T03:22:00Z
2025-08-22,reconstructed,571.969971,45.189999,14.22,557.446403,522.693801,516.731,True,2.605375,9.427349,10.690083,30.15873,0.453251,0.358307,-1.442268,-4.722753,True,0.7722,,,,,,,,,,,2026-08-21T03:22:00Z
2025-08-25,reconstructed,570.320007,44.794998,14.79,558.179603,523.670001,517.15255,True,2.175,8.908283,10.280807,37.698413,0.453369,0.359333,-1.726577,-5.55556,True,0.772,,,,,,,,,,,2026-08-21T03:22:00Z
2025-08-26,reconstructed,572.609985,45.314999,14.62,559.092603,524.634601,517.55455,True,2.417736,9.144533,10.63761,35.31746,0.454711,0.359082,-1.331985,-4.459207,True,0.7697,,,,,,,,,,,2026-08-21T03:22:00Z
2025-08-27,reconstructed,573.48999,45.52,14.85,559.876603,525.8629,517.8941,True,2.431498,9.05694,10.734992,38.888889,0.4548,0.357022,-1.180349,-4.026987,True,0.7696,,,,,,,,,,,2026-08-21T03:22:00Z
2025-08-28,reconstructed,577.080017,46.349998,14.43,560.836603,527.407,518.2118,True,2.896283,9.418346,11.359876,32.936508,0.453645,0.356012,-0.561741,-2.277044,True,0.7715,,,,,,,,,,,2026-08-21T03:22:00Z
2025-08-29,reconstructed,570.400024,44.68,15.36,561.664803,528.874101,518.4931,True,1.555237,7.85176,10.011112,45.039683,0.41606,0.365302,-1.712789,-5.798018,True,0.8412,,,,,,,,,,,2026-08-21T03:22:00Z
2025-09-02,reconstructed,565.619995,43.540001,17.17,562.440603,530.369701,518.752,True,0.565285,6.646363,9.034759,64.285714,0.38259,0.366027,-2.53645,-8.201559,True,0.9148,,,,,,,,,,,2026-08-21T03:22:00Z
2025-09-03,reconstructed,570.070007,44.555,16.35,563.209003,531.410401,519.0378,True,1.218199,7.274906,9.832079,55.357143,0.382729,0.364644,-1.769656,-6.061564,True,0.9145,,,,,,,,,,,2026-08-21T03:22:00Z
2025-09-04,reconstructed,575.22998,45.759998,15.3,563.918002,532.700901,519.3527,True,2.005962,7.98367,10.759024,44.047619,0.371771,0.367871,-0.880526,-3.520982,True,0.9414,,,,,,,,,,,2026-08-21T03:22:00Z
2025-09-05,reconstructed,576.059998,45.91,15.18,564.616002,533.917501,519.68955,True,2.026863,7.893073,10.846947,42.460317,0.370516,0.366426,-0.737504,-3.204724,True,0.9446,,,,,,,,,,,2026-08-21T03:22:00Z
2025-09-08,reconstructed,578.869995,46.564999,15.11,565.269003,535.1314,520.10105,True,2.40611,8.173431,11.299524,41.865079,0.361528,0.36596,-0.253305,-1.823744,True,0.9681,,,,,,,,,,,2026-08-21T03:22:00Z
2025-09-09,reconstructed,580.51001,46.945,15.04,565.917402,536.356601,520.5035,True,2.578575,8.2321,11.528551,40.873016,0.360589,0.366028,0.0,-1.022561,True,0.9706,,,,,,,,,,,2026-08-21T03:22:00Z
2025-09-10,reconstructed,580.700012,46.994999,15.35,566.498602,537.721801,520.8897,True,2.506875,7.992648,11.482337,44.444444,0.335671,0.355661,0.0,-0.917144,True,1.0,,,,,,,,,,,2026-08-21T03:22:00Z
2025-09-11,reconstructed,584.080017,47.785,14.71,567.240403,539.121601,521.29425,True,2.968691,8.339198,12.044209,35.31746,0.341041,0.34854,0.0,0.0,True,1.0,,,,,,,,,,,2026-08-21T03:22:00Z
2025-09-12,reconstructed,586.659973,48.380001,14.76,567.957603,540.657101,521.70265,True,3.292917,8.508697,12.451024,36.309524,0.343327,0.34178,0.0,0.0,True,1.0,,,,,,,,,,,2026-08-21T03:22:00Z
2025-09-15,reconstructed,591.679993,49.615002,15.69,568.666803,542.129101,522.1321,True,4.046867,9.140054,13.31998,48.412698,0.348406,0.344141,0.0,0.0,True,1.0,,,,,,,,,,,2026-08-21T03:22:00Z
2025-09-16,reconstructed,591.179993,49.48,16.360001,569.449802,543.495301,522.55505,True,3.815998,8.773708,13.132577,55.555556,0.348696,0.342277,-0.084505,-0.272099,True,1.0,,,,,,,,,,,2026-08-21T03:22:00Z
2025-09-17,reconstructed,590.0,49.165001,15.72,570.203002,544.721801,522.9585,True,3.471921,8.31217,12.81966,48.214286,0.310291,0.33889,-0.283936,-0.906985,True,1.0,,,,,,,,,,,2026-08-21T03:22:00Z
2025-09-18,reconstructed,595.320007,50.490002,15.7,570.984402,545.949401,523.4086,True,4.262044,9.043074,13.739057,48.015873,0.306865,0.33142,0.0,0.0,True,1.0,,,,,,,,,,,2026-08-21T03:22:00Z
2025-09-19,reconstructed,599.349976,51.490002,15.45,571.862401,547.2188,523.85665,True,4.806676,9.526569,14.411066,45.634921,0.29928,0.3329,0.0,0.0,True,1.0,,,,,,,,,,,2026-08-21T03:22:00Z
2025-09-22,reconstructed,602.200012,52.360001,16.1,572.822401,548.4855,524.2912,True,5.128572,9.793242,14.859836,52.380952,0.269547,0.330538,0.0,0.0,True,1.0,,,,,,,,,,,2026-08-21T03:22:00Z
2025-09-23,reconstructed,598.200012,51.305,16.639999,573.662201,549.712801,524.69785,True,4.277397,8.820463,14.008474,59.126984,0.281458,0.334196,-0.664231,-2.014897,True,1.0,,,,,,,,,,,2026-08-21T03:22:00Z
2025-09-24,reconstructed,596.099976,50.705002,16.18,574.449801,550.857,525.06205,True,3.768854,8.213198,13.529434,53.174603,0.28842,0.334183,-1.012959,-3.160807,True,1.0,,,,,,,,,,,2026-08-21T03:22:00Z
2025-09-25,reconstructed,593.530029,50.025002,16.74,575.174602,551.904001,525.42065,True,3.191279,7.542259,12.962829,60.31746,0.296382,0.330621,-1.439718,-4.459509,True,1.0,,,,,,,,,,,2026-08-21T03:22:00Z
2025-09-26,reconstructed,595.969971,50.625,15.29,575.858002,553.004401,525.7681,True,3.492522,7.769481,13.35225,42.261905,0.293471,0.329366,-1.034547,-3.313599,True,1.0,,,,,,,,,,,2026-08-21T03:22:00Z
2025-09-29,reconstructed,598.72998,51.299999,16.120001,576.607401,554.1776,526.14985,True,3.83668,8.039369,13.794574,52.579365,0.252284,0.326087,-0.576226,-2.024449,True,1.0,,,,,,,,,,,2026-08-21T03:22:00Z
2025-09-30,reconstructed,600.369995,51.700001,16.280001,577.331401,555.3483,526.5487,True,3.990532,8.106929,14.019842,54.563492,0.221025,0.321771,-0.303889,-1.260504,True,1.0,,,,,,,,,,,2026-08-21T03:22:00Z
2025-10-01,reconstructed,603.25,52.43,16.290001,578.171401,556.4979,526.91535,True,4.337572,8.401128,14.48708,54.761905,0.215309,0.322403,0.0,0.0,True,1.0,,,,,,,,,,,2026-08-21T03:22:00Z
2025-10-02,reconstructed,605.72998,53.07,16.629999,579.009801,557.6755,527.3115,True,4.614806,8.616925,14.871377,59.722222,0.204297,0.320999,0.0,0.0,True,1.0,,,,,,,,,,,2026-08-21T03:22:00Z
2025-10-03,reconstructed,603.179993,52.349998,16.65,579.773201,558.6288,527.67475,True,4.037232,7.975098,14.30905,60.515873,0.21727,0.322542,-0.420978,-1.356701,True,1.0,,,,,,,,,,,2026-08-21T03:22:00Z
2025-10-06,reconstructed,607.710022,53.52,16.370001,580.600001,559.55,528.02245,True,4.669311,8.60692,15.091702,56.349206,0.22284,0.323857,0.0,0.0,True,1.0,,,,,,,,,,,2026-08-21T03:22:00Z
2025-10-07,reconstructed,604.51001,52.654999,17.24,581.327401,560.4083,528.366,True,3.987875,7.869568,14.411224,66.666667,0.237515,0.326269,-0.526569,-1.616221,True,1.0,,,,,,,,,,,2026-08-21T03:22:00Z
2025-10-08,reconstructed,611.440002,54.439999,16.299999,582.211001,561.3302,528.84085,True,5.020345,8.926974,15.618905,54.960317,0.256553,0.332007,0.0,0.0,True,1.0,,,,,,,,,,,2026-08-21T03:22:00Z
2025-10-09,reconstructed,610.700012,54.224998,16.43,583.064601,562.2221,529.3235,True,4.739683,8.622555,15.373682,57.936508,0.257147,0.332433,-0.121024,-0.39493,True,1.0,,,,,,,,,,,2026-08-21T03:22:00Z
2025-10-10,reconstructed,589.5,48.535,21.66,583.554401,562.897,529.6777,True,1.018859,4.726087,11.294094,89.484127,0.470216,0.398415,-3.588251,-10.846802,True,0.7443,,,,,,,,,,,2026-08-21T03:22:00Z
2025-10-13,reconstructed,602.01001,51.615002,19.030001,584.517001,563.7144,530.0734,True,2.992729,6.793442,13.571066,77.97619,0.514119,0.417548,-1.54226,-5.189194,True,0.6808,,,,,,,,,,,2026-08-21T03:22:00Z
2025-10-14,reconstructed,598.0,50.564999,20.809999,585.195001,564.564,530.4136,True,2.188159,5.922446,12.742207,86.904762,0.520258,0.41955,-2.19809,-7.117928,True,0.6727,,,,,,,,,,,2026-08-21T03:22:00Z
2025-10-15,reconstructed,602.219971,51.599998,20.639999,586.034,565.4462,530.7767,True,2.761951,6.503496,13.460137,86.111111,0.52351,0.419366,-1.507921,-5.216753,True,0.6686,,,,,,,,,,,2026-08-21T03:22:00Z
2025-10-16,reconstructed,599.98999,51.025002,25.309999,586.6874,566.3537,531.16385,True,2.267407,5.939096,12.95761,95.833333,0.517782,0.419873,-1.872631,-6.272956,True,0.676,,,,,,,,,,,2026-08-21T03:22:00Z
2025-10-17,reconstructed,603.929993,51.994999,20.780001,587.3812,567.1808,531.60545,True,2.817385,6.479273,13.604929,86.507937,0.517408,0.421115,-1.22825,-4.491183,True,0.6764,,,,,,,,,,,2026-08-21T03:22:00Z
2025-10-20,reconstructed,611.539978,53.945,18.23,588.121,568.1071,532.107,True,3.982,7.645192,14.928008,73.412698,0.530797,0.426971,0.0,-0.909256,True,0.6594,,,,,,,,,,,2026-08-21T03:22:00Z
2025-10-21,reconstructed,611.380005,53.884998,17.870001,588.8916,569.0216,532.61275,True,3.818768,7.444077,14.788841,70.238095,0.524507,0.42688,-0.026159,-1.019472,True,0.6673,,,,,,,,,,,2026-08-21T03:22:00Z
2025-10-22,reconstructed,605.48999,52.299999,18.6,589.4004,569.8854,533.0473,True,2.729823,6.247675,13.590293,75.595238,0.534759,0.431871,-0.989304,-3.930932,True,0.6545,,,,,,,,,,,2026-08-21T03:22:00Z
2025-10-23,reconstructed,610.580017,53.610001,17.299999,590.0052,570.7591,533.4775,True,3.487226,6.976834,14.452815,66.666667,0.537377,0.43423,-0.156974,-1.524611,True,0.6513,,,,,,,,,,,2026-08-21T03:22:00Z
2025-10-24,reconstructed,617.099976,55.279999,16.370001,590.749399,571.6571,533.9871,True,4.460534,7.949324,15.564585,56.547619,0.545386,0.435902,0.0,0.0,True,0.6417,,,,,,,,,,,2026-08-21T03:22:00Z
2025-10-27,reconstructed,628.090027,58.215,15.79,591.764399,572.6503,534.5512,True,6.138529,9.681253,17.498572,48.412698,0.571112,0.426349,0.0,0.0,True,0.6128,,,,,,,,,,,2026-08-21T03:22:00Z
2025-10-28,reconstructed,632.919983,59.544998,16.42,592.880599,573.7316,535.17985,True,6.753364,10.316389,18.263044,57.936508,0.573891,0.415656,0.0,0.0,True,0.6099,,,,,,,,,,,2026-08-21T03:22:00Z
2025-10-29,reconstructed,635.77002,60.305,16.92,594.210399,574.790101,535.8309,True,6.994092,10.609076,18.651242,64.087302,0.57371,0.412261,0.0,0.0,True,0.6101,,,,,,,,,,,2026-08-21T03:22:00Z
2025-10-30,reconstructed,626.049988,57.544998,16.91,595.413398,575.7436,536.43575,True,5.145432,8.737637,16.705493,64.087302,0.603737,0.420421,-1.52886,-4.576738,True,0.5797,,,,,,,,,,,2026-08-21T03:22:00Z
2025-10-31,reconstructed,629.070007,58.360001,17.440001,596.729198,576.6922,536.9976,True,5.419679,9.082455,17.145776,68.650794,0.600588,0.420725,-1.053842,-3.225271,True,0.5828,,,,,,,,,,,2026-08-21T03:22:00Z
2025-11-03,reconstructed,632.080017,59.16,17.17,597.931399,577.688901,537.5926,True,5.711126,9.415295,17.576026,66.666667,0.598275,0.418606,-0.580399,-1.898682,True,0.585,,,,,,,,,,,2026-08-21T03:22:00Z
2025-11-04,reconstructed,619.25,55.540001,19.0,598.909999,578.544801,538.08015,True,3.39617,7.03579,15.085085,78.769841,0.640007,0.439,-2.598427,-7.9015,True,0.5469,,,,,,,,,,,2026-08-21T03:22:00Z
2025-11-05,reconstructed,623.280029,56.619999,18.01,599.9234,579.508001,538.57255,True,3.893269,7.553309,15.728146,72.420635,0.632907,0.434793,-1.964545,-6.110607,True,0.553,,,,,,,,,,,2026-08-21T03:22:00Z
2025-11-06,reconstructed,611.669983,53.445,19.5,600.687,580.281801,538.97335,True,1.828404,5.409127,13.487983,82.142857,0.666376,0.451532,-3.790685,-11.375509,True,0.5252,,,,,,,,,,,2026-08-21T03:22:00Z
2025-11-07,reconstructed,609.73999,52.889999,19.08,601.340199,581.088401,539.35885,True,1.396845,4.930677,13.049038,79.166667,0.541464,0.452175,-4.094252,-12.295831,True,0.6464,,,,,,,,,,,2026-08-21T03:22:00Z
2025-11-10,reconstructed,623.22998,56.355,17.6,602.396798,582.030801,539.82685,True,3.458382,7.078522,15.449978,69.047619,0.544453,0.468978,-1.972417,-6.550039,True,0.6428,,,,,,,,,,,2026-08-21T03:22:00Z
2025-11-11,reconstructed,621.570007,55.889999,17.280001,603.515798,582.978201,540.36365,True,2.991506,6.619768,15.028094,66.865079,0.538659,0.469504,-2.233514,-7.321119,True,0.6498,,,,,,,,,,,2026-08-21T03:22:00Z
2025-11-12,reconstructed,621.080017,55.775002,17.51,604.535999,583.872501,540.86,True,2.736647,6.372541,14.831937,68.452381,0.536325,0.460525,-2.310584,-7.511813,True,0.6526,,,,,,,,,,,2026-08-21T03:22:00Z
2025-11-13,reconstructed,608.400024,52.330002,20.0,605.199399,584.558701,541.29785,True,0.528855,4.078517,12.396534,83.928571,0.583835,0.477866,-4.305015,-13.22444,True,0.5995,,,,,,,,,,,2026-08-21T03:22:00Z
2025-11-14,reconstructed,608.859985,52.369999,19.83,605.855399,585.235701,541.7269,True,0.495925,4.036713,12.392422,83.333333,0.580329,0.47654,-4.232668,-13.158115,True,0.6031,,,,,,,,,,,2026-08-21T03:22:00Z
2025-11-17,reconstructed,603.659973,51.025002,22.379999,606.351199,585.810101,542.13375,True,-0.443839,3.047041,11.348901,91.468254,0.570878,0.472349,-5.050576,-15.38844,True,0.6131,,,,,,,,,,,2026-08-21T03:22:00Z
2025-11-18,reconstructed,596.309998,49.18,24.690001,606.667198,586.2923,542.52475,True,-1.707229,1.708652,9.913879,94.642857,0.583441,0.478431,-6.20665,-18.44789,True,0.5999,,,,,,,,,,,2026-08-21T03:22:00Z
2025-11-19,reconstructed,599.869995,50.025002,23.66,607.050598,586.7746,542.90175,True,-1.182867,2.231759,10.493288,93.253968,0.579862,0.479045,-5.6467,-17.046677,True,0.6036,,,,,,,,,,,2026-08-21T03:22:00Z
2025-11-20,reconstructed,585.669983,46.450001,26.42,607.082397,587.1614,543.19585,True,-3.527102,-0.254005,7.819304,95.833333,0.620827,0.502161,-7.880214,-22.974877,True,0.5638,,,,,,,,,,,2026-08-21T03:22:00Z
2025-11-21,reconstructed,590.070007,47.48,23.43,607.150598,587.5541,543.4982,True,-2.813238,0.4282,8.568898,92.261905,0.614409,0.502808,-7.188136,-21.266894,True,0.5697,,,,,,,,,,,2026-08-21T03:22:00Z
2025-11-24,reconstructed,605.159973,51.080002,20.52,607.420198,588.0435,543.9094,True,-0.372102,2.910749,11.261172,84.920635,0.64819,0.519684,-4.814641,-15.297236,True,0.54,,,,,,,,,,,2026-08-21T03:22:00Z
2025-11-25,reconstructed,608.890015,52.009998,18.559999,607.774398,588.6121,544.3076,True,0.183558,3.445039,11.865058,74.404762,0.645683,0.517239,-4.227945,-13.755082,True,0.5421,,,,,,,,,,,2026-08-21T03:22:00Z
2025-11-26,reconstructed,614.27002,53.369999,17.190001,608.259799,589.2314,544.739001,True,0.988101,4.249369,12.764098,63.690476,0.652541,0.517736,-3.381726,-11.499878,True,0.5364,,,,,,,,,,,2026-08-21T03:22:00Z
2025-11-28,reconstructed,619.25,54.540001,16.35,608.738398,589.8614,545.193751,True,1.726785,4.982289,13.583474,52.97619,0.640976,0.516849,-2.598427,-9.559737,True,0.546,,,,,,,,,,,2026-08-21T03:22:00Z
2025-12-01,reconstructed,617.169983,54.049999,17.24,609.094799,590.4786,545.6001,True,1.325768,4.520296,13.117645,64.484127,0.638544,0.517477,-2.925592,-10.372276,True,0.5481,,,,,,,,,,,2026-08-21T03:22:00Z
2025-12-02,reconstructed,622.0,55.299999,16.59,609.490798,591.1566,546.01935,True,2.052402,5.217467,13.915377,56.746032,0.642686,0.5186,-2.165881,-8.299479,True,0.5446,,,,,,,,,,,2026-08-21T03:22:00Z
2025-12-03,reconstructed,623.52002,55.689999,16.08,609.997198,591.8297,546.4401,True,2.216866,5.354635,14.105831,48.412698,0.604679,0.518562,-1.926797,-7.652768,True,0.5788,,,,,,,,,,,2026-08-21T03:22:00Z
2025-12-04,reconstructed,622.940002,55.509998,15.78,610.533999,592.4919,546.8572,True,2.031992,5.13899,13.912737,44.444444,0.600763,0.518718,-2.018028,-7.951251,True,0.5826,,,,,,,,,,,2026-08-21T03:22:00Z
2025-12-05,reconstructed,625.47998,56.150002,15.41,611.172998,593.1738,547.29845,True,2.340906,5.446326,14.28499,40.873016,0.564353,0.518244,-1.618516,-6.889974,True,0.6202,,,,,,,,,,,2026-08-21T03:22:00Z
2025-12-08,reconstructed,624.280029,55.799999,16.66,611.739199,593.7986,547.78945,True,2.050029,5.133294,13.9635,58.333333,0.563231,0.518238,-1.807256,-7.470361,True,0.6214,,,,,,,,,,,2026-08-21T03:22:00Z
2025-12-09,reconstructed,625.049988,56.009998,16.93,612.265599,594.4365,548.31535,True,2.088046,5.150001,13.994618,60.912698,0.513163,0.516096,-1.686149,-7.122132,True,0.682,,,,,,,,,,,2026-08-21T03:22:00Z
2025-12-10,reconstructed,627.609985,56.650002,15.77,612.810399,595.0709,548.8868,True,2.415035,5.468102,14.342335,43.650794,0.513622,0.516294,-1.283488,-6.060855,True,0.6814,,,,,,,,,,,2026-08-21T03:22:00Z
2025-12-11,reconstructed,625.580017,56.110001,14.85,613.257,595.7142,549.4419,True,2.009438,5.013447,13.857355,32.539683,0.51493,0.516574,-1.602781,-6.956305,True,0.6797,,,,,,,,,,,2026-08-21T03:22:00Z
2025-12-12,reconstructed,613.619995,52.82,15.74,613.4148,596.2123,550.00865,True,0.033451,2.919714,11.565517,43.253968,0.50998,0.529063,-3.483968,-12.411907,True,0.6863,,,,,,,,,,,2026-08-21T03:22:00Z
2025-12-15,reconstructed,610.539978,52.02,16.5,613.562,596.6676,550.5205,True,-0.492537,2.324976,10.902315,54.761905,0.513178,0.528692,-3.968423,-13.738496,True,0.682,,,,,,,,,,,2026-08-21T03:22:00Z
2025-12-16,reconstructed,611.75,52.330002,16.48,613.642799,597.1214,551.094,True,-0.308453,2.449854,11.006471,54.365079,0.504254,0.527737,-3.778099,-13.22444,True,0.6941,,,,,,,,,,,2026-08-21T03:22:00Z
2025-12-17,reconstructed,600.409973,49.400002,17.620001,613.560798,597.4441,551.6183,True,-2.143361,0.496427,8.845188,67.65873,0.528364,0.538737,-5.561767,-18.083076,True,0.6624,,,,,,,,,,,2026-08-21T03:22:00Z
2025-12-18,reconstructed,609.109985,51.509998,16.870001,613.514198,597.862599,552.1538,True,-0.717866,1.881266,10.315275,60.119048,0.546358,0.545216,-4.193346,-14.5842,True,0.6406,,,,,,,,,,,2026-08-21T03:22:00Z
2025-12-19,reconstructed,617.049988,53.52,14.91,613.641198,598.352899,552.79805,True,0.555502,3.124759,11.62304,31.944444,0.486741,0.549926,-2.944466,-11.25114,True,0.7191,,,,,,,,,,,2026-08-21T03:22:00Z
2025-12-22,reconstructed,619.210022,54.25,14.08,614.235398,598.894899,553.43515,True,0.809889,3.392101,11.884838,22.02381,0.484278,0.550068,-2.604715,-10.040627,True,0.7227,,,,,,,,,,,2026-08-21T03:22:00Z
2025-12-23,reconstructed,622.109985,55.009998,14.0,614.637397,599.577199,554.18205,True,1.215772,3.758113,12.257332,21.230159,0.412353,0.55013,-2.148581,-8.78037,True,0.8488,,,,,,,,,,,2026-08-21T03:22:00Z
2025-12-24,reconstructed,623.929993,55.360001,13.47,615.155997,600.175499,554.9437,True,1.426304,3.957925,12.431224,16.468254,0.409085,0.550071,-1.862313,-8.199983,True,0.8556,,,,,,,,,,,2026-08-21T03:22:00Z
2025-12-26,reconstructed,623.890015,55.310001,13.6,615.589398,600.811699,555.67855,True,1.348401,3.841189,12.275346,18.253968,0.40035,0.549488,-1.868601,-8.282893,True,0.8742,,,,,,,,,,,2026-08-21T03:22:00Z
2025-12-29,reconstructed,620.869995,54.490002,14.2,616.006998,601.347199,556.4412,True,0.789439,3.24651,11.578725,23.214286,0.39745,0.550029,-2.343619,-9.642648,True,0.8806,,,,,,,,,,,2026-08-21T03:22:00Z
2025-12-30,reconstructed,619.429993,54.099998,14.33,616.316998,601.849099,557.14005,True,0.505096,2.921146,11.180303,24.603175,0.396939,0.549458,-2.570116,-10.289365,True,0.8817,,,,,,,,,,,2026-08-21T03:22:00Z
2025-12-31,reconstructed,614.309998,52.720001,14.95,616.372399,602.246699,557.79775,True,-0.334603,2.003049,10.131315,32.34127,0.397463,0.550323,-3.375438,-12.577728,True,0.8806,,,,,,,,,,,2026-08-21T03:22:00Z
2026-01-02,reconstructed,613.119995,52.349998,14.51,616.407198,602.649399,558.49065,True,-0.533284,1.737427,9.781604,26.587302,0.396309,0.54947,-3.562613,-13.191281,True,0.8831,,,,,,,,,,,2026-08-21T03:22:00Z
2026-01-05,reconstructed,617.98999,53.599998,14.9,616.657198,603.028799,559.17615,True,0.216132,2.481008,10.517945,31.150794,0.407433,0.547247,-2.796613,-11.118484,True,0.859,,,,,,,,,,,2026-08-21T03:22:00Z
2026-01-06,reconstructed,623.419983,55.009998,14.75,616.913998,603.459599,559.896949,True,1.054602,3.307659,11.345487,29.166667,0.416933,0.549743,-1.942532,-8.78037,True,0.8395,,,,,,,,,,,2026-08-21T03:22:00Z
2026-01-07,reconstructed,624.02002,55.169998,15.38,617.052399,603.900899,560.61285,True,1.129178,3.331527,11.310331,38.293651,0.416585,0.503611,-1.848153,-8.515052,True,0.8402,,,,,,,,,,,2026-08-21T03:22:00Z
2026-01-08,reconstructed,620.469971,54.189999,15.45,616.899998,604.332198,561.261899,True,0.578696,2.670348,10.549099,39.880952,0.42083,0.489009,-2.406538,-10.140124,True,0.8317,,,,,,,,,,,2026-08-21T03:22:00Z
2026-01-09,reconstructed,626.650024,55.759998,14.49,616.774598,604.827599,561.92785,True,1.60114,3.608041,11.51788,25.396825,0.432326,0.490137,-1.43448,-7.536692,True,0.8096,,,,,,,,,,,2026-08-21T03:22:00Z
2026-01-12,reconstructed,627.169983,55.889999,15.12,616.602598,605.406498,562.641799,True,1.713808,3.594855,11.468786,34.52381,0.431064,0.488641,-1.352696,-7.321119,True,0.8119,,,,,,,,,,,2026-08-21T03:22:00Z
2026-01-13,reconstructed,626.23999,55.599998,15.98,616.606398,606.009898,563.364899,True,1.562357,3.338245,11.160633,46.428571,0.372097,0.48812,-1.498974,-7.802009,True,0.9406,,,,,,,,,,,2026-08-21T03:22:00Z
2026-01-14,reconstructed,619.549988,53.830002,16.75,616.415997,606.572598,564.117949,True,0.508421,2.139462,9.826321,58.531746,0.3872,0.491617,-2.551242,-10.737084,True,0.9039,,,,,,,,,,,2026-08-21T03:22:00Z
2026-01-15,reconstructed,621.780029,54.380001,15.84,616.209998,607.070698,564.882249,True,0.903918,2.423001,10.072503,43.650794,0.388072,0.486126,-2.20048,-9.825055,True,0.9019,,,,,,,,,,,2026-08-21T03:22:00Z
2026-01-16,reconstructed,621.26001,54.139999,15.86,616.250198,607.580098,565.625049,True,0.812951,2.25154,9.836014,44.047619,0.323253,0.486222,-2.282273,-10.223034,True,1.0,,,,,,,,,,,2026-08-21T03:22:00Z
2026-01-20,reconstructed,608.059998,50.73,20.09,615.945797,607.934598,566.284599,True,-1.280275,0.020627,7.377103,82.738095,0.372728,0.499736,-4.358498,-15.877623,True,0.939,,,,,,,,,,,2026-08-21T03:22:00Z
2026-01-21,reconstructed,616.280029,52.73,16.9,616.037998,608.362499,567.1127,True,0.039288,1.301449,8.669763,59.920635,0.373296,0.503669,-3.065572,-12.561149,True,0.9376,,,,,,,,,,,2026-08-21T03:22:00Z
2026-01-22,reconstructed,620.76001,53.900002,15.64,616.258398,608.799299,568.10315,True,0.730475,1.964639,9.268891,39.484127,0.378777,0.501649,-2.360918,-10.621008,True,0.924,,,,,,,,,,,2026-08-21T03:22:00Z
2026-01-23,reconstructed,622.719971,54.380001,16.09,616.248198,609.322498,569.098299,True,1.050189,2.198749,9.422216,46.626984,0.376692,0.489734,-2.052637,-9.825055,True,0.9291,,,,,,,,,,,2026-08-21T03:22:00Z
2026-01-26,reconstructed,625.460022,55.080002,16.15,616.325999,609.920898,570.1453,True,1.482012,2.547728,9.701864,48.015873,0.378923,0.488113,-1.621655,-8.664287,True,0.9237,,,,,,,,,,,2026-08-21T03:22:00Z
2026-01-27,reconstructed,631.130005,56.540001,16.35,616.526998,610.531498,570.97095,True,2.368592,3.373865,10.536273,50.793651,0.390356,0.490554,-0.729826,-6.243262,True,0.8966,,,,,,,,,,,2026-08-21T03:22:00Z
2026-01-28,reconstructed,633.219971,57.060001,16.35,617.023397,611.111398,571.906149,True,2.624953,3.617765,10.720959,50.793651,0.386413,0.481793,-0.401096,-5.380978,True,0.9058,,,,,,,,,,,2026-08-21T03:22:00Z
2026-01-29,reconstructed,629.429993,56.040001,16.879999,617.434797,611.645098,572.781299,True,1.942747,2.907715,9.890109,59.722222,0.391835,0.482334,-0.99722,-7.072381,True,0.8932,,,,,,,,,,,2026-08-21T03:22:00Z
2026-01-30,reconstructed,621.869995,54.0,17.440001,617.798998,612.075098,573.603249,True,0.658952,1.600277,8.414657,65.674603,0.403728,0.487064,-2.186329,-10.455187,True,0.8669,,,,,,,,,,,2026-08-21T03:22:00Z
2026-02-02,reconstructed,626.140015,55.099998,16.34,618.395598,612.531398,574.443999,True,1.25234,2.221701,8.999313,49.206349,0.407739,0.472517,-1.514699,-8.631128,True,0.8584,,,,,,,,,,,2026-08-21T03:22:00Z
2026-02-03,reconstructed,616.52002,52.52,18.0,618.728599,612.889598,575.3057,True,-0.356954,0.592345,7.163899,69.84127,0.435724,0.480502,-3.027824,-12.909377,True,0.8033,,,,,,,,,,,2026-08-21T03:22:00Z
2026-02-04,reconstructed,605.75,49.759998,18.639999,619.130199,613.106298,576.11395,True,-2.161128,-1.199841,5.14413,75.198413,0.460232,0.478822,-4.721836,-17.486115,True,0.7605,,,,,,,,,,,2026-08-21T03:22:00Z
2026-02-05,reconstructed,597.030029,47.639999,21.77,619.269399,613.209999,576.93355,True,-3.591227,-2.638569,3.483327,89.087302,0.478384,0.486092,-6.093397,-21.001577,True,0.7316,,,,,,,,,,,2026-08-21T03:22:00Z
2026-02-06,reconstructed,609.650024,50.59,20.370001,619.3592,613.389699,577.7594,True,-1.567616,-0.609674,5.519707,83.531746,0.53464,0.484036,-4.108403,-16.109775,True,0.6546,,,,,,,,,,,2026-08-21T03:22:00Z
2026-02-09,reconstructed,614.320007,51.740002,17.360001,619.4678,613.621099,578.5582,True,-0.831003,0.113899,6.181194,64.087302,0.530148,0.486305,-3.373863,-14.2028,True,0.6602,,,,,,,,,,,2026-08-21T03:22:00Z
2026-02-10,reconstructed,611.469971,51.02,17.790001,619.411799,613.835799,579.2788,True,-1.282156,-0.385417,5.557112,67.65873,0.531035,0.48704,-3.822144,-15.396733,True,0.6591,,,,,,,,,,,2026-08-21T03:22:00Z
2026-02-11,reconstructed,613.109985,51.400002,17.65,619.288999,614.013699,579.98155,True,-0.997759,-0.147181,5.711981,66.468254,0.532557,0.470543,-3.564187,-14.766601,True,0.6572,,,,,,,,,,,2026-08-21T03:22:00Z
2026-02-12,reconstructed,600.640015,48.259998,20.82,618.9584,614.026599,580.6227,True,-2.95955,-2.180131,3.44756,86.309524,0.562567,0.486978,-5.525584,-19.973471,True,0.6221,,,,,,,,,,,2026-08-21T03:22:00Z
2026-02-13,reconstructed,601.919983,48.470001,20.6,618.556799,614.023799,581.25465,True,-2.689618,-1.971229,3.555298,84.52381,0.560866,0.484331,-5.324258,-19.625237,True,0.624,,,,,,,,,,,2026-08-21T03:22:00Z
2026-02-17,reconstructed,601.299988,48.349998,20.290001,618.112399,614.054799,581.8838,True,-2.71996,-2.077145,3.336781,82.34127,0.560942,0.478593,-5.421777,-19.82423,True,0.624,,,,,,,,,,,2026-08-21T03:22:00Z
2026-02-18,reconstructed,605.789978,49.389999,19.620001,617.769398,614.151699,582.50435,True,-1.939141,-1.361507,3.997503,79.761905,0.524155,0.479332,-4.715548,-18.099661,True,0.6677,,,,,,,,,,,2026-08-21T03:22:00Z
2026-02-19,reconstructed,603.469971,48.830002,20.23,617.329198,614.251098,583.077549,True,-2.24503,-1.755166,3.497377,81.944444,0.503013,0.456195,-5.080461,-19.02827,True,0.6958,,,,,,,,,,,2026-08-21T03:22:00Z
2026-02-20,reconstructed,608.809998,50.060001,19.09,617.019797,614.379498,583.691949,True,-1.330557,-0.906525,4.303306,75.992063,0.505142,0.456828,-4.240531,-16.988639,True,0.6929,,,,,,,,,,,2026-08-21T03:22:00Z
2026-02-23,reconstructed,601.409973,48.240002,21.01,616.546997,614.406298,584.291949,True,-2.455129,-2.115266,2.929704,86.904762,0.516181,0.436033,-5.404477,-20.006631,True,0.6781,,,,,,,,,,,2026-08-21T03:22:00Z
2026-02-24,reconstructed,607.869995,49.779999,19.549999,616.152197,614.481298,584.914799,True,-1.344181,-1.075916,3.924537,78.968254,0.529418,0.439449,-4.388383,-17.45295,True,0.6611,,,,,,,,,,,2026-08-21T03:22:00Z
2026-02-25,reconstructed,616.679993,51.869999,17.93,615.974197,614.615598,585.556749,True,0.114582,0.335884,5.315154,67.261905,0.544094,0.444695,-3.002662,-13.987234,True,0.6433,,,,,,,,,,,2026-08-21T03:22:00Z
2026-02-26,reconstructed,609.23999,50.049999,18.629999,615.886597,614.650698,586.163099,True,-1.079193,-0.88029,3.93694,73.015873,0.552767,0.44798,-4.172897,-17.005225,True,0.6332,,,,,,,,,,,2026-08-21T03:22:00Z
2026-02-27,reconstructed,607.289978,49.52,19.860001,615.821597,614.691798,586.660299,True,-1.385404,-1.204151,3.516461,80.555556,0.551286,0.448114,-4.479614,-17.884089,True,0.6349,,,,,,,,,,,2026-08-21T03:22:00Z
2026-03-02,reconstructed,608.090027,49.700001,21.440001,615.748397,614.695598,587.122799,True,-1.24375,-1.074609,3.571183,87.5,0.539805,0.445392,-4.353774,-17.585606,True,0.6484,,,,,,,,,,,2026-08-21T03:22:00Z
2026-03-03,reconstructed,601.580017,48.099998,23.57,615.771798,614.666298,587.537299,True,-2.304714,-2.129006,2.390098,92.65873,0.541107,0.44946,-5.377731,-20.238789,True,0.6468,,,,,,,,,,,2026-08-21T03:22:00Z
2026-03-04,reconstructed,610.75,50.259998,21.15,615.804598,614.659398,587.994799,True,-0.820812,-0.636027,3.869966,86.706349,0.547732,0.459627,-3.935388,-16.656997,True,0.639,,,,,,,,,,,2026-08-21T03:22:00Z
2026-03-05,reconstructed,608.909973,49.799999,23.75,615.641798,614.641498,588.431799,True,-1.093465,-0.932499,3.480127,93.055556,0.514898,0.459127,-4.224805,-17.419784,True,0.6797,,,,,,,,,,,2026-08-21T03:22:00Z
2026-03-06,reconstructed,599.75,47.540001,29.49,615.252598,614.743998,588.820499,True,-2.519713,-2.439064,1.856169,97.222222,0.518069,0.467749,-5.665574,-21.167398,True,0.6756,,,,,,,,,,,2026-08-21T03:22:00Z
2026-03-09,reconstructed,607.76001,49.389999,25.5,614.965598,614.801498,589.257949,True,-1.171706,-1.145327,3.139892,95.436508,0.487358,0.475164,-4.405683,-18.099661,True,0.7182,,,,,,,,,,,2026-08-21T03:22:00Z
2026-03-10,reconstructed,607.77002,49.400002,24.93,614.642399,614.899198,589.731599,True,-1.11811,-1.159406,3.058751,94.84127,0.479458,0.4744,-4.404108,-18.083076,True,0.73,,,,,,,,,,,2026-08-21T03:22:00Z
2026-03-11,reconstructed,607.690002,49.349998,24.23,614.318398,614.953898,590.200049,True,-1.078984,-1.18121,2.963394,93.253968,0.477344,0.474131,-4.416694,-18.165992,True,0.7332,,,,,,,,,,,2026-08-21T03:22:00Z
2026-03-12,reconstructed,597.26001,46.830002,27.290001,613.846199,614.926599,590.640149,True,-2.702011,-2.872959,1.120794,96.031746,0.507469,0.470488,-6.057223,-22.344745,True,0.6897,,,,,,,,,,,2026-08-21T03:22:00Z
2026-03-13,reconstructed,593.719971,45.93,27.190001,613.331998,614.824498,591.002649,True,-3.19762,-3.43261,0.459782,95.833333,0.465166,0.471064,-6.614035,-23.837161,True,0.7524,,,,,,,,,,,2026-08-21T03:22:00Z
2026-03-16,reconstructed,600.380005,47.459999,23.51,613.053398,614.712899,591.409999,True,-2.067258,-2.33164,1.516715,90.873016,0.481533,0.476254,-5.566481,-21.30006,True,0.7268,,,,,,,,,,,2026-08-21T03:22:00Z
2026-03-17,reconstructed,603.309998,48.16,22.370001,612.857198,614.632198,591.826899,True,-1.557818,-1.84211,1.94028,88.492063,0.484523,0.463373,-5.105623,-20.139293,True,0.7224,,,,,,,,,,,2026-08-21T03:22:00Z
2026-03-18,reconstructed,594.900024,46.099998,25.09,612.395399,614.526299,592.20585,True,-2.856876,-3.193724,0.454939,94.444444,0.500572,0.462834,-6.428424,-23.555264,True,0.6992,,,,,,,,,,,2026-08-21T03:22:00Z
2026-03-19,reconstructed,593.02002,45.689999,24.059999,611.7874,614.350699,592.5549,True,-3.067631,-3.472069,0.078494,91.865079,0.500105,0.455304,-6.72413,-24.235141,True,0.6999,,,,,,,,,,,2026-08-21T03:22:00Z
2026-03-20,reconstructed,582.059998,43.080002,26.780001,610.948199,614.000299,592.8287,True,-4.728421,-5.202001,-1.816495,95.436508,0.523702,0.4677,-8.448027,-28.563135,False,0.0,,,,,,,,,,,2026-08-21T03:22:00Z
2026-03-23,reconstructed,588.0,44.57,26.15,610.2988,613.599399,593.12485,True,-3.653751,-4.172005,-0.864042,94.84127,0.531376,0.472845,-7.513726,-26.092365,False,0.0,,,,,,,,,,,2026-08-21T03:22:00Z
2026-03-24,reconstructed,583.97998,43.619999,26.950001,609.445399,613.109999,593.4208,True,-4.178458,-4.75119,-1.590915,95.634921,0.51785,0.47389,-8.146034,-27.667691,False,0.0,,,,,,,,,,,2026-08-21T03:22:00Z
2026-03-25,reconstructed,587.820007,44.389999,25.33,608.6584,612.630499,593.7103,True,-3.42366,-4.04983,-0.992116,94.246032,0.494579,0.47585,-7.542037,-26.390848,False,0.0,,,,,,,,,,,2026-08-21T03:22:00Z
2026-03-26,reconstructed,573.789978,41.23,27.440001,607.609399,612.107899,593.92575,True,-5.565981,-6.259994,-3.390284,96.031746,0.536325,0.495344,-9.748815,-31.630877,False,0.0,,,,,,,,,,,2026-08-21T03:22:00Z
2026-03-27,reconstructed,562.580017,38.779999,31.049999,606.47,611.442999,594.067599,True,-7.236959,-7.991421,-5.300337,98.214286,0.565354,0.508114,-11.512025,-35.69356,False,0.0,,,,,,,,,,,2026-08-21T03:22:00Z
2026-03-30,reconstructed,558.280029,37.889999,30.610001,605.2,610.704999,594.19695,True,-7.752804,-8.584336,-6.044615,97.81746,0.563763,0.5077,-12.188368,-37.16939,False,0.0,,,,,,,,,,,2026-08-21T03:22:00Z
2026-03-31,reconstructed,577.179993,41.68,25.25,604.3184,610.284299,594.41455,True,-4.490746,-5.424407,-2.899417,93.253968,0.685802,0.551383,-9.215601,-30.884669,False,0.0,,,,,,,,,,,2026-08-21T03:22:00Z
2026-04-01,reconstructed,584.309998,43.23,24.540001,603.8434,609.894598,594.7013,True,-3.234846,-4.194922,-1.747315,91.071429,0.678675,0.554839,-8.094125,-28.314403,False,0.0,,,,,,,,,,,2026-08-21T03:22:00Z
2026-04-02,reconstructed,584.97998,43.330002,23.870001,603.217399,609.627698,594.95475,True,-3.023357,-4.043077,-1.676559,89.880952,0.679333,0.5516,-7.988744,-28.148575,False,0.0,,,,,,,,,,,2026-08-21T03:22:00Z
2026-04-06,reconstructed,588.5,44.099998,24.17,602.572198,609.415298,595.25185,True,-2.335355,-3.432027,-1.134285,90.47619,0.66775,0.553162,-7.435082,-26.871738,False,0.0,,,,,,,,,,,2026-08-21T03:22:00Z
2026-04-07,reconstructed,588.590027,44.150002,25.780001,601.8896,609.068899,595.54985,True,-2.209637,-3.362324,-1.168638,93.849206,0.649582,0.552381,-7.420921,-26.788821,False,0.0,,,,,,,,,,,2026-08-21T03:22:00Z
2026-04-08,reconstructed,606.090027,48.0,21.040001,601.5022,608.914099,595.94615,True,0.762728,-0.463788,1.702147,81.746032,0.727237,0.578945,-4.668354,-20.40461,True,0.4813,,,,,,,,,,,2026-08-21T03:22:00Z
2026-04-09,reconstructed,610.190002,48.959999,19.49,601.0834,608.805199,596.33885,True,1.515031,0.227462,2.322698,72.81746,0.730838,0.580619,-4.02347,-18.812704,True,0.4789,,,,,,,,,,,2026-08-21T03:22:00Z
2026-04-10,reconstructed,611.070007,49.169998,19.23,600.6404,608.831899,596.6953,True,1.736414,0.367607,2.409053,71.230159,0.704892,0.58069,-3.885055,-18.464476,True,0.4965,,,,,,,,,,,2026-08-21T03:22:00Z
2026-04-13,reconstructed,617.390015,50.66,19.120001,600.399601,608.917199,597.07645,True,2.829851,1.391456,3.402171,70.238095,0.705765,0.580739,-2.890983,-15.993699,True,0.4959,,,,,,,,,,,2026-08-21T03:22:00Z
2026-04-14,reconstructed,628.599976,53.41,18.360001,600.5342,609.166599,597.48835,True,4.673468,3.190158,5.207068,64.484127,0.720366,0.591095,-1.127773,-11.433547,True,0.4859,,,,,,,,,,,2026-08-21T03:22:00Z
2026-04-15,reconstructed,637.400024,55.650002,18.17,600.759401,609.577499,597.9349,True,6.099051,4.564231,6.600238,62.5,0.730691,0.597092,0.0,-7.719093,True,0.479,,,,,,,,,,,2026-08-21T03:22:00Z
2026-04-16,reconstructed,640.469971,56.43,17.940001,601.2384,609.983499,598.37905,True,6.525127,4.997917,7.034157,60.515873,0.705464,0.582438,0.0,-6.425669,True,0.4961,,,,,,,,,,,2026-08-21T03:22:00Z
2026-04-17,reconstructed,648.849976,58.59,17.48,602.100399,610.615299,598.88835,True,7.764415,6.261664,8.342394,56.150794,0.707609,0.582131,0.0,-2.843877,True,0.4946,,,,,,,,,,,2026-08-21T03:22:00Z
2026-04-20,reconstructed,646.789978,58.080002,18.870001,603.095598,611.182499,599.3683,True,7.245017,5.825998,7.911943,67.857143,0.663029,0.581092,-0.317484,-3.689575,True,0.5279,,,,,,,,,,,2026-08-21T03:22:00Z
2026-04-21,reconstructed,644.330017,57.400002,19.5,603.789198,611.574199,599.80885,True,6.7144,5.355984,7.422559,73.015873,0.666053,0.581566,-0.696611,-4.817177,True,0.5255,,,,,,,,,,,2026-08-21T03:22:00Z
2026-04-22,reconstructed,655.109985,60.209999,18.92,604.604998,612.036399,600.32425,True,8.353386,7.037749,9.126024,67.857143,0.663962,0.589215,0.0,-0.157535,True,0.5271,,,,,,,,,,,2026-08-21T03:22:00Z
2026-04-23,reconstructed,651.419983,59.220001,19.309999,605.403998,612.407899,600.819649,True,7.600872,6.370278,8.421884,71.825397,0.674511,0.588208,-0.563265,-1.799186,True,0.5189,,,,,,,,,,,2026-08-21T03:22:00Z
2026-04-24,reconstructed,663.880005,62.560001,18.709999,606.419398,612.854199,601.357799,True,9.475391,8.325929,10.39684,67.063492,0.605927,0.598726,0.0,0.0,True,0.5776,,,,,,,,,,,2026-08-21T03:22:00Z
2026-04-27,reconstructed,664.22998,62.639999,18.02,607.691198,613.324799,601.901699,True,9.303867,8.299873,10.355226,61.111111,0.531866,0.597264,0.0,0.0,True,0.6581,,,,,,,,,,,2026-08-21T03:22:00Z
2026-04-28,reconstructed,657.549988,60.740002,17.83,608.803798,613.680298,602.418449,True,8.00688,7.148623,9.151702,59.126984,0.541215,0.595701,-1.005675,-3.033202,True,0.6467,,,,,,,,,,,2026-08-21T03:22:00Z
2026-04-29,reconstructed,661.570007,61.860001,18.809999,610.009198,614.060798,602.945249,True,8.452464,7.73689,9.723065,67.063492,0.461665,0.595468,-0.40046,-1.245209,True,0.7581,,,,,,,,,,,2026-08-21T03:22:00Z
2026-04-30,reconstructed,667.73999,63.540001,16.889999,611.248198,614.508798,603.500349,True,9.242038,8.662397,10.644508,49.007937,0.458167,0.588493,0.0,0.0,True,0.7639,,,,,,,,,,,2026-08-21T03:22:00Z
2026-05-01,reconstructed,674.150024,65.300003,16.99,612.661799,614.995499,604.084649,True,10.036243,9.618692,11.598602,50.198413,0.454139,0.578538,0.0,0.0,True,0.7707,,,,,,,,,,,2026-08-21T03:22:00Z
2026-05-04,reconstructed,672.880005,64.910004,18.290001,613.943199,615.481498,604.640049,True,9.599716,9.325789,11.286046,63.095238,0.464156,0.570426,-0.188388,-0.597243,True,0.7541,,,,,,,,,,,2026-08-21T03:22:00Z
2026-05-05,reconstructed,681.609985,67.389999,17.379999,615.5472,616.047098,605.241799,True,10.732367,10.642512,12.617798,54.166667,0.462918,0.562475,0.0,0.0,True,0.7561,,,,,,,,,,,2026-08-21T03:22:00Z
2026-05-06,reconstructed,695.77002,71.57,17.389999,617.3052,616.728699,605.899799,True,12.710863,12.816222,14.832522,54.166667,0.422585,0.573306,0.0,0.0,True,0.8282,,,,,,,,,,,2026-08-21T03:22:00Z
2026-05-07,reconstructed,694.940002,71.339996,17.08,618.8704,617.422299,606.56825,True,12.291685,12.555054,14.569136,49.801587,0.430905,0.572132,-0.119295,-0.321368,True,0.8122,,,,,,,,,,,2026-08-21T03:22:00Z
2026-05-08,reconstructed,711.22998,76.279999,17.190001,620.9102,618.398398,607.305349,True,14.546352,15.011614,17.112418,51.587302,0.461413,0.586527,0.0,0.0,True,0.7585,,,,,,,,,,,2026-08-21T03:22:00Z
2026-05-11,reconstructed,713.289978,76.959999,18.379999,623.0302,619.425898,608.046749,True,14.487224,15.153399,17.308411,64.087302,0.462916,0.568962,0.0,0.0,True,0.7561,,,,,,,,,,,2026-08-21T03:22:00Z
2026-05-12,reconstructed,707.23999,74.959999,17.99,625.013199,620.380798,608.751099,True,13.156009,14.000948,16.178844,59.722222,0.475103,0.573273,-0.848181,-2.598753,True,0.7367,,,,,,,,,,,2026-08-21T03:22:00Z
2026-05-13,reconstructed,714.710022,77.239998,17.870001,627.2758,621.523799,609.483949,True,13.938721,14.993187,17.264782,58.730159,0.468965,0.574685,0.0,0.0,True,0.7463,,,,,,,,,,,2026-08-21T03:22:00Z
2026-05-14,reconstructed,719.789978,78.949997,17.26,629.456599,622.630599,610.246599,True,14.35101,15.604659,17.950674,52.18254,0.469181,0.574747,0.0,0.0,True,0.746,,,,,,,,,,,2026-08-21T03:22:00Z
2026-05-15,reconstructed,708.929993,75.339996,18.43,631.457,623.549399,610.951149,True,12.268926,13.692675,16.0371,64.285714,0.512237,0.584059,-1.508771,-4.572515,True,0.6833,,,,,,,,,,,2026-08-21T03:22:00Z
2026-05-18,reconstructed,705.880005,74.32,17.82,633.5796,624.416099,611.655499,True,11.411416,13.046414,15.404833,57.539683,0.51525,0.584559,-1.932504,-5.864468,True,0.6793,,,,,,,,,,,2026-08-21T03:22:00Z
2026-05-19,reconstructed,701.530029,72.93,18.059999,635.455,625.210299,612.393749,True,10.398066,12.207049,14.555387,60.714286,0.520254,0.580034,-2.536844,-7.625075,True,0.6727,,,,,,,,,,,2026-08-21T03:22:00Z
2026-05-20,reconstructed,713.150024,76.510002,17.440001,637.5626,626.102499,613.138999,True,11.855687,13.903079,16.311314,53.571429,0.520378,0.584164,-0.922485,-3.090557,True,0.6726,,,,,,,,,,,2026-08-21T03:22:00Z
2026-05-21,reconstructed,714.51001,76.949997,16.76,639.699,627.008699,613.910199,True,11.69472,13.955358,16.386731,44.444444,0.509832,0.579825,-0.733543,-2.533249,True,0.6865,,,,,,,,,,,2026-08-21T03:22:00Z
2026-05-22,reconstructed,717.539978,77.839996,16.700001,642.1046,627.975399,614.661299,True,11.748145,14.262434,16.737458,43.055556,0.484181,0.57312,-0.312591,-1.405954,True,0.7229,,,,,,,,,,,2026-08-21T03:22:00Z
2026-05-26,reconstructed,730.280029,81.949997,17.01,644.835801,629.0839,615.466499,True,13.25054,16.086269,18.654716,47.619048,0.503999,0.579021,0.0,0.0,True,0.6944,,,,,,,,,,,2026-08-21T03:22:00Z
2026-05-27,reconstructed,729.450012,81.669998,16.290001,647.417201,630.2353,616.240999,True,12.67078,15.742487,18.370899,34.52381,0.481136,0.579484,-0.113657,-0.34167,True,0.7274,,,,,,,,,,,2026-08-21T03:22:00Z
2026-05-28,reconstructed,735.599976,83.68,15.74,650.063,631.460099,617.054749,True,13.158259,16.491917,19.21146,26.587302,0.48216,0.57392,0.0,0.0,True,0.7259,,,,,,,,,,,2026-08-21T03:22:00Z
2026-05-29,reconstructed,738.309998,84.559998,15.32,652.9312,632.6633,617.846049,True,13.076232,16.698724,19.497405,21.428571,0.480509,0.569271,0.0,0.0,True,0.7284,,,,,,,,,,,2026-08-21T03:22:00Z
2026-06-01,reconstructed,742.73999,86.040001,16.049999,655.925599,633.8565,618.658049,True,13.235402,17.17794,20.056628,30.952381,0.478243,0.568194,0.0,0.0,True,0.7318,,,,,,,,,,,2026-08-21T03:22:00Z
2026-06-02,reconstructed,746.159973,87.220001,15.77,659.207599,635.077899,619.489399,True,13.190439,17.491094,20.447577,26.785714,0.472236,0.556476,0.0,0.0,True,0.7412,,,,,,,,,,,2026-08-21T03:22:00Z
2026-06-03,reconstructed,744.210022,86.559998,16.059999,662.331799,636.3153,620.323749,True,12.362116,16.956173,19.971228,30.952381,0.470732,0.554583,-0.261332,-0.756711,True,0.7435,,,,,,,,,,,2026-08-21T03:22:00Z
2026-06-04,reconstructed,740.609985,85.220001,15.4,665.464399,637.454899,621.141249,True,11.292202,16.182335,19.233747,22.420635,0.44328,0.556693,-0.743807,-2.293052,True,0.7896,,,,,,,,,,,2026-08-21T03:22:00Z
2026-06-05,reconstructed,705.059998,73.050003,21.51,667.809199,638.233799,621.820149,True,5.57806,10.470489,13.386483,82.936508,0.698382,0.638248,-5.508199,-16.246271,True,0.5012,,,,,,,,,,,2026-08-21T03:22:00Z
2026-06-08,reconstructed,716.070007,76.269997,18.92,670.6548,639.1321,622.570999,True,6.771771,12.037873,15.018208,67.460317,0.671511,0.630787,-4.032643,-12.554465,True,0.5212,,,,,,,,,,,2026-08-21T03:22:00Z
2026-06-09,reconstructed,707.830017,73.720001,19.870001,673.5598,640.0149,623.293749,True,5.087925,10.595865,13.562829,75.0,0.681552,0.634162,-5.136962,-15.478101,True,0.5135,,,,,,,,,,,2026-08-21T03:22:00Z
2026-06-10,reconstructed,693.690002,69.269997,22.219999,676.267999,640.734,623.902349,True,2.576198,8.264897,11.185669,85.119048,0.708509,0.64756,-7.032,-20.580147,True,0.494,,,,,,,,,,,2026-08-21T03:22:00Z
2026-06-11,reconstructed,717.119995,76.010002,19.440001,679.066799,641.692599,624.636349,True,5.603749,11.754444,14.805998,71.626984,0.785834,0.673285,-3.891924,-12.852556,True,0.4454,,,,,,,,,,,2026-08-21T03:22:00Z
2026-06-12,reconstructed,721.340027,77.519997,17.68,681.8074,642.8254,625.379999,True,5.79821,12.21399,15.344275,54.761905,0.785042,0.665086,-3.326357,-11.121308,True,0.4458,,,,,,,,,,,2026-08-21T03:22:00Z
2026-06-15,reconstructed,744.0,84.589996,16.200001,684.9878,644.102599,626.232549,True,8.615073,15.509548,18.805706,32.142857,0.827889,0.684566,-0.289479,-3.015369,True,0.4228,,,,,,,,,,,2026-08-21T03:22:00Z
2026-06-16,reconstructed,729.859985,79.93,16.41,687.815,645.193599,626.996449,True,6.112833,13.122633,16.405761,36.904762,0.854365,0.68371,-2.184517,-8.358176,True,0.4097,,,,,,,,,,,2026-08-21T03:22:00Z
2026-06-17,reconstructed,722.51001,77.540001,18.440001,690.4934,646.1915,627.756999,True,4.636773,11.81051,15.0939,63.293651,0.859405,0.687084,-3.169557,-11.098372,True,0.4073,,,,,,,,,,,2026-08-21T03:22:00Z
2026-06-18,reconstructed,740.619995,82.870003,16.4,693.183999,647.343099,628.631999,True,6.843204,14.40919,17.814555,36.111111,0.875606,0.694191,-0.742465,-4.987386,True,0.3997,,,,,,,,,,,2026-08-21T03:22:00Z
2026-06-22,reconstructed,737.950012,82.580002,17.280001,695.739199,648.411299,629.471399,True,6.067045,13.808938,17.233287,50.198413,0.876184,0.69477,-1.100295,-5.31988,True,0.3995,,,,,,,,,,,2026-08-21T03:22:00Z
2026-06-23,reconstructed,713.650024,74.440002,19.49,697.7908,649.2156,630.163499,True,2.272776,9.924966,13.248391,72.02381,0.949424,0.710747,-4.356968,-14.652601,True,0.3686,,,,,,,,,,,2026-08-21T03:22:00Z
2026-06-24,reconstructed,710.619995,73.300003,18.629999,699.655399,650.0275,630.836299,True,1.567142,9.321528,12.64729,64.880952,0.929289,0.697738,-4.763051,-15.95964,True,0.3766,,,,,,,,,,,2026-08-21T03:22:00Z
2026-06-25,reconstructed,716.380005,74.949997,18.889999,701.411,650.9726,631.523849,True,2.134128,10.047643,13.43673,66.071429,0.934011,0.694328,-3.991097,-14.067879,True,0.3747,,,,,,,,,,,2026-08-21T03:22:00Z
2026-06-26,reconstructed,706.52002,71.830002,18.41,702.7934,651.7764,632.153899,True,0.530258,8.399141,11.763927,62.301587,0.938003,0.678466,-5.312527,-17.645035,True,0.3731,,,,,,,,,,,2026-08-21T03:22:00Z
2026-06-29,reconstructed,724.080017,77.190002,17.65,704.465601,652.852,632.870799,True,2.784297,10.910285,14.411981,53.571429,0.979572,0.689121,-2.959145,-11.499654,True,0.3573,,,,,,,,,,,2026-08-21T03:22:00Z
2026-06-30,reconstructed,736.400024,81.0,16.450001,706.216602,654.1585,633.632399,True,4.273961,12.57211,16.218808,36.111111,0.994698,0.693421,-1.308024,-7.131393,True,0.3519,,,,,,,,,,,2026-08-21T03:22:00Z
2026-07-01,reconstructed,725.169983,77.459999,16.59,707.784202,655.4399,634.324949,True,2.456368,10.638669,14.321529,38.293651,1.004182,0.702408,-2.813068,-11.190096,True,0.3485,,,,,,,,,,,2026-08-21T03:22:00Z
2026-07-02,reconstructed,712.599976,73.349998,16.15,709.149601,656.469399,634.929549,True,0.486551,8.550372,12.23292,29.365079,1.019206,0.714146,-4.497695,-15.902319,True,0.3434,,,,,,,,,,,2026-08-21T03:22:00Z
2026-07-06,reconstructed,722.820007,76.419998,15.57,710.503801,657.554399,635.587749,True,1.733447,9.925507,13.72466,20.238095,1.032558,0.698959,-3.128011,-12.382484,True,0.339,,,,,,,,,,,2026-08-21T03:22:00Z
2026-07-07,reconstructed,709.429993,72.230003,16.129999,711.664001,658.534,636.184899,True,-0.313913,7.728681,11.513177,28.373016,0.915611,0.710541,-4.922534,-17.186422,True,0.3823,,,,,,,,,,,2026-08-21T03:22:00Z
2026-07-08,reconstructed,711.440002,72.720001,16.9,712.615201,659.5173,636.765499,True,-0.164914,7.872834,11.727159,43.650794,0.901808,0.710511,-4.653154,-16.624627,True,0.3881,,,,,,,,,,,2026-08-21T03:22:00Z
2026-07-09,reconstructed,723.280029,76.339996,15.84,713.796202,660.7437,637.38515,True,1.328646,9.464537,13.476134,23.611111,0.910275,0.714287,-3.066359,-12.474209,True,0.3845,,,,,,,,,,,2026-08-21T03:22:00Z
2026-07-10,reconstructed,725.51001,77.029999,15.03,715.155403,661.9796,638.0017,True,1.447882,9.597034,13.716,12.896825,0.878682,0.707718,-2.767498,-11.683103,True,0.3983,,,,,,,,,,,2026-08-21T03:22:00Z
2026-07-13,reconstructed,711.73999,72.639999,17.16,716.158802,663.084,638.569399,True,-0.617016,7.337832,11.458518,46.626984,0.837571,0.715918,-4.61295,-16.716351,True,0.4179,,,,,,,,,,,2026-08-21T03:22:00Z
2026-07-14,reconstructed,719.690002,75.019997,16.5,717.197803,664.223,639.18735,True,0.347491,8.35066,12.594532,36.111111,0.843055,0.717903,-3.547493,-13.987623,True,0.4152,,,,,,,,,,,2026-08-21T03:22:00Z
2026-07-15,reconstructed,717.73999,74.440002,15.67,718.069602,665.365701,639.808399,True,-0.045902,7.871504,12.180458,20.039683,0.770677,0.715193,-3.808832,-14.652601,True,0.4541,,,,,,,,,,,2026-08-21T03:22:00Z
2026-07-16,reconstructed,705.940002,70.739998,16.73,718.730802,666.337001,640.35825,True,-1.779637,5.943389,10.241416,40.47619,0.766282,0.72344,-5.390261,-18.894752,True,0.4568,,,,,,,,,,,2026-08-21T03:22:00Z
2026-07-17,reconstructed,695.330017,67.529999,18.77,719.005203,667.276201,640.84125,True,-3.29277,4.204228,8.502694,65.47619,0.77488,0.729889,-6.812206,-22.5751,True,0.4517,,,,,,,,,,,2026-08-21T03:22:00Z
2026-07-20,reconstructed,696.059998,67.650002,18.65,719.011002,668.158101,641.3197,True,-3.192024,4.175942,8.535571,64.68254,0.724313,0.723792,-6.714375,-22.437514,True,0.4832,,,,,,,,,,,2026-08-21T03:22:00Z
2026-07-21,reconstructed,708.969971,71.370003,17.049999,719.291602,669.081001,641.8483,True,-1.434972,5.961755,10.45756,44.444444,0.759221,0.730379,-4.984186,-18.172436,True,0.461,,,,,,,,,,,2026-08-21T03:22:00Z
2026-07-22,reconstructed,705.349976,70.279999,16.639999,719.174001,670.042101,642.3464,True,-1.922209,5.269501,9.808349,38.293651,0.677995,0.723223,-5.469336,-19.422153,True,0.5162,,,,,,,,,,,2026-08-21T03:22:00Z
2026-07-23,reconstructed,691.960022,66.300003,18.700001,718.747402,670.888801,642.7903,True,-3.726953,3.140792,7.649419,64.880952,0.704109,0.733468,-7.263851,-23.985322,True,0.4971,,,,,,,,,,,2026-08-21T03:22:00Z
2026-07-24,reconstructed,684.22998,64.0,18.58,718.287202,671.650201,643.172899,True,-4.741449,1.872966,6.383522,62.896825,0.704743,0.734343,-8.299828,-26.622335,True,0.4966,,,,,,,,,,,2026-08-21T03:22:00Z
2026-07-27,reconstructed,682.119995,63.400002,18.67,717.635402,672.455601,643.560949,True,-4.948949,1.43718,5.991514,64.484127,0.692882,0.733885,-8.582607,-27.310249,True,0.5051,,,,,,,,,,,2026-08-21T03:22:00Z
2026-07-28,reconstructed,675.48999,61.560001,18.209999,716.749402,673.103,643.881199,True,-5.756463,0.354625,4.909103,58.928571,0.629011,0.734519,-9.471157,-29.419857,True,0.5564,,,,,,,,,,,2026-08-21T03:22:00Z
2026-07-29,reconstructed,661.72998,57.75,20.66,715.805402,673.631201,644.136349,True,-7.554486,-1.766726,2.731352,79.166667,0.612329,0.743264,-11.315267,-33.788123,True,0.5716,,,,,,,,,,,2026-08-21T03:22:00Z
2026-07-30,reconstructed,683.549988,63.299999,17.09,715.358801,674.4692,644.606599,True,-4.446554,1.346361,6.041419,44.246032,0.720227,0.769304,-8.39096,-27.424904,True,0.486,,,,,,,,,,,2026-08-21T03:22:00Z
2026-07-31,reconstructed,687.98999,64.620003,15.99,715.088,675.2715,645.036499,True,-3.789465,1.883463,6.659079,24.206349,0.708041,0.766512,-7.795913,-25.911486,True,0.4943,,,,,,,,,,,2026-08-21T03:22:00Z
2026-08-03,reconstructed,700.070007,67.959999,15.86,714.8264,676.1945,645.546849,True,-2.064332,3.530864,8.446042,22.420635,0.717537,0.763251,-6.176955,-22.082093,True,0.4878,,,,,,,,,,,2026-08-21T03:22:00Z
2026-08-04,reconstructed,723.849976,74.82,16.5,715.013199,677.3561,646.154999,True,1.23589,6.864023,12.024201,34.920635,0.783729,0.790571,-2.989975,-14.216924,True,0.4466,,,,,,,,,,,2026-08-21T03:22:00Z
2026-08-05,reconstructed,717.299988,72.839996,15.81,715.0084,678.5565,646.741549,True,0.320498,5.709692,10.909835,21.428571,0.790402,0.780072,-3.867801,-16.48705,True,0.4428,,,,,,,,,,,2026-08-21T03:22:00Z
2026-08-06,reconstructed,714.650024,72.029999,15.15,714.6958,679.7658,647.295149,True,-0.006405,5.1318,10.405589,12.698413,0.770098,0.780221,-4.222948,-17.415733,True,0.4545,,,,,,,,,,,2026-08-21T03:22:00Z
2026-08-07,reconstructed,723.030029,74.470001,14.9,714.5674,680.9923,647.852599,True,1.184301,6.173011,11.604095,9.126984,0.779723,0.78132,-3.099864,-14.618207,True,0.4489,,,,,,,,,,,2026-08-21T03:22:00Z
2026-08-10,reconstructed,720.869995,73.800003,15.46,714.2728,682.1679,648.400049,True,0.923624,5.673397,11.176734,17.460317,0.751767,0.779173,-3.389351,-15.386377,True,0.4656,,,,,,,,,,,2026-08-21T03:22:00Z
2026-08-11,reconstructed,718.450012,73.059998,15.28,713.875601,683.4034,648.96485,True,0.640786,5.128247,10.707076,14.087302,0.74372,0.778134,-3.713676,-16.234813,True,0.4706,,,,,,,,,,,2026-08-21T03:22:00Z
2026-08-12,reconstructed,723.700012,74.599998,14.55,713.494801,684.7102,649.53045,True,1.430313,5.694352,11.418951,5.555556,0.746928,0.773435,-3.010073,-14.469161,True,0.4686,,,,,,,,,,,2026-08-21T03:22:00Z
2026-08-13,reconstructed,732.070007,77.150002,14.63,713.213002,686.2103,650.1053,True,2.643951,6.68304,12.607913,6.150794,0.730366,0.77578,-1.88833,-11.545517,True,0.4792,,,,,,,,,,,2026-08-21T03:22:00Z
2026-08-14,reconstructed,731.070007,76.790001,14.25,712.950201,687.641,650.6202,True,2.541525,6.315651,12.365095,4.166667,0.706794,0.774728,-2.02235,-11.958267,True,0.4952,,,,,,,,,,,2026-08-21T03:22:00Z
2026-08-17,reconstructed,729.869995,76.400002,15.19,712.735402,689.099901,651.10495,True,2.404061,5.916427,12.097135,13.888889,0.707931,0.768607,-2.183175,-12.405411,True,0.4944,,,,,,,,,,,2026-08-21T03:22:00Z
2026-08-18,reconstructed,717.51001,72.529999,15.84,712.984402,690.396801,651.51365,True,0.634742,3.927192,10.129697,23.809524,0.712302,0.775819,-3.839654,-16.84247,True,0.4914,,,,,,,,,,,2026-08-21T03:22:00Z
2026-08-19,reconstructed,716.080017,72.059998,14.89,712.984602,691.819701,651.9638,True,0.434149,3.50674,9.834322,9.52381,0.710197,0.775571,-4.031301,-17.381339,True,0.4928,,,,,,,,,,,2026-08-21T03:22:00Z
2026-08-20,live,710.929993,70.480003,16.01,713.046602,693.303201,652.3731,True,-0.29684,2.542436,8.975982,26.388889,0.682213,0.76889,-4.721505,-19.192843,True,0.513,5,📈13,UPTREND,13,Thu 8/20/26,-1.78%,-5.80%,True,0,0,2026-08-21T07:22:45Z
2026-08-21,live,713.440002,71.169998,15.13,713.441602,694.8548,652.7799,True,-0.000224,2.674689,9.292581,13.095238,0.666927,0.769214,-4.385115,-18.401746,True,0.5248,5,📈13,UPTREND,13,Thu 8/20/26,-1.78%,-5.80%,True,0,0,2026-08-21T21:50:10Z
